text,label
Aku terbangun jam 2 mlm tiba2 ingat debat ini,0
this year everything is proven,0
"gua balik lagi kesini, gara gara konoha mulai hancur berantakan",0
Hanya Pak Anis yg bahas isu lingkungan di debat capres. Yg lain haya ttg pertahanan.,0
Formula one itu pakai uang pendidikan atau perindustrian.,0
awokawokawok,0
11 Juni 2025. Msh suka lihat ini.,1
ELEHH... nih.. si paling Tebar manis. COBA. NIH ULAH RAKYAT 58%,0
hadeh,0
Selesai sudah 😔,0
"watching this debate again after the elected president runs his government for months, kinda missing the time when indonesians still had the chance to achieve a change for a better life.",0
Wow dijadiin tugas,0
Presiden terbaik Iwan fals,0
Namun cinta sama pak prabowo,1
Pak Anis sosok terbaik,0
"Dikasih yang pinter, pada milih yang kosong",0
"Omon"" 😂",1
Sudah lah nis prabowo sudah di lantik,0
Hbs ntn live pelantikan pak prabowo kmrn skrng balik ntn debat capres lg cm mau ntn cak imin 😂😂😂,1
16% :face-blue-smiling:,0
Rindubuatdankanbakusla,0
Info dialog nya bro,0
pertalite,0
Perema madura halos,0
[[[[[[ R - BO ]]]]]],0
"Indonesia
MUSIC
Senin, 22 Juli | 21:30 WIB",0
"Indonesia 
MUSIC
Minggu, 21 Juli | 20:00 WIB",0
"LIVE, Senin - Jum'at | 13:00 WIB
Kuis Mendadak Jutaan 
Music",0
• L I V E,0
"LIVE, Sabtu & Minggu | 21:30 WIB
Music JFK km",0
"LIVE, Senin - Jum'at | 20:00 WIB
SBB MUSIC",0
"Senin, Rabu Kamis & Jum'at
Pukul 21:30 WIB
Selasa 
Pukul 21:30 WIB
Sabtu & Minggu
Pukul 20:00 WIB
TV NASIONAL BOLLYWOOD PLATINUM",0
04 DR ENGLISH A.S ❤ DR. MURANG CHEF S.KED❤,0
0303,0
Proses ulng kelihatan 1234 siyapa yg tenggelam ke dsr laut.,0
"|||| TV NASIONAL BOLLYWOOD PLATINUM
|||| DAERAH ERUPSI 
   ||||||||||||||||||||||||",0
"| TV NASIONAL |||| Malam Ini / 22:30 WIB 
                                ||||||||||||||||||||||||||||||||||||||||||||",0
"Sabtu & Minggu / 21:30 WIB • LIVE
JFK OHKA",0
"KILAU KONSER
TV NASIONAL BOLLYWOOD PLATINUM

Senin Rabu Kamis Jumat / 21:30 WIB
Selasa / 21:30 WIB
Sabtu & Minggu / 20:00 WIB",0
"ABB FIA formula WORLD CHAMPIONSHIP
FOOTBALL CLUBS [[[[[[[[[[[[[[[[[[[[[[[[[[[[[[[[[[[[[[[[
]]]]]]]]]]]]]]]]]]]]]]]]]]]]]]]]
3 Juni - 22 Juli ]]]]]]]. NET. & TV NASIONAL
]]]]]]]]]]]]]]]]]]]]]]]] LIVE",0
frfr,0
​ @mxqrrbn_art9258 no insecure cute remove surat mati korban meninggal gizi buruk Umar Bin Khattab di Vatikan pak. Jangan hanya memikirkan Jangan.. Jangan cemburu buta di Negara Israel 🇮🇱. Saya musuh negara tidak hogeng santoso atau Yohanes sugeng riyadi. Sugeng rawuh dan ndalu.,0
"Senin 6 Mei 2024, 21:30 WIB
MUSICIAN
ERUPSI
TV NASIONAL BOLLYWOOD PLATINUM",0
)))))) DW )))))),0
"""SBB"" 
Malam Ini
Mulai Senin 6 Mei, 20:00 WIB • LIVE",0
"Senin, Rabu Kamis & Jum'at | 21:30 WIB
Selasa | 21:30 WIB
Sabtu & Minggu | 20;00 WIB

TV NASIONAL BOLLYWOOD PLATINUM PILIHAN",0
"Mungkin kedepannya bisa di maksimal kan, untuk mencuri hati rakyat😁",0
"Prab w jadi sorotan warganet, waspada musim pemberontakan kepada kedutaan presiden",0
Pa ganjar sama pa anis bobo ajalah nyerang orang mulu😂,1
Prabowo❤,0
"Dia ikut capres 5 kali tidak menang,baru yang ke enam kali nya dia menang sekarang, prab w orang paling kaya menurut saya",0
"2 periode saya memilih pak wo, tp kali ini maaf, karena pak wo cm d jadikan boneka untuk dinasti joker dan antegnya pengkhianat bangsa",0
"Semoga AMIN lgsg umum bebas rahasia, tp knp presiden dan antek2nya memaksa untuk coblos 02?",0
"😅 Ganjar mana Megawati puan Maharani, korupsi itu",0
bapak Prabowo Subianto adalah 🎉🎉 presiden,0
"🤢🤢🤢🤮🤮🤮🤮🤮 udah menang aja buzzernya masih dimana mana, ampas.",0
Prab w kalah kasihan🤧,0
The real sengkuni,0
"Akhirnya anis dan ganjar membawa kekalahan..,,selamat saya ucapkn karena udah pintar ngomong dan apa yg merwka dpt oleh 01 dan 03 rasa sakit nggak bisa tidur",1
7,0
1.52 metode leadership,0
1.18 negativity hutang,0
01 jika punya program .  Sampaikan dn buktikan... JGN MENJATUHKAN,0
01  trnyta jahat... hrsnya jd panutan...,0
"Anies sudah sadar Prabowo jadi Syiwa, dewa yang utama",0
Pintar ngomong kinerjanya sendiri nda sesuai dengan omongannya,1
Anis baru mulai udah nyerang . Anjir ganas banget corotnya  ..,0
"Penyakit atau virus negara yang korupsi,jin negara yang korupsi,jin ifrid dan jin Idris berkeliaran di negara",0
Jelas bgt anis ganjar hnya omon2..,1
Saya berharap pak prabowo bs jd presiden berikutnya .. Sy merasakan ketulusan pak prabowo utk Indonesia..,0
Salut sm pak prabowo..,1
"Muak dengan ketawa anis,,",0
"kayaknya sinis banget Si anis,, apa ada dendam intern ya",0
anies anies makan tu karma ..,0
solo vs squad.. debat apaan ini,0
tv one JANCOK maen potong perkataan bapak prabowo. !,0
💋💋💋❤ prab w,0
"Kalau anis ngomong atau ikut rapat dunia, takut nya pada mau ngebom Indonesia lagi karena songong dan sok pinter",0
Mantap prab w asu kan semua nya gok gok gok,1
"Apa ya yg disukai dr anis ini, astaghfirullah haladzim ga paham lagi, kok ada ya manusia kaya gini",0
"Pak, bukti nyata tanpa omong kosong, dan janji2 manis itu hanya bisa dilakukan oleh bapak,
01 sangatlah merasa pintar sehingga dia rela menjatuhkan orang yang pernah menolong dia tanpa harus dikembalikan, astaghfirullah haladzim ada ya manusia macam itu",0
Preeeet 🤢,0
"Ganj p sudah kalah anis kalah sekarang mereka ronde cawapres, kapan penyerbuan di balai kota presiden, lebih jantan prab w ketika tawuran melawan geng jokowi, sekarang geng jokowi bersatu dengan geng prab w,sak lawase kalau tidak korupsi gua doakan lagi kalau ikut capres",1
ganjar ini aslinya gen kulitnya hitam tp ganjar rutin perawatan 🤣,1
Ganjarukem dan anisa soryyy...yyeee..,0
Anis cerdas sekali berbicara,1
Nanya tentang pertahanan ke menteri pertahanan sekaligus tentara Indonesia. 01 03 kan bukan org militer mana ngerti ttg Perang. 🤣,1
"Inilah yang membuag banyak orang memilih Prabowo ... Dan terbukti kan sekarang ...
Saya waktu awal awal masih ngambang milih siapa ... Tapi setelah berkali kali debat Capres serta debat cawapres .. hati nurani saya langsung melihat dengan jelas bahwa Hanya Paslon 02 Prabowo Gibran yang memilikk kejujuran dan keihlasan hati untuk maju sebagai Presiden dan wakil ... 
Mantaplah saya milih 02 ...
Dan alhamdulilah ALLAH memberikab jawaban yang sesuai harapan saya
Terima kasih ALLAH .... 02 PRESIDEN DAN WAKIL PRESIDEN REPUBLIK INDONESIA",1
"Siapapun presidennya
Kita tetap jadi kuli dunia😅😅",0
"ANIS ASU EDAN juara nya bacot dan ganjar bnar bnar tak ber etika brani brani nya buka rasia negara di dpan publik sungguh tak tau malu ,terlihat jlas dimata nya ingin memenang kn pemilu dan menghalal kn sgala cara sok bersih pdahal dia lbih mnjijik kn CUHHHH ,sala waras pilihn ku tetap pak prabowo 02✌✌✌✌✌",0
"Ganjar Pranoto kalah anies qaswedan juga kalah,prab w banyak uang nya ikut capres 3 kali sekarang menang, apakah punya dendam sama rakyat,plis jangan dendam sama rakyat, tolong jangan korupsi, subur kan Indonesia dengan hujan uang, gua dukung lhu lagi jadi presiden yang akan datang asal hujan uang nya deras",1
"Nonton debat setelah pemilu, tapi menurut saya mah yang paling mending debatnya ya pak anies ya😅",0
"Pak Prabowo lengkap..
Salam pembukaan lengkap Islam, Kristen, hindu, Buddha.",0
Topiknya yang terpilih kayak disengaja banget buat menyudutkan pak prabowo dengan alih-alih debat,0
Si Anies mbulet kayak benang kusut 😊😂,1
pd dikti now,0
"Kayak nyari"" kesalahan",0
Ini Anis parah banget terlalu menyerang pribadi etika nya udah kelihatan kamu Anis  tadi nanyak etika tapi etika anda  ngaca dulu ya,0
"Flash back liat debat presiden ini
01 & 03 presiden koq doyan nyinyir yaa 🤣🤣🤣

01 & 03 ketauan bodohnya yaa
Sangat wajar kalo hasil pemilunya jauh di bawah rata-rata
Kasian banget ini paslon 01 & 03
Kabar terakhir pendukungnya pada demo karna merasa dicurangi wkt pemilu 🤣🤣🤣

Kasian banget yaa.. harusnya para pendukung 01 & 03 berkaca dari video debat capres ini
Bukan malah teriak-teriak pemilu curang
Kasian banget deeh 🤣🤣🤣",0
"Ini Anis ngapain nanyak pribadi ya ,kampret bnget",0
"Semangat pak prabowo, makasih udah berjuang sampai pak prabowo jadi presiden🎉🎉❤❤",0
"Anis ini nyalain orang truss😂  tapi dia GK ngaca apa kabar Lo untuk jadi gubernur Jakarta 😂 GK ada hujan aj bisa banjir😂😂 yaallah dulu aku milih dia Lo jadi gubernur nyesel aku sumpah 😢 janji"" palsu!",1
Amin 🤲,0
Mamam tuh joget 😂,1
"? itu udah disampaikan, otak lo yang ga mampu mencerna",0
"Pak Prabowo maju sebagai capres dengan wakil nya Gibran yg melanggar kode etik , itu sudah cara pak Prabowo menghalalkan segala cara untuk bisa menang di pilpres 2024",1
"yang lu pilin, ngehalalin SEGALA cara buat nyalon, nabrak MK, NYOGOK KPU, malu. minimal malu ngomong kaya gini",0
Mantap 😅,1
Prabowo ❤,0
P ANIS GANJAR 17/100 25/100,0
"Dulu saya .pilih 01 .tp setelah deban suka mengolok"" hati saya jadi berpaling 02",1
Emang prestasi ganjar apa sih😂,1
"Berdirilah tanpa menjatuhkan, lucu aja liat 01 sama 03.banyak pake data ujungnya kalah juga😂😂😂😂😂😂
Wkwkwkkk kasian",1
Plb.,0
"03 gayane... 🤣
akhirnya nyungsep😂",1
aduh gak taat aturan bahh,0
"justru gaza rakyat yg paling kuat pak, 70an taon gak bisa dijinakin oh bapak🤦🏻‍♀️",0
"Brahma Wisnu Syiwa sudah berkumpul, pujilah dewa rakyat wahai capres",0
Ganjar baperannnnn,0
Kesetiaan kepada rakyat kata Bpk Prabowo,0
Duh pak prabowo tinggal jawab apa yg di tanya oleh pak anis malah ngeles gak pantas bahas etik tinggal jelaskan bukan lari😅,0
seperti omongan maniss aja *amin,0
"Kata Prabowo inflasi kita rendah,liat sekarang, inflasi kita tinggi pak, Prabowo nggk tau apa,apa arti dari kata inflasi 😂😂",1
"Saya dulu punya cita-cita pertama yang di impikan yaitu jadi pemain sepakbola profesional, kalo impian saya tercapai masuk timnas Garuda, bermain di Eropa, juara Piala AFF/Asia sudah berjanji sepenuhnya..... saya akan memeberikan hukuman yang setimpal bagi para koruptor, membangun rumah sakit, sekolah, masjid, dan bantuan sosial bagi orang tidak mampu, itu lewat sepakbola yang saya cita-citakan dan impikan. Yaeahh sekarang apalah dayaku ini, hanya sebatas angan-angan saja yang bekerja seorang buruh pabrik hanya sebuah mencari uang, daripada menganggur tiada guna dirumah, hidup memang tidak adil jadi biasakanlah seperti diriku.🥺💔🥀",1
Waduh serius nyesel gak nonton debat pertama capres.😭💔,0
Sayang banget gua golput😢😢,0
Cobaa aja pak bowo mau ungkit² kekurangan/kegagalan anis dn ganjar😂🤣 auto sangat memalukan😭😭😭😂,0
ayo madyarakat ibdonesia  satukn hati n pilhan  no 2 Prabowo Gibran,0
lu yg gatau apa2 jelas2 ini debat in pak prabowo bukan debat soal negara,0
Bukti kerja kmariny apppaa yaa... NYATA3 SMPE AKRG INDO GK MERDEKA MASIH DIJAJAH JGA EKONOMINYA N HANCUR BUMN NYA SEMUA DIJUAL KE CINA..,0
Konsisten dan ikhtiar dari bulan juni 2023 tetap pak prabowo❤,0
01,0
"Alhamdulillah..
Semoga Terwujud Presiden Jujur Cerdas Amanah Berani.. Untuk Indonesia..
Aamiin...",1
Prabowo no anies yes,0
02 🔥🔥,0
abah anis ❤,0
"di derah saya pengurus²nya merasa menjadi org² yg mampu, tanpa melihat masyarakat yg ada d lingkungannya
pengurus dari mulai Rt / RW / DESA termasuk pegawai²nya pada cuek ketika saya mau mendaftarkan DTKS sudah hampir 2th lebih belum ada hasil entah tdk d proses pengajuan saya sama pekerja DESA , saya mencoba menghubungi pegawai desa itu mengabaikan tdk merespon
saya harap abah anis bisa membereskan keluhan saya , tgl 8 Abah Anis k garut, semoga selalu d beri kesehatan dan kelancaran, yassarallahu umuurakum Abah
desa tanjung kemuning tarogong kaler garut",0
"Mantap pa,Prabowo",1
Uu,0
✌✌✌✌✌✌,0
"wes pak prabowo jawaben dari hati aja, santai aja,  selanjutnya sampean tak coblos...",0
"01 presiden, perubahan perlu",0
Semua nya omong kosong 😂😂😂😂,0
❤,0
1,0
Amin ttp pilihan ku,0
❤❤❤❤ 01 Anis menang 1 putaran,1
"Klo sya nilai dari debat debat yg sudah dilakukan, ganjar smakin berani ngomong, anis masih tetap dalam berbicara, prabowo semakin bernaluri meyakinkan masyarakat.
Tapi temanya seperti itu itu aja rasanya sampe ada jawaban yg terulang.",1
Pak Bowoo,0
Kalau dah bawa² Palestina jadi topiik. I dah habak dah akhirnya. Tau bgt org indonesia sensitif sama topik tu,0
"bagaimana jia pak prabowo nanti maf sudah tidak kuat? 🙏 saya mungkin tidak memihak siappun, tp melihat beliau sudah semakin tua. aoakah klian tidak berfikir? hehe",0
prabowo presidenku,0
"Emas semakin digosok akan semakin mengkilap, semakin yakin keiklasan hati utk memilih pak prabowo sebagai presiden RI 2024.",0
"Kita benar harus kuat bertekat sama sama seluruhnya seperti dulu tekat ingin merdeka.dulu kita tertindas terjajah karna paktur ekonomi & kebodohan/pembuduhan yg di samarkan.kini pun kita ingin merubah tarap ekonomi/ingin memperbaiki ekonomi,jangan sampai terjadi/terulang pembodohan,/penyAmaran... dalam tanda kutif....!!!!🙏🙏",1
"Jgn pilih 01sdh jelas di hatinya selalu  menyerang dan menyakiti hati lawan debat , visi misi yg di sampaikan selalu gk masuk akal ,,dan omon omon kosong",0
"Visi misi dan program yg di sampaikan Anis Baswedan, terlalu dungu gk masuk akal, seharusnya debat yg di sampaikan malam hari harus lebih berbobot.! Dan ini bisa menarik hat.!i dan bisa jadi perhatian publik yg mau dukung tidak ragu2",1
"1:20:26 misanya, membuat karya seni bambu getah getih yg memakan anggaran 550jt dan hanya bertahan selama 11 bulan dan menjadi sampah...😅",0
✌️✌️,0
Yang ini sudah Lewat bro..ngapain itu aja di tampilkan..yang belum belum itu bro..,0
Debat pilpres pak prabowo selalu emosional tidak memunculkan gagasan utk membawa perubahan dan memperpanjang kerusakan kekuasaan Jokowi kemiskinan utk rakyat indonesia,0
Lier anissss lier ahh kumaha😅,0
"Coba nanti di debat kelima di kasih moment berdebat pakai bahasa asing, kan gda salahnya",0
Dp 0%,0
sama jgh pa ganjar hax bax omongan2 sjh..02 ttap d..atas yg lain k..laut joh😅😅😅😅😅😅😅,0
😂😂😂😂😅😅😅😅kata2mu itu bohong smuax pa anis..😅😅😅,0
P,0
"Gampang saja
Pilih no 1 jika ingin pemerintahan beda dengan yang sekarang karena kelihatannya pak anies menganggap program pak jokowi tidak benar/bagus (koreksi jika salah)
Pilih no 2 jika ingin program"" Pak jokowi dilanjutkan (koreksi juga jika salah)
Kalau no 3 aku kurang tahu jadi bagi yang tahu bisa dimasukkan ke balasan komentar saya",0
Amin,0
"untuk tersangka lain mereka pada punya saksi tapi buat danu cukup repot  karena dia tidak punya saksi satu pun baik sebelum atau pada saat kejadian dan juga sesudah kejadian,",1
"Buktikan kalau jadi presiden suka dekat dengan rakyat, suka mberi, bicara nya tidak menyinggung rakyat",1
"Isi otaknya hnya mnjatukn dg mnjlekkkn ,otak para bnr"" sy bnci kedua org ini,smga stelah kala tdk punya jabatn apa"" mau nunjukin wawasan mala bgurusin prtahanan dg nilai yg bnr"" miris, klo emg prtahanan nilainya satu, mgkin negara ini sd di ambang pnjajahn untuk kedua kalinya",0
"Cinta di mulut to bpk brdua ini , bnr"" ud gk punya akal sehat, pertahanan mau di buka paraaaaaahhh bnr""para",1
"Gua masih di ambang awan dan sinar,harus pilih bintang yang mana",0
"2:12:45 his smile is so.. <3
2:19:00 anies vs omon²
2:20:10 kelazz kingggg
1:50:27 his smile <3
2:10:08 kinerja menhan",0
"Tapi kami tetap akan memilih bapak PraBowo,Bapak PRABOWO & Gibran,jangan takut,jangan panik,kami akan tetap mendukung Bapak PRABOWO & Gibran.",0
"Masyarakat tau siapa yg harus jadi pemimpin,pilih ikut kata Hati & ikut apa yg sudah nampak terbukti,bukan manis mulut bagi janji2 sebelum dpt jambatan, Semoga Presiden INDONESIA bersikap adil,dan buktikan,semoga amanah,Amin",0
"Saya TKI di Malaysia,siapapun jadi Presiden INDONESIA,kami berharap untuk dipermudah& disediakan bagi seluruh rakyat Bangsa Indonesia lowongan pekerjaan tanpa melihat status pendidikan,Batas umur pensiun 60thn seperti warga negara di Malaysia,tidak membedakan Tinggi&Berat Badan, Contoh: Untuk kerja di Restoran saja harus menarik,tidak boleh umur diatas 25thn,harus ada ijazah D1,S1,dan seterusnya,jadi bagaimana bagi kami Rakyat yg tidak mampu untuk sekolah tinggi?????",0
tidak bisa menanggapi dan mudah tersinggung wkwk,1
"Kami anak tambang Lebong, propinsi Bengkulu sepenuh hati siap dukung,  Prabowo Gibran❤️❤️🔥🔥",1
Mustahil banget anis jadi presiden  aku yakin bngt ga bakal jadi presiden    presiden kalo ga pranowo ya prabowo,0
"Politik membawa bencana, bisa membuat musim kemarau uang",0
🤟🤟🤟,0
Pendukung paslon dua gak bisa menyingkapi kayaknya,0
"Gue pilih prab w karena suka memberikan mainan pesawat kepada Indonesia,sayangnya tidak ada kereta tempur",1
"Hanya Pak Jokowi yg bisa menghadapi Bu Mega, walau sebagai anggota partai. Tapi saya belum yakin kalau Pak Anis ke Pak Paloh dan Pak Ganjar ke Bu Mega bisa menghadapi atasan partainya seperti PakJokowi. Just saying. Let's we think about it.",0
Dasar sengkuni 45:33,0
klo saya milih yg tegas terbukti dan punya jasa ke INDONESIA RAYA dari pinter ngomong dan tidak punya jasa di INDONESIA RAYA,1
Anis dan ganjar cocok jd presiden,0
Pak. Perabowo semangat,0
2,0
"semakin memusingkan antara memilih pak ganjar atau pak prabowo.. keduanya memiliki kemungkinan yang baik, tetapi saya sangat menyukai gagasan dan komunikasi pak ganjar untuk menginfluance audiance.. tahun ini saya belum bisa memilih calon presiden, tetapi sebagai anak muda bangsa, saya berharap orang-orang dewasa tidak terpengaruh dalam memilih pemimpin bangsa. saya sangat berharap orang-orang dewasa bisa mewakili suara kami secara pasti terhadap penilaian yang ada, tanpa terpengaruh dengan hasutan media sosial yang saling menjatuhkan. pesan saya, pilihlah yang tidak hanya berfocus pada pangkat tetapi yang berfocus untuk siapa pangkat mereka diperjuangkan, yaitu seluruh rakyat Indonesia TANPA PENGECUALIAN. yang memperdulikan banyak sektor masyarakat dan bukan hanya berfocus pada salah satu sektor saja, karna itulah alasan rakyat memilih seorang pemimpin. NASIB BANGSA ADA DI SUARA KITA, PIKIRKANLAH BAIK-BAIK AKAN KEMANA NEGARA INI DIPIMPIN. MERDEKAAA!!!!!",1
Kemarin malem aku bermimpi prab w menang sumo dengan ganj p,1
"Justru Dengan Mereka sering menjatuhkan Pk prabowo, sneaking Mereka nunjukin kelemahannya... 

Salam 2 jari 😍😍",0
Salut sama pak  prabowo....,1
Nmor 2,0
"Mohon maaf kita kita orang se Indonesia tidak bisa pilih prab w, kita kita pilih sumo",0
Etik yg tertinggi yg disampaikan pak prabowo jdi terbaca kalau pak prabowo tau bgt ttg karakter seseorang yg sesungguhnya.,0
Sy menetapkan pilihan pada pak prabowo. Semoga menang 1 putaran,1
Nomor 2,0
Perbowo presiden ku,0
Ya Mantap Prabowo . Kesindir tuh 01 . Dari cara bicaranya Pak Probowo sdg menahan marah tp good Pak tetap sabar jgn kepancing .,0
Geli gaya ngomongnya Anies,0
cara alloh membukakan hati rakyat agar tidak tertipu .terimakasih ya alloh .inshaalloh 2024 pak prabowo presiden Indonesia. aamiin yaa mujibassailin,0
"satu pesan saya pada pak prabowo ,jika anda terpilih sebagai presiden mohon jangan rangkul anies bawesdan dalam pemerintahan negeri ini .jangan beri dia jabatan apalagi jabatan penting.sebab dia sangat sangat berbahaya dan membahayakan indonesia.kembalikan dia sebagai rakyat biasa.yang hidup dari kerjakeras dan.perjuangan tenaga bukan suara nya bukan pula kelicikannya dalam bersiasat.benar bapak bilang cinta tanah air harus diatas kepentingan pribadi.anies tidak punyai itu dihati dan fikirannya hanya ada ambisi untuk bagaimana menjadi pemenang.saya hanya rakyat kecil.saya cinta Indonesia baik2 saja.jaga Indonesia untuk rakyat Indonesia.agar Indonesia tetap selalu berdiri sebagai tanah air kita tercinta.jangan pilih orang yang tidak jujur.tidak bersih hati dan fikirannya.apalagi mengambil resiko menjadikan pertahanan negara sebagai konsumsi umum adalah sangat2 tidak benar.rumahmu adalah indonesia bagaimana mungkin kamu bisa ceroboh mendedahkan rahasia pertahanan dan keamanan rumahmu.maling tidak mengenal waktu.setiap saat maling menunggu kapan.kamu lalai.alhamdulillah kita masih punyai orang yang.loyal dan berjiwa ksatria seperti pak.prabowo.semoga alloh memberkati setiap perjuanganmu 02 insyaaalloh menang.orang yang paling berbahaya adalah orsng munafik.jangan lah bapak memilihnya sebagai teman.hati2 selalu disetiap langkahmu.semoga bapak selslu sehat dan.panjang.umur.insyaaalloh yaa mujibassailin aamiin.",1
Kami butuh perubahan bersama amin😅,0
Gua pilih pasukan penyerbuan tawuran prab w,0
"tau ga apapun yg di ucapakan pak anies yg di kerjakan pak anies,fakta dan ada bukti nyatapun pedukung paslon 2 tetap tutup mata tutu telinga yg lebih parahnya menutup hatinya.mereka selalu bilang pak anies hanya banyak omong doang janji manis,tapi mereka tidak sadar kan calon yg mereka dukung,apa calon yg mereka dukung sudah membahagiakan rakyat kecil.memilih boleh tapi seharusnya untuk pemimpin indonesia harusnya berpikir banget siapa yg pantas,ini bukan hanya untuk kita,keluarga,saudara maupun cucu kita nanti,setiap kebijakan yg di buat dampaknya akan terasa untuk rakyat.ambil contoh seperti menaikan pajak di saat upah tidak naik signifikan akan kebutuhan hidup,harga pangan yg mahal karna impor,pemerintah tidak bisa mengendalikannya.wahai saudaraku setanah air indonesia semoga bisa memilih dengan bijak dan cermat🙏🏻",1
Kita d 2:10:52  dukung pak prabowo✊,1
"Prab w prab w buktikan ototmu💪, buktikan keganasan mu kalau kalah lagi 🛠😁",0
Anis muka lo antagonis banget,0
"my mom said ""org yg dulu jahat gk selamanya jadi jahat, kalau dia punya niat dan dapat melaksanakan untuk berubah pasti akan berubah""",0
all in buat ketua ipsi 😻😻😻😻👍🏻,0
"Lucu bandingin pesawat tempur era Sukarno di wilayah irian, yg jelas2 dimasa itu ekonomi Indonesia tidak sebaik sekarang😂",1
"CEMAS KAU DEK DEK, PAK ANIESS ALWAYS COOKING 🤣🤣🤣 EL CHEF",1
Udah yakin pilihan 01 aminn❤,0
"Ketegasan menjaga kerahasian negara itu penting.. 
Di setiap negara tidak semua hal negara yh berahasia itu di beberkan 
Klo itu sampai terjadi mungkin setiap negara tetangga akan tahu pisi misi kemiliteran NKRI 
Karna itu sangat penting untuk menjaga kedaultan Pertahanan NKRI.... 
Politis me hanya tahu bicara ngoreksi mencari2 kesalahan kinerja setiap para mentri 
Ingat kejujuran 
Ketegasan 
Etika berbicara
Etiaka menyapa setiap suku dan agama 
Terutama cinta rakyat nya... 
Saya bangga sama pa prabowo yang  tetap menjaga kerahasian pertahanan nkri... 
Demi kedaualtan indonesia...",1
Anis cungar cengir ngarti kaga,0
Omon😂,1
"Data data barang bekas Indonesia: kerusakan rel kereta api, rusak nya mesin dan berkarat nya mesin kereta api, barang bekas berserakan di lautan, rusak nya kapal kapal karena terlalu purba mesin nya, rusak nya bis bis karena lama tidak di servis, rusak nya pesawat karena tidak di rawat di bengkel, hancur nya satelit karena terlalu lama, macetnya semua senjata karena penipuan pihak asing seperti tank dll, semua itu bisa mencelakakan rakyat,mau nambah barang bekas untuk apa, kita buat sendiri gimana? semua sarana kendaraan terbang dan darat agar kita aman dari penipuan dan kecelakaan, nggak punya modal minta sama Jokowi, jangan lupa minta kepada Sukarno, karena Sukarno maha presiden kita",0
"kaget bgt dgr statement akhir visi misi pak prabowo...""...seperti gaza..."" itu gak perlu pak :(",0
Anies ❤❤,0
"Bagi aku sih orang pengen berbuat baik pakai dana pribadi buat negara sah sah aja.selagi tidak merugikan negara dan berdampak positif ke masyarakat.katanya ngx boleh harus ada izin dulu.
Lah yg sudah pakai izin malah merugikan negara lol 🤣🤣 demi kepentingan pribadi 😂",1
"Harga pokok di turunin wajar, kalau pabrik nya punya capres jangan di jual gratis saja, sembako nya, please sodaqoh yang banyak,terutama uang, yang ada nanti harga semakin tinggi, dan semua nya harga nya juga tinggi, itu pasti,kapan berpolitik surga,politik harga sudah di rencana kan, lalu kapan politik ingin masuk surga,bertele tele,terlalu banyak argumentasi, saya lebih suka orang capres banyak sodaqoh, dari pada ber argumentasi tentang harga, karena pemberian nyata tidak nampak,terutama capres nya agar terlihat wibawa dan di sanjung masyarakat Indonesia, seperti Suharto kita harus mencontohnya agar kita di pilih terus, nggak masuk nggak masuk argumentasi nya no 🚫, sodaqoh yang banyak kalau sudah jadi presiden, untuk rasa Terima kasih kepada rakyat, karena terpilih jadi presiden,belum jadi sudah memikirkan harga, apalagi sudah jadi, kasus semua nya harga apa saja,naik tidak naik sama saja,karena harga pasti mengikuti harga, tolong pahami, jangan suka buat kasus",0
Dukung yg bisa nurunin harga bahan pokok terutama BERAS itulah yg harus kita pilih🙏,1
"anis kalau bagian cakap memang no 1 hahahaha mau 01 mau 03 saya tetap pilih no 02,,, insyaallah jadi presiden❤",0
"Seharusnya, jika memang ada bukti nyata, bisa menjawab dengan baik hasil kinerjanya selama 5 tahun. 
Tidak perlu mengejek si penanya dengan kalimat, ""omon-omon"", sungguh tidak pantas di debat formal seperti ini.

Lagipula pemimpin sangat diharuskan untuk banyak omong.
Agar yang dipimpin paham dan semangat dengan tugasnya.
Agar yang dipimpin sadar bahwa pemimpinnya sangatlah cerdas dan memiliki banyak gagasan serta inovasi.",1
"Itu dilarang di dalam peraturan, anggota DPR sudah mengkonfirmasi itu",0
"Naikin gaji pejabat aja, agar pejabat makmur dan tidak korupsi🙏",1
"Wahhh, banyak buzzerrr
Tapi kalau saya sih bukan yaa

Insyaallah Pak Anis, orang cerdas, jujur, memihak rakyat kecil dan gigih seperti Anda akan dibantu oleh Allah untuk memimpin Indonesia menuju perubahan dan kemajuan

Tenang saja Pak Anis, meski Bapak tidak mau menyewa buzzer, kami Rakyat Indonesia yang sudah paham betapa banyaknya prestasi bapak selama menjadi Gubernur DKI Jakarta, akan dengan sukarela membantu Bapak menuju kemenangan

Lewat sosial media, lewat diskusi, dan lewat Do'a di setiap sholat kami, 
InsyaAllah kami akan mendukung Bapak secara penuh

BISMILLAH AMIN ALL IN😇☝️",1
All in prabowo,0
All in prabowo✌️❤,0
"Smkin lm, kami smkin tdk sympathisch dgn Ganjar d Anis ini. Sptnya mereka menekan dan menyudutkan skl bapak prabowo.
Saya tgl di LN, aku akan ajak semua teman2ku utk memilih prabowo d Gibran no.urut 2. Semoga mereka menang.
Yg no.1 d no.3 cm pintar berkata2, seolah2 pendpt merekalah yg plg hebat. Aplg Anis, jgn ada percaya sm dia, yg suka berkata2 manis. Sdh dipecat jd menteri, jd Gubernurpun tdk becus mengatasi jakarta. Kerjanya cm menghasut sj, spt yg pak.prabowo ktkan. Semangat❤✌️❤✌️",1
Gemoysian mkmkmkmk 😂,1
Anies Raja bohong dan Penghina,0
"Jgn percaya Anis B, dia tdk bs dipercaya. Dia bsnya cm pintar berkata2 spt pak.prabowo blng😂😂😂😂. Anis bgt percaya diri skl akan menang di pilpres nanti😂😂😂.
Pokoknya yg menang no urut 2. Prabowo Gibran✌️✌️🥳🥳🥳🥳🥳",1
"Pesawat kita buat sendiri saja gimana??? Buka bengkel pesawat sendiri gimana??? 😁🤤🙃, kita buka pabrik senjata sendiri gimana??? Prab w tolong dengar dukungan rakyat???",1
"tinggi tinggi bener kaya imajinasi doang, emg negara ini punya duit berapa sih ???",0
pak prabowo tnggung jawab!! gw nangis,0
prabowo gibran menang 🙏💪💪💪👍👍👍,1
Gibran neraka2. Serem neraka,0
Semangat pak prabowo kami dari sulawesi selatan mendukung bapak salam Dari sulawesi selatan Pak. Makassar jeneponto salam pak Prabowo Gibran❤,0
"Kita kita juga minta dukungan uang nya, tolong yang ikut capres hujan kan uang",1
Ayok semuanya kita dukung pak Prabowo Subianto akan menjadi presiden kita amin,1
Pak Ganjar jadi peresiden  teruskan pembangunan pak Jokowi kemungkinan pak Jokowi lagi penerus nya,0
Anis kek boneka chaki,0
"Alaaaa pak Anis ini ngomong apa si gak paham AQ 🤮
Visi misi kok nyindir orang lain🤮 seluruh Indonesia g butu pak Anis pak saya yakin itu
Karena sebagai gubernur aja gak ada perubahan sama sekali gitu kok
Maaf pak Anis tidak pantas jadi presiden",0
"Dari debat inii, aku padamu pak Ganjaaarrrr",0
Dengan adanya omon omon visi misi yg ada di kepala akan mudah di ucapkan. Tapi kalo g bisa omon omon ya jadi keok,0
Kalo ga bisa omon omon apa yg ada di otak ga akan bisa kluar pak wowo. Ini debat pak kalo ga bisa omon bisa K.O,0
biasa saja,1
"Alham duliloh, mhn mf sblmnyo  menang kalahnyo kito harus siap menrmanyo  ketiga. Adalah pemimpin  yg hebat  bagus2, ttp tdk mungki n ,ketiganyo jd pemimpin , jdi  mhn mf mf sayo memilih nyo prabowo/ Gibran",1
😂😂😂😂SIAPAPUN PRESIDEN NYA...NEK GAK KERJO YO GAK MANGAN...,1
"""Hati yang tulus memimpin negri ini hanyalah prabowo"" Almarhum Gusdur 😊",0
"Baru mulai udah, keluar jalur aje😂.

Hetdahhh nis pak anis🤭",1
"Dari Senyumannya Anies saja sdah kelihatan sifat licik atau sifat jahatnya, dan yg paling ngakak pada saat  Pak Ganjar bilang  ""kalau saat kita membuat satu sistem infrastruktur yg bagus, jangan d Korupsi "" Pak Anis malah telan ludah 😂",1
Saya ikut yg dpt ajh itu brarti bp kita,0
Anis,0
No 1 ini bnyak ngomong,0
"Jangan tidak bagus capres no 1 karena belum melihat kinerja nya menjadi presiden..
maka tetap dukung dan coblos no 1 AnisAmin bismillah 🤲😇",0
Sip pak mahfud.. Apapun langkah anda kami dukung... Ganjar mahfud gaspol,1
"Dijamin yang jadi presiden antara Prabowo dan Ganjar.
LIKE komen ini👍 biar jadi bukti pasca pilpres👍",0
Kok C terus ya,0
"Yang saya takutkan kalau kalah lagi nanti bisa terserang se*ruk😅...  Lebih ke kasihan saya tuh . Udah tua pa, mending nikmati hidup bapak... Jangan terlalu berambisi🙏",0
Yang ngomong anis cuma bisa ngomong doang... Rekam jejak prabowo apa... Buktinya apa... Hahhhh ... Dihh dasar deterjen emng g ada *tak😅.... Gak bisa ngomong mau dipilih jd presiden.. yang pinter ngomong dikata cuma pinter ngomong doang.. siwowo emang bisa apa😅,0
Pak Anis baswedan kebanyakan janji manis... Pdhal belum tau yg bakal di alami kedepannya kaya gimana..,0
Pak Prabowo dipecat dari ABRI juga kak,0
Gasuka yg janji2 manisss.... Yg real2 aja .... Dah tau sifatnya jadi lebih yakin milih siapa...,0
"3 wajah""mereka  yg paling tenang cuma Bpk gemoy✌️✌️✌️😍😍😍",0
Semangat pak prabowo...jalan terus hidup no 2,0
"Moga moga kaya semua nya yang terpilih dan yang tidak terpilih, agar kita saling mengaum kebaikan bukan auman permusuhan, moga moga sehat slalu lahir batin, dan tidak lupa kepada rakyat walaupun tidak jadi presiden, karena semua nya saudara seiman seIslam, berjuang terus, jangan sampai lupa dan salah niat, karena niat kita untuk menjadi hamba yang mengabdi yang lebih berkualitas di hadapan Alloh SWT, niat kita untuk menjadi khalifah pemimpin yang di rahmati Alloh, yang berguna kepada Tuhan nya yg terpilih, insya Alloh SWT",0
Bener2 capres cawapres 02 sama2 gapunya etika hadeh.,0
Jangan bawa bawa Mentri pertahanan,0
Pilih presiden yg bukan mau ngacak2 anggaran doang,0
Good job' pak prabowo semoga sehat selalu pak Prabowo aminnn ya rabbal alaamin.,0
"Gua prab w insyaallah SWT takut nya jadi harimau melawan singa, doa saya untuk prab w, lain coblosan nya saya ikut warga,prab w semangat walaupun pernah jadi bekas capres, jangan mau tunduk di arena singa,moga moga saling menjilati satu sama lain antar capres tidak ada permusuhan",0
InsyaAllah Abah Anies,0
"Kepikiran pesawat baru atau ingin nipu, karena dia bicaranya pesawat bekas, seakan akan menjanjikan pesawat baru, dia merendahkan diri sendiri di hadapan singa karena takut kalah 2 kali, tolong kalau jadi jangan nipu, nanti banyak dosa, karena bicara nya bersiasat, coba tanya kan sama prab w di benaknya beli pesawat baru apa tidak??? Kalau tidak jangan di pilih, kalau punya hajat beli pesawat baru pilih lah prab w, lebih jelas bicara nya prab w tidak bertele-tele tapi mengandung siasat, menurut penilaian Saya begitu, mohon jangan cemburu presiden lainnya, cemburu ilah jokowi karena sudah jadi raja rimba, anies baswedan suka memojokkan orang benar """" Tapi untuk kepentingan prab w juga, benar kata ganjp hutang negara harus sambil di lunasi, moga moga semua hajat nya capres terkabul, kalau jadi raja rimba, saya serahkan mahkota nya kepada Alloh SWT, biarlah Alloh SWT yang memilih pemimpin, yang menurut Alloh pantas menjadi hambanya yang sholeh",1
"Anis jago tata kata, kerja nyata nol besar, lihatlah rekam jejaknya sewaktu jadi mentri dan gubernur..",0
Bpk prabowo sudah beberapa kali menyalon tpi ngga jadi jadi,0
Njawabnya hilirisasi terus gimana si gibran sih nggak nyambung,0
"Tadi nya si milih anies, setelah debat ini jd yakin sama prabowo dg keluasan hati. Anies nginjek leher org buat naik",0
Gagasan yg harus di pilih rakyat,0
"Orang Cerdas Pasti paham dan mengerti 01+02 vs 03,  Kalau Benar ngapain takut untuk membicarakan nya, di acara debat biar masyarakat tau bobrok nya MP,  tapi sayang nya udah di kasih tau , tetap masih memilihnya 😂",1
"Ngeri denger para gelar panelis.... Indonesia ternyata tempat nya orang 2 hebat'...tpi knpa Indonesia masih gini gini aja...
Salah nya ada dimna nech...",0
Pak prabowo aku bolomu...,0
prabowo tdk menjawab euy,0
ini yang bilang Anis jago ngomong doang kenapa capres nya ga jago ngomong yh??? sip omon omon 😛😛,0
"kalo ada data nya mah gausah ajak di belakang pas debat aja langsung ngomong aduh mana fans nya pada nangis nangis, jelas tema nya berhubungan dengan no 2 ya udahlah di goreng abis",1
"Semangat Pak Prabowo, kami hanya ingin bukti nyata, bukan janji2 manis saja, insyaAllah Pak Probowo menjadi RI 1, ketulusan dan keikhlasan bapak untuk negara ini tidak ada yang bisa menandingi",0
janji ga omon omon wkwkwkwk,0
"Jika anis yg jadi presiden, rasanya negara dan bangsa hanya akan disibukan dengan tahayul tuh, 👍🤔🙏   Yg dibutuhkan masyarakat tuh adalah kemajuan perekonomian tuh pak anis, bukan tahayul apalagi menjadi pemimpin di atas pemimpin tuh,👍🤔🙏 ini bukan jaman penjajahan lagi, 👍🤔🙏",0
"Sekarang di timur tengah sangat kacau ,,perang dimana2 pak prabowo lah yg pas buat indonesia lebih kuat",0
ᴼʲᵒ ʳᵘᵐᵒⁿᵍˢᵒ ᶦˢᵒ.. ᵀᵃᵖᶦ ˢᶦⁿᵍ ᶦˢᵒ ʳᵘᵐᵒⁿᵍˢᵒ ᶦˢᵒ,0
"Kakek wowo temperamen emosi tinggi, kurang santun, bisa bahaya kalau jadi presiden 😂",1
PAK PRABOWOOOO....bravo❤,0
Pak prabowo...wae pol juos,0
"01: menhan
02:presiden
03: menpupr 
Jos kli yaa",0
"hati2 dgn pilihan anda,karena menentukan masa depan seluruh rakyat Indonesia.jangan sampai penyesalan DTG nya terlambat.dari hati  kecil kami,suara kami berikan utk pak Prabowo dan mas Gibran.😘✌️",0
"Bismillah gua memilih orang yang bisa memberi hujan uang dollar dollar dollar💵💲💰,sehingga masyarakat subur semua nya, hujan dollar nya jangan satu kali, tirulah hujan di langit",0
Mantab pak prabowo. Lanjutkan,0
PEMIMPIN CERDAS BISA DINILAI DARI KOSA KATA NYA. KALAU TATA BAHASA AJA SUDAH BAIK DAN BIJAK. PIKIRAN NYA LEBIH 1000X CERDAS. KAMI SEKELUARGA DUKUNG ANIES BASWEDAN. ALL IN ANIES SATU PUTARAN. AAMIIN YARABBALA'LAMIN,1
Amin  kan aja dulu ah,0
Kami sekeluarga pilih prabowo gibran,0
BACOD TENTANG PERTAHANAN MEMANG ANDA NIS ANIS PRAJURIT HAH ?!!! COCOK JADI SELES BANYAK BACOD,0
Emang skor kinerja anda berapa anis ? BACOD DOANG SEAKAN AKAN DIA YG PALING BENAR . PALING CERDAS . BUSUK ! Pecundang debat menyudutkan sebelah pihak . TAKUT YAK KALAH ? Sudah jelas kalah lahh . Banyak bacod rekam jejak rekam jejak . SAMPAH!,1
Profesor anis ginii ternyata wkwkwk banyak ngomong so pintar . ! SAMPAH CUIH 🤮🤮🤮,0
Emang pintar bukaan sok pintar,1
dari jaman purba juga tahu klo penyesalan datang belakangan ...,0
Kan tema nya EMG pertahanan blokk,0
Sorry tidak tertarik yg so jago dan banyak bacod seolah olah dia paling pintar . ! Bissmillah RI 1 PRABOWO 🫡,1
Ngomong apa Wo,0
"Si anis ini tidak waras,harus di check ulang iq nya 
Otaknya tidak wajar",0
BpK PRABOWO 2024 PERSIDEN NYA,0
Bpk Genjer purnowo kn nama Ny 😂😂😂,1
"nyolok . ngoet  .macok  
1 2 3 ???",0
Sya pilih pk prabowo lebih tegas gk byak omong tpi tanggung jwap negara,0
emosii x pak wowo,0
Lihatlah raut wajah prabowo....apa adanya panik tp natural,0
Anies Baswedan yes salam akal sehat,0
Saya Warga NU & Keluarga Besar Bismillahirrahmanirrahim Istiqomah Tetap Bersama GAMA 🤟🏽😎,0
semangat pak anies salam dari Kalimantan barat..,0
Sejak awal pak Prabowo selalu di pojokan oleh calon lain nya. Dua lawan satu. Sabar pak prabowo,0
Prabowo pas jadi presiden Indonesia pa anis tidak cocok jadi presiden Indonesia,0
kami orang indonesia timur mendukung Prabowo Subianto,0
"Saya tidak percaya capres sekarang pemimpin yang jujur, tes kejujuran tanding di arena sumo",0
Tetep pak prabowo pilihanku,0
Saya baru melihat ada calon yang nama ujung nya Edan,0
CERDASLAH DALAM MEMILIH PEMIMPIN MINTAK PETUNJUK PADA ALLAH suapay kita mendapat pemimpin yg baik dan adil AAMIIN,1
Semakin mantap pilih pasangan  amin no 1,1
Buat nyapres lagi tahun 2029 soalnya kaga ada Prabowo kaga seru 😂,1
Pilih buat nyapres lagi 2029,0
Org cerdas banyak musuh,1
😂,1
Iyalah di pojokan abisnya pertanyaan dri dua capres nya dk bisa dijawab 😂,1
Uhhhhh saya GK pilih siapa² 😂😂😂😂😂,1
Masyallah diakhir depat bnyak yg merangkul bpak prabowo❤,0
Prabowo bukan debat ..😆😆😆😅😅😅 lagi ikut rapat di sekolah dan yg pimpin rapat kepala sekolah makannya setujuh terus sama ganjar ..lahh peran prabowo wali murid maknnya setujuh terus,0
"Tarung debat oke, yang belum"" Tarung smack down",0
InsyaAllah Cerdas2 anak bangsa kalau dipimpin Oleh Pak Anis,0
Ekonomis kalian bahas jalan akses jalan aja slm brp pluh tahun merdeka sampai saat ini masih sangat2 minim...,0
AKU GAK MW PUNYA PRESIDEN YG TIDAK BER-ETIKA,0
"PERCUMA PAK ANIS,AKU AKAN TETAP PILIH PAK PRABOWO",0
"Anies Baswedan ,, keren semua di jawab dengan lugas dan jelas,,",1
GANJAR SMART BGT,0
Kita harus congkel mata 1=mata ke 3 untuk menciptakan Nusantara Emas di tahun 2045,0
Nanem singkong modal triliunan aja ga becus lu wo,0
"1. Anis • pintar . Agamis . Dan krakteristik yg terlihat manis di luar namun mengerikan di belakang. Aku hanya bisa bilang hati,"" siapapun orng yg berkawan dengan tipe ini. 
2. Prabowo • Terlihat tulus mengabdi namun yg perlu di ingat pak klo menurutku tni polri itu hanya perlu waktu berkeluarga yg cukup. Bahwasanya uang/gaji tidada artinya kalau mereka terlalu lama/jauh dari keluarga. 
3. Ganjar • sosok yg sulit di tebak. Namun terlihat seperti orang yg mudah terhasut omongan orang lain. 
Note: aku netral ya  felling ku  win of the match 
1. Prabowo 67% suara 
2. Ganjar 20% suara 
3. Anis 13% suara
Atau  
1. Ganjar 53% suara 
2. Prabowo 37% suara 
3. Anis 10% suara  
Aku yakin klo anis ini selalu di posisi akhir.    
Ganjar ini partainya kuat partainya besar pdi perjuangan yg tiap plosok pasti liat logo sapi hitamnya
Prabowo tulus tiada hentinya untuk maju  
Jujur aku pilpres prabowo vs jokowi aku pilih jokowi 2x . 
Harpanku siapapun presidennya . Aku pengen tu di setiap pagi siang malam ada polisi yg bertugas . Contoh di tiap lampu merah. Kawasan ramai kawasan sepi. Kan bisa persift/gantian Biar kelihatan kerjanya .",1
salam dr mlaysia..aku ikut debat pilpres kali ini krn aku lihat ada perubahan besar yg akn berlaku di indonesia krn aku punya rasa persaudaraan sesama nusantara...semoga tuhan bantu indonesia utk menjadi negara yg terus aman damai dan maju kedepannya..dlm debat ke3 ini aku lihat pak anies baswedan menjawab soalan dgn intelektual yg baik...semoga saudara2 aku rakyat indonesia nnti saat hari pemilu buatlah pilihan dgn bijak dan akal yg terbuka..aku percaya rkyat indonesia hari ini makin pintar2 kok..,1
Anies muka muka benjamin ada sma dia 😂,1
Orang di tengah tu layak jadi PM indonesia brbanding kiri dan kanan yg nampak jelas muka muka tikam belakang,1
"Pak Prabowo berbicara dari hati... NKRI membutuhkan pemimpin yg tulus mengabdi,bukan pemimpin yg hanya pandai bicara...Sangat betul kata bang edy simbolon,mereka tak sekelas Prabowo",0
pembual njir ... hahahhahaha,0
"Wadduh, saya scroll komennya jauh sampai ke bawah kok pada ngebela jagoanku sih... 
Emang boleh sePrabowo gitu...",0
All in prabowo gibran❤❤❤❤❤,0
Aamin,0
Sayangnya org cerdas malah tidak diakui,1
Presiden rohingya,0
Di depan pendukungnya tidak begitu,0
Org cerdas tidak diakui di negara ini,1
"Di debat doang, kalau depan pendukungnya koar2",0
Soalnya org cerdas tidak diakui di negeri ini,1
Namanya juga kaga ada gagasan,0
Oh jadi kritik kinerja disebut tidak ber etika,0
Diakhir debat malah lari bukannya salaman sama pak annies,0
Gaje bet,0
personal oni mah murni debat bukan visi misi,0
"SAYA PENGEN BERTANYA KEPADA TEMAN²....kalian memilih mana ???

ANTARA ORANG PINTAR VS ORANG CERDAS, saya sendiri lebih orang yg cerdas

siapa dia, tebaklah dalam komentar.... untuk pertahanan, saya bannga peringkat militer kita berada pada petingkat 13 dunia, dan itu sebuah pencapaian yg menbanggakan

terkadang BERBICARA itu memang mudah, karena kita belum mengalami/menjalani
...apakah anda merasa PASTI BISA LEBIH BAIK ???
 jawabannya BELUM TENTU !!!!",1
Kalau 01 Jadi Presiden mau bikin Monumen apa ya,0
Bangunlah jiwa nya...,0
"Politik sekumpulan orang ingin kaya, siapa saja bisa korupsi, kalau di benaknya ingin banyak harta,pengkhianatan kepada rakyat mereka semua presiden dan semua prajuritnya, jadi lah presiden yang puasa korupsi",0
Ternyata di sini banyak buzer,0
Update update ancur leburkan video2 channel tvone begal angkasa ok apdet,0
02❤❤,0
"Data apa pak ganjar? Itu data hanya beberapa segelintir orang kan bukan secara keseluruhan. Padahal data real hanya di miliki ketua KEMENHAN seperti ketua2 organisasi lainnya yg real tau kondisi dan masalah2 yg ada di bawah tanggung jawab ketua. 

Orng2 yg di survei pk ganjar itu g paham dah gue... 😢",0
"alm) Buya Syafii Maarif sempat memotret fenomena ini dengan frase keprihatinan:
“..Pancasila dimuliakan dalam kata, diagungkan dalam tulisan, namun dikhianati dalam perbuatan”.

Pertanyaan filosofis muncul, “Bagaimana bangsa akan selamat, sedangkan way of life dan/atau Norma Hukum Tertingginya tidak berdaulat?” Ini retorika sekaligus asumsi penulis guna melanjutkan catatan ini.

Pantas saja, hasil penelitan Prof Kaelan dari UGM terhadap UUD 2002 ditemukan fakta mengenaskan. Apa itu? Jika merujuk Pancasila, sesungguhnya pasal-pasal pada Batang Tubuh telah diganti 97%. Bukan diubah atau diamandemen, tapi diganti. Sungguh bebedah. Warisan para pendiri bangsa cuma tersisa 3%.

Siapa yg teken (perubahan UUD? President ke 5)
Hemft- 

Katakanlah, unsur Ketuhanan Yang Maha Esa. “Sila Pertama”. Kini justru muncul ‘tuhan-tuhan baru’ dalam kehidupan berbangsa – bernegara. Dalam praktik konstitusi sekarang, ada sebagian elit yang mentuhankan demokrasi ala Barat. “Demokrasi sebagai tujuan”. Atau, ada pula golongan yang mentuhankan Ketua Partai, ataupun mati-matian ingin meraih popularitas, elektabilitas, ataupun mengejar jabatan dan seterusnya, bukannya mencari ridho Illahi.

Copas",0
"Semoga Allah swt memberikan pemimpin yang terbaik
Bukan manusia yang pintar bicara tanpa melihat  perjuangan rakyat indonesia untuk merdeka",1
"Pertahana negara di nilai sangat rendah di bawah rata""... Yg menilai tolak ukurnya apa ini??... Dan minta rahasia negara di buka di publik, kok enak sekali minta buka rahasia negara di publikasi tanpa transparan.. Apa strategi kita biar di lihat musuh apa gimna ya...😅😂😂😂
Debat tu yg berakal lah, jangan cuma janji baru buat janji baru lagi,buat pemikiran yg gak masuk akal itu anis tidak konsisten setiap ngomng ,
Woii ituu proyek yg mangkrak masih banyak itu selesai kan dlu secepatnya, adu kecepatan pembangunan, adu ekonomi biar cpt maju, mencerdaskan anak bangsa, membuat inovasi moderen / membuat pabrik motor/mobil produk dalam negri.. Itu baru visi misi yg moderen, engak menjatuhkan orang lain dengan cara merendahakan perjuangan orang lain,yg udah berjuang ya harus di hormati..
emangnya pak wowo gak perbah buat kebaikan ya selama jadi keamanan negara???? 😂😂
Capres yg menilai rendah ini sangat keliatan sifat iri dengki, gampang merendahakan orang lain tanpa tau kinerja nya secara langsung.....jdi Keliatan sifat jeleknya ni capres 1 &2 , pdhal sebelumnya  sya bangga melihat kinerja paslon 1 dan 2 , tp saya kaget wktu capres 1&2 menghujat pak wowo di rendahakan di bully di  publik jdi kita kecewa krna sikap dan attitude nya... Gak jadi memilih mereka, dan masalah ini jadi panjang akhirnya 😂😂😂😂😂😂",0
01 AMIN OK,0
Mimpi sy Prabowo jd presiden akan menjadi nyata...setiap lima tahun pemilihan presiden mimpi sy selalu nyata tdk pernah meleset dulu waktu sy mimpi bapaku Jokowi jd presiden ternyata beliau jd presiden...jd bpk Prabowo dan bpk Gibran jelas pasti,1
Mukanya anis seram sekali,0
"Ini mah bukan debat. Intinya kalau pandangan saya.,,, moment yg dimaafatkan untuk menjatuhkan pak prabowo. Etsss Rakyat Sudah pinter mas ganjar dan Mas anies "" Kasihan de kalian"" ,, malah kalian terlihat aslinya. 

Gak ada pantes pantes nya pemimpin negara memiliki sikap sperti kalian, wkwkwkwkkw. Semut di sebrang lautan keliatan, gajah didepan muka kalian tidak keliatan 😂😂😂😂😂",1
yakin pak prabowo gibran yang bakal menang... 😊😊,1
senyumnyya Anis senyum antagonis mengandung keangkuhan .,0
"Ngomong Palestina mulu negara munafik, bagaimana dengan Papua",0
Ganjar presiden Bokep 🤣 katanya * wong aku suka kok .. bahaya nih buat generasi kita .,1
Buzzer 02 soalnya modal kampanye 02 paling besar,0
"Justru rakyat Indonesia butuh sosok pemimpin yg pintar bicara /public speaking , supaya di forum internasional tidak dipermalukan",1
EMG mau presiden yg ditanya2 melongo doang?,0
Jadi rt,0
"Senyuman, nahan tawa melihat 02 cengeng 😂",1
"Gua fokus gaya bicara anis yg selalu penuh retorika, kira2 ini bakal jd jurus ngibul jilid keberapa ya??😂😂",1
"Sebenarnya debat capres ini tidak terlalu berpengaruh menurut saya . Toh juga kita sama² tau bagaimana sepak terjang dari ketiga paslon tsb . 

Kalau pun ada yg unggul di debat capres seperti ini , toh juga ke depan nya tidak berguna bagi ke pemimpinan nya jika sudah jd presiden .
Janji manis ini itu saat ini , toh juga nanti di inggkari kalau sudah jadi presiden .

Untuk itu untuk rakyat jelata jgn terlalu lebayy dalam mendukung calon nya ,, santai saja Ingat Anda itu rakyat kecil , otomatis suaranya juga kecil dan hampir tidak mungkin di dengar capres yg anda dukung .",1
28:40,0
"Kalau gua pasrah saja kepada yang maha kaya Alloh SWT, kalau mereka jadi presiden, berani korup miskin nya di neraka atau kuburan",1
Pak uban  keliatan angkuh bahaya itu klo smpe jd yg ad rakyat sengsara.... Mau main sikat aja,0
Menjatuhkan harga diri org didapan umum apa itu mengajarkan sifat seseorang yg baik hati... Klo org betawi bilang klo mau jdi seorang yg baik lu hrs jujur kga ush menjatuhkan org lain,1
Presiden p:penjualan res:resmi i:ikan den:sarden,0
"Anis mah perangkai kata"" aslinya mah dongo,masa lem aibon aja banyak makan duit ni anis kagak jelas emang(angin tidak punya ktp)😂😂😂😂",1
"Kita ingat sebagian perilaku presiden terdahulu agar kita punya budi luhur yang tinggi dan berkualitas, 1.sukarno:rela berkorban mengesahkan Indonesia, dan menjaga keutuhan Indonesia 2.bj.habib:berjuang dalam bidang ilmu teknologi,untuk kesejahteraan Indonesia,tidak menuntut walaupun tidak di pilih lagi oleh bangsa 3.suharto:kalau dia diberi nafas 2 kali maka dia akan tetap tegak memajukan Indonesia 4.megawat:rajin bersodaqoh untuk bencana alam tsunami aceh 5.gusdu:bagi bagi beras untuk masyarakat 6.susil b:bagi bagi bantuan untuk lapindo lumpur 7.joko w:bagi bagi bantuan untuk musim virus, kita harus menjadi mereka semua agar kita mendapatkan keberkahan presiden dan negara slalu di jauh kan dari azab yang maha Kuasa",0
"Kunci indonesia maju hanya 1, TOLERANSI,  satu satunya paslon yg melakukannya cmn  paslon  02,",0
"Masyarakat Indonesia tidak butuh yang pintar bicara saja, tap jugai bisa melakukan secara reall di lapangan. Dan NKRI masih sangat butuh Pemimpin Terbukti yang berciri: 1). Militeristik=sitem Komando. 2). Demokratis=Berpartisipasi dalam menjalankan kebijakan. 3). Sictorcknal= Pakai cara berdiplomasi. Dan ke tiga ciri tersebut sudah ada pada PRABOWO-GIBRAN ; UNTUK INDONESIA🇮🇩 MAJU✌❤‍🩹",1
Dp0%jgn  lpa selesaikan dlu nis,0
Bpk Prabowo mas Gibran  yess,0
sy paling malas klo sudah mslh kjenaikan gaji.sesekali don bikin senang kami yg bukan pegawai pemerintah,0
Bismillah gue pilih tank dan pesawat Optimus prime yang baru,0
Prabowo.sangat berjasa,0
"Pendukung nya prabowo mulutnya pada lebar2, gk tau aturan sorak sorak apaan si, dibayar brapa si 🤣🤣🤣",1
Anis Baswedan kek anak anak main sentil personal 😅😅,0
Try T5 yyyyy,0
Insya Allah saua pilih yang tidak beranggota PKI,0
"Justru ini debat , coba kau lihat dlu debat capres Amerika abis tuh banding kan sama Indonesia",0
😊💪💵🧑‍🏫🧑‍🎓✌️🤲🇮🇩,0
paslon terlihat kategori jujur dlm misi visinya adalah ganjar,0
"ganjar hebat fokus misi visi. anis-prabowo sibuk saling menjatuhkan & tdk berisi sama sekali hy muatan ambisi terpilih,sgt rendah sekali kwalitas paslon 1&2.
 anis mirip bgt strategi debat pilgub yg didpt dgn hasut",1
😂 ... Sontoloyo 😅😢,1
Aku yakin pak prabowo menang.dr rakyat jawa tengah,1
"Bisa saja pk 02 nilai balik.
Sharusnya yg menilai rakyat sperti kami anis 0.6 dr 100
Ganjar 0.5 dr 100",0
Anis pintar bgt bicaranya janjinya manis sperti pimpinan kami didaerah namun Nol BESAR,1
✌️✌️✌️✌️✌️✌️✌️✌️,0
"Wahai anak bangsa. .buka mata anda lebar lebar ..ti
Dak satu pun masalah yg besar terhukum di negri ini ..dari waktu ke waktu hanya bagi bagi kue ..tak pernah memikirkan rakyat .yg di pikir hanya kelompok kelompok mereka ..",0
Beras mahal Hasil Bumi semankin murah itu smapai kapan puk Indonesia tetap bgtu sja..,0
"Prabowo pilihanku. Ganjar anti Israel,Anis pendukung yg banyak omong",0
"Banyak omong mutar2 malas nonton.cuma bikin doa, panjang omongannya.malas",0
01 03jura❤❤❤,0
🤘🤘🤘🤘,0
3,0
Yg penting ap pak jogetin aja ya gak😅😅😅,0
DEBAT INI GUE RASA MALAH PAK PRABOWO SATU2NYA CAPRES YG LAGI DISERANG OLEH 2 KOMENTATOR🤣🤣🤣KOMPAK BANGET GITU FOKUS MENYERANG PAK PRABOWO..SAMPAI LUPA POSISI MEREKA SAMA2 CAWAPRES YG KUDU MENONJOLKAN VISI & MISI MEREKA KEDEPAN BUKAN NYINYIRIN PAK PRABOWO TERUSSS🤣🤣🤣,1
"Marangkum teori , melihat rekam jejak dan merasakan kegagalan  !!

Ijin",0
Menhan gak bisa jawab😅😅😅😅.. pdhl sudah 4 tahun lebih jadi menteri menhan😅😅😅😅😅,0
"Sehat sllu bapak. Prabowo, mudh2an Allah SWT meridhoi utk bpk memimpin negri ini, Aamin ya Rabbalalamiin 🤲",0
"Yg dongo itu ditanya , ga bisa jawab, abis tuh nangis gara2 terus dikritik 😂",1
"Prab w kalah lagi saya persilahkan maju ke medan tawuran unjuk rasa,untuk kehormatan bawa tank dan pesawat Optimus prime,berjuang lah untuk rasmu",0
Kali ini semoga bpk prabowo lbh berani dan lebih tenang menghadapi kedua kandidat presiden yg se olah lbh hebat dari bpk..✌️✌️✌️💪,1
Yg prabowo acungkan jempol...,0
"APA TAK BAHAYA KALO SMW DATA NEGARA DI DIBUKA KE PUBLIK HAI PAK ANIES?!
AKU ANAK PETANI,NAMUN AKU JUGA TAU SOAL MAKSUD DEBAT KALIAN,TAPI TERNYATA BENER JUGA APA KATA PAK PRABOWO...",0
"PERTAHANAN ttp perlu,tapi ingat negara kita paling utama ttp butuh KEADILAN,KEADILAN dan KEADILAN,krn di darat byk maling besarnya,it yg paling bahaya bagi RAKYAT bung.
Pak Prabowo pilihanku",0
"SEPINTER APAPUN OMONGAN SAINGAN PAK PRABOWO,TETAP PAK PRABOWO PILIHANKU",0
Masih dalam situasi meramal semua masyarakat untuk memilih siapa capres,0
"Salam semua anak kalimantan borneo kalsel, kateng , kalbar ,kaltar kami dukung penuh untuk nomer 2 pak prabowo dan gibran pemimpin indonesia kita❤❤❤",1
"Capres ap ini anies bicara kekurangan pribadi bukan bicara visi misi dan strategi untuk negara maju....
Anies ini tdk pantas jd presiden tdk tegas dlm bebrbicara dan komitmen....
Klo saya pilih nomer 2 yg tegas dan bijaksana klo berbicara....",1
"Gua meramalkan kalau prab w dan ganj p kalah,akan ada ledakan nuklir",0
PAK PRABOWO.....,0
Pak PRABOWO pilihanku booooosssss,0
"Saya menonton debat capres ke 3 setelah menonton penjelasan Pak Wiranto di channel sebelah.
Ada yang sama?",0
Klu begituu ketahuan karakter pribadi ganjar dan anies.. Burukk sifatnya sbg calon pemimpin negeri.. Maka rakyat bisa menilai bhkan terjadi spt apa negara ini.. Bila seorang calon pemimpin.. Menantikan kepribadian org di depan umum... Ini calon pemimpin TIDAK BAIK.. BERARTI MENJADI PRESIDEN CUMA MAU ONGKANG ONGKANG,0
"Sependapat² terus dah, ampun😅",0
Prabowo Subianto adalah Satrio Piningit Heru Cokro Ratu Adil,0
"YANG PALING MEMALUKAN ITU PENDUKUNG MASING² PASLON YANG ADA DI DALAM STUDIO SIH...

DIBILANGIN JANGAN BERISIK TERUS AJA BERISIK😅",0
Ga guna,0
"Saya gak yakin kalo si anies jd presiden, dia bakal bisa realisasikan visi misi nya sesuai yg dia ngomongin di debat presiden ini. jadi gubernur aja gak becus, apalagi mau mimpin negara. stop day dreaming. apalagi anies itu bukan orang yg setia, dia cuma orang yg aji mumpung, seorang opportunis sejati.",0
"Doa kami......ayo Aaminkan....
Ya Allah jadikan sifat dan karakter orang-orang dan anak cucu keturunan nya yang mendukung Paslon capres dan cawapres nya sama persis dengan sifat dan karakter yang dia dukung..... Aamiin",1
"Yg ditanya data anggaran blok, ya harus di transparansi soalnya dari rakyat dan untuk rakyat juga",0
"Kan namanya juga debat, apalagi temanya tentang pertahanan , kebetulan Prabowo mantan menhan",0
"Prab w pernah mengatakan saat jadi capres dengan joko w, kalau saya kalah saya menerima memang itu dari Tuhan kata prab w, eeeehh nggak tahunya prab w menyewa prajurit bayaran lebih dari 2000 orang untuk menghajar polisi balai presiden, coba tanya kan kepada yg ikut capres satu persatu """""" Kalau kalah menerima atau tidak??? Kita perlu kejujuran mereka, yang pasti semua nya bicara menerima semuanya kalau kalah capres, tapi lain di hati juga bicara nya,kalau saya kalah gua perang 14 abad, siap siap bom untuk perang yang akan datang kalau kalah",0
I love Anies baswedan,0
Kebanyakan pemimpin indonesia suka mencari kesalahan lawan bukan sebaliknya.❤❤❤❤❤ maju indesia secara adil.,1
Hidup Prabowo Gibran .,0
Dengan memilih 01 atau 03 berarti anda ikut membangun demokrasi yang sehat dan berkeadilan,0
"tadinya mau golput, tapi setelah nonton debat saya jadi semangat untuk memilih pak anis jadi presiden.",0
Anis kamu itu omong kosong saja .,0
Biar gak curng mixbnya satu ntuk 3 oeng,0
Love anis,0
"Maaf ya bpk calpres no 3 apa bsa menjamin bsa bekerja di negara sendiri dngn tidak ber IJAZAH cumn SD,  sya mau bukti ya pak klw bpk mnjdi presiden, salam dri sya Tki / tkw DI LN , dan maaf buat calpres no 1 , bpk bilang keluarga kita menderita karena  narkoba
Keluarga yg mna dulu pak MAAF 
Alhamdulillah kluarga sy tidak menderita karena narkoba , kok ,kluarga sy mnderita krna jdi TKI. Yg tdak di hargai di negara sendiri , sdngkn sya devisa negara loh dri th 1996 🙏",0
Ternyata calon no 3 udh jdi haji ya sy kira belum maaf gak keliatan sih 🙏,0
"muka anies nyebelin, angkuh, sombong, obsesinya terlalu twrlihat d debat ini",0
Pokoknya Anies sipaling segalanya jd gubernur aja ga becus mulut llintah 😂😂😂,1
Palestina. Palestina palestina 🤔🤔🤔,0
Dinasti is real😅,0
Salut ama Paslon 01 dan 03😅,1
Presidennya udh jelas kalau tidak Anies pasti Ganjar karena Prabowo di keroyok sekali ini 😂,1
Semangatt terusss pak prabowooo orang cerdasss pastii pilih bapakk bgitu pun saya dann smuaa orng di jawabarat memilihh pak prabowoo!!,0
"Mungkin waktu untuk menjawab pertanyaan bisa di perpanjangan, agar para capres dapat memberikan jawab an yang maksima, dan tidak membuat kesalah pahaman masyarakat.",0
Anis suruh bikin skripsi 1 hari jadi kayaknya,0
Itupun saah wwkkwkw malu ga tuh wedan,0
Prabowo jawabnya sama semua kocak,0
Harus menang prabowo gibran,1
Terlalu muluk2 gnjar kro anis kita lihat aja klo slah satu bilu jdi preaiden apak terwujud gagasan2 bliau sn mudah2n gak cuman gagasan aja,0
2&3 asbun,0
Saya mau bertanya tujuan debat presiden itu untuk mencari solusi mengembangkan negara atau untuk saling menjatuhkan.,0
"SELURUH RRI"" TAKUTNYA"" KEDUA PASLON 1DAN 2"" BILA SALAH SATU TERPILIH JD PEMIMPIN NKRI ,YNG TELAH SUSAH PAYAH KERJA KERASNYA BPK PRESIDEN JOKOWI YAITU 1 FRIFOT SDH DIKEMBALIKAN KEINDONESIA 51 PERSEN,2 NECEL,BOXSIT ,TIMAH ,BATU BARA ,DLL TELAH DISTOP  PENGIRIMAN BARANG MENTAH OLEH BPK PRESIDEN JOKOWI YNG SANGAT BAIK DAN GOOD,TENTU RRI TAKUT DNG PEMIMPIN NKRI INI YNG BARU"" MENGIZINKAN EXFOR BARANG MENTAH"" BILA TERJADI DAN RRI MENGETAHUI DAN MELIHAT JLS  MENGEXFOR BARANG MENTAH,SELURUH RRI TDK TERIMA DAN MARAH ,KNP DISTOP MENGEXFOR BARANG MENTAH OLEH BPK JOKOWI,KRN SDH TERBUKTI KEUNTUNGAN SANGAT BESAR,DULU NKRI DIBODOHI OLEH NEGARA LUAR .MAKANNYA INDONESIA TDK MAJU MAJU,DAN SELURU RRI HARUS BERSAMA SAMA MENJAGA KEKAYAAN ALAM INDONESIA UTK ANAK CUCU NANTI.WASPADALAH WASPADALAH PENJAJAHAN MSH ADA DNG CARA HALUS,JAMAN DAHULU BERPERANG BELANDA DAN JEPANG MENJAJAHNYA YNG INGIN MENGUASAI KEKAYAAN ALAM INDONESIA,DAN INGAT SELURUH RRI KITA MSH DIJAJAH DNG CARA HALUS"" OLEH  BANGSA SENDIRI BERMAIN DNG NEGARA LUAR ,DAN INGAT JNG SAMPAI KEKAYAAN ALAM INDONESIA DIKERUK OLEH NEGARA ASING.,ITULAH YNG DINAMAKAN DIJAJAH INDONESIA SECARA HALUS.MASIH INGATKAH RRI DNG KETUA DPR SETIANOPANTO,MELOBI APA KATA SETIANOPANTO ITUMAH BISA DIATUR YNG PENTING CHINCHAY"" JD RRI HARUS CURIGA DNG PEJABAT PEJABAT NANTI TAKUT ADA BERMAIN DEMI PUNDI PUNDI DAN UTK MEMPERKAYA DIRI,RRI WAJIB CURIGA ASAL JNG MENUDUH DNG PEJABAT PEJABAT.",0
Allin prabowo,0
Kabeh gagasane paslon apik kabehh trus milih sng ndii  iki,0
01:06:00,0
Pemimpin Melayani bukan untuk di layani  itu yang layak jadi pemimpin indonesia sekarang dan yang akan datang .YS GBU ALL INDONESIA KITA SEMAKIN  JAYA .,0
berisik baru jadi mentri pendidikan 1 tahun aja langsung di pecat karna gak becus kerjanya ini mau nyalon presiden,0
Siapapun yang di pilih pak jokowi saya akan mendukungnya.,0
"Dari debat ini semakin mantap milih pak prabowo. 
pak prabowo sibuk ngurusin negara, yang lain hanya sibuk ngejatuhin pak prabowo",1
"Lahan itu bukan dari hasil korupsi seperti kalian para tikus kantor...
Tapi lahan itu di beli oleh prabowo sendiri.
Jadi mengapa debat ini prabowo menjadi tersangka. Padahal itu asli milik prabowo dari uangnya sendiri dan membelinya sendiri....
Kalian jngan asal ngomong.
Prabowo bukan korupsi tapi kalian lah yg korupsi
Maling teriak maling😂",0
"Saya sih tetep 2
Karena bagaimanapun tidak butuh pemimpin yang berkamuflase, dalam segala hal.
Bagi saya Pak prabowo sudah terbukti bisa bekerja sama, meski dengan lawan politik yang mengalahkannya di pemilu 2 periode lalu.",0
Anies kepooo,0
Sadar gak sih dari 3 paslon yang ngucapin bismillah cuma pak prabowo ?salute 🎉 dari kemarin saya bimbang mau pilih siapa tapi sekarang insyallah saya sudah mantap pilih pak prabowo,1
Anis teori pintar tapi pilihan saya prabowo,1
"Sedih bgt sih 01 dan 03 mojokin terus 02. Padahal harusnya adu gagasan kan ya. Ini bukan laporan pertanggungjawaban mentri pertahaman. 
Jadi bingung milih yang mana. 😢
Cara menjatuhkan nya itu lo. Mengsedih bgt.",0
Ngakak😂,1
"namanya juga debat ya saling tanya bertanya lah, berdebat lahh mana seru kalo biasa2nya dmn bisa kita liat kemampuan masing2 paslon",0
Maksut RRI paslon 1 dan 3,0
Prabowo Subianto gibran,0
"Kita siap tempur kalau kita kalah jadi presiden, merdeka🛠 bawa tembakan gas air mata sebanyak-banyaknya😁🤑",0
"Baik di mulut lain di hati..air susu dibls dgn air tuba.itulah paslon no 2..


Saya sdh menilai dn menyimak kata demi ksta ke 3 paslon..ttp ssya pilih pslon 2
Mudah""n bpk presiden prabowo menjadi presiden RI..❤❤❤love tou bpk prabowo peesidenku.ttp smngat dan sht sllu",1
"kok aku nggk suka lihat wajah pak Anies,, macam org yg sangat dengki",1
Dari taipe all in prabowo,0
"Smoga semua rakyat bijaksana dlm memilih capres, dr sini sdh kliatan sama yg cm pandai bicara dan yg mn yg kerja nyata",0
Pak Anis plg pandai berkata kata licin bgt,0
Rakyat susah seperti kami ga tau misi visi kalian yang taunyanya kami bisa makan cari uang mudah hutang ga ada itu aja pak cawapres,0
ANIS COCOK BUAT JADI PRESIDEN INDIA 😅,0
"Indonesia butuh pemimpin SIDIQ, AMANAH, BALIQ, FATONAH.
AMIN.",0
"Emang sudah diatur paslon no3,hanya sebagai pelengkap paslon no2,seolah2 paslon no3 brlawanan dg paslon no2. Jadi sebenarnya yg berdebat hanya 2 kubu capres,yi; yg no1 & no2.",0
Asbun tuh pak anis... wong data keamanan rahasia  kok ngeyel suruh buka di tempat umum...ngerti gak sih sbnrnya dia...😂asbun..asbun,1
"Kenapa Anies sllu ingin menjatuh kan,pemimpin yg bagus tidak akan menjatuh kan lawan debat nya",1
No 2 diserang sm no 1 dan 3. Tetep bangga sama no 2 pak Prabowo. Yg lain sibuk cari cela untuk jatuhkan no 2..😅😅,0
One abut muka polos hati dan otak penuh kemunafikan 😅😅😅😅,0
"Jelas banget yg meninggalkan panggung duluan dia, tp bilang nya dia mencari dan sudah tidak ada di panggung",1
"Mosok video live dipotong potong... 
Takut kali calonnya kalah wkwkwkwkwkwkwkwk",0
Pokoknya aku cinta mati sama pak Prabowo ❤❤❤,1
Rayat gabutuh janji manis calon pejabat. Rayat butuh sejatera ekonomi koplok .....,0
Kalimantan maju bersama prabowo gibran yes 1 putaran goallll❤️💪🤲🤲🤲,0
siapapun presidennya asal jangan kadrun,0
"Namanya debat itu pasti semua berbeda pendapat, kenapa di komen malah banyak yang bilang menyudutkan/menyerang wkwkw",0
Anies❤,0
Liat no.1 Enneggggg,0
Anda bisa merendahkan lawan ....tp anda...tidak sadar .ucapan anda..bisa merendahkan anda sendiri ....,0
Debat itu membahan masa depan Indonesia visi misi kemajuan Indonesia ini ke 2 Sengkuni malah depat masalah militer,0
"Siapapun pemenangnya nanti..tetep aja masuk lubang yg sama,,smua msh dlm kendali kekuasaan kepentingan  kapitalis dan politik luar negri..😅😅😂",1
Ganjar & amies sampe kapanpun gx akan perna jadi😂😂😂,1
"kalai saya pilih anis salahnya patal sekali jadi gubernur  banyak janji  alias omong kosong apalagi yamg mendukung nasdem  
 pupuk untuk petani di koropsi 
kalao prabowo mas gibran pasti menang satu putaran  poktan 2nganjuk jawatimur sangat mendukunya  semoga jadi pupuk para petani tercukupi",0
"Debat itu harus edukatif untuk masyarakat bukan saling serang pribadi.. 
Dan penjelasan Visi misi untuk bangsa negara dan rakyat  Indonesia. 
Jangan ajak kami rakyat saling membenci.. Wahai yang punya hasrat berkuasa tunjukkan pada kami hal yang positif dan membangun untuk kebaikan bangsa dan negara",1
jadi gk udah saling debat lah percuma. Bikin  rakyat ribut gegara kalian,0
ngapain saling menjelekan calon pemimpin mau no 1 atw 2.3 sama saja kita mah tetap beginih.,0
Alah pinter omon* si anies,0
Prabowo TIDAK BUTUH JABATAN tapi Nyapres koq sampai 4x 😀😀😀😀,0
Keren cuy 🎉❤,1
Mju pk prabowoo ak supot pk prabowo❤❤❤❤,0
"Pandai Bicara, mulut manies.....itu pertanda kepalsuan",0
"Baru menyampaikan visi misi, kenapa sdh ad unsur menyudutkan slh satu pihak? Sgt d d sayangkan 😢",0
Prbowo dhati❤,0
Pak Ganjar kecepratan itu gimana Pak🤭🙏dimenit 49:09 detik,0
"Ibaratnya anak kecil kalo dikasih yang manis-manis terus, lama2 ya Diabetes. ""Gapapa kasih aja permen biar mereka suka sama saya"". Matiii semua.",1
Up,0
prabowo,0
berasa lihat debat menhan vs capres 🙄,0
Anis Anis pandainya merangkai kata2 🤭,0
AMIN 1 Insya Allah ❤,0
Anies di kirim ke palestina aja lah..,0
ttp prabowo gibran😂😂😂😂😂😂,1
prettttt ngomong  semua bisa g😊😊😊😊aesss,0
Kita mencari pemimpin yg bnyk bekerja bukan pemimpin yg bnyk omong...,0
Wkwkwk palestina dibawa2 buat ambil simpatisme,0
Mantap gaest Lagunya nya ni skrg ini Calon Presiden Indonesia ini,1
Mantap gaest ini kisah nyata seorang Calon nya presiden Indonesia,1
Tolong pak bantu rakyat kecil banyak yang terjebak pinjol karna bunga nya besar tenor nya kecil. Tolong di bahas.,0
"pak ganjar sbenarny bgus,,,  cma d partai banteng jd ogah...
opsi ny y prabowo,,,   kl anis mah ogah...",0
Kalau dikelas nasional saja gemosian bagaimana nanti jika dikalangan internasional.,0
"Coba kalian nikmati debat kata"" nya aniss..seakan akan ingin menghancurkan Indonesia... semua rahasia KEMENHAM dan alat bekas di publikasikan..bagaimana kalau negara lain tau apa gak bahaya..
Tuntut Anis masukin penjara bukan calon presiden itu kalau punya sifat kayak sok niss anissa",0
"Debat macam apa ini 😂😂😂😂😂😂
Pak gemoy diroasting mulu, pinter bner 1 sama 3 ya, menanyakan hal yg gamungkin dijelaskan dlm 2 menit.",1
YA ALLAH SIFAT ASLI ANIS KELUAR KAYAK GAK PUNYA OTAK BISA MENGHASUT PUBLIK DENGAN OMONGANNYA YANG GAK MASUK AKAL INGIN MEMANCING PAK PRABOWO MARAH ..DAN ANISS MASIH GUBERNUR SAJA SUDAH SOK TAU KASIHNILAI KEMENHAM...KERJAAN LU MASAK MENGUASAI TENTANG KEMENHAM...JADII KALAU DUKUNG ANISS PIKIR PIKIR DULU KARNA ANIS DI MATA PUBLIK SUDAH KETERLALUAN OMONGANNYA,0
"Kalau Anis sampe menang, sptnya TNI dan Polri harus siap dengan Intel dan semua pasukannya, Krn sptnya akan banyak cukong² negara baik yg dari aparat maupun yg bekerjasama dg aparat akan takut di gusur dan habisi sehingga akan membuat fitnah² yg entah bagaimana bentuknya shg membuat kacau macam².
Bersiap ya pak keamanan (TNI &Polri)",0
"Dalam debat juga pasti setiap orang akan selalu mencari kelemahan lawan dan menguatkan visi misi tersendiri, menurut saya Prabowo ini terlalu gampang terbawa emosi, malah menurut saya beliau tidak bisa dibilang tenang dalam menjawab perdebatan, ketika kita sudah dijatuhkan alias lawan sudah menemukan kelemahan kita, kita harusnya menjawab untuk membuktikan bahwa pendapat lawan tentang kelemahan kita adalah salah, bukan malah mencari teman untuk sama2 menjatuhkan yang lain",0
iyaaa namanya juga debat yaa harus seperti itu,0
"Terimakasih & Yg Sya Hormati kpda Keseluruhan nya. Sya Berasal Dari Kab.Halmahera Selatan, Provinsi Maluku Utara. Tanpa perlu panjang lebar lagi, Langsung sja Terkait Substansi pertanyaan Pajak.
Sya Punya pengalaman Membuat Izin Usaha minyak Tanah, Namun Lagi"" Kepengurusan administrasi sya sangat sulit di bagian sektor Migas.
Pertama Sya Telah membuat izin usahanya, Mengisi Formulir/blangko Di perijinan, dan Membuat NPWP, hingga ijin Usaha Di OSS dan keseluruhan, namun Di pihak Kantor Pertamina menolak berkas saya dengan alasan Belangko yg sangat bnyak tertampung di kas mereka. Singkatnya akhirnya sya Tdk jdi berbisnis Minyak Tanah dan kemudian sya berbisnis Kios Kecil""lan selama 1 stengah tahun. namun Hal Mengganjal yg sya dpatkan, ketika kios sya mulai tutup, pada saat itu jga sya pergi ke dinas Perpajakan utk mengkonfirmasi bahwa berkas sya ini Tdk di terima oleh APMS sehingga sya mengalihkan ijin usaha sya selama 1 tahun kebelakang itu membuat usaha Kios Kecil. Kemudian dari pihak dinas Perpajakan menanggapi klo saja Bpak karena Tdk mengkonfirmasi dari awal makanya Bpak harus membayar pajak selama 1 tahun ke belakang ujar dinas Perpajakan. Sya bilang baiklah klo bgtu berapa yg harus sya bayar. Kata mereka sebesar 7,6jt. Sya kaget knapa sebesar itu, pendapatan sya Tdk smpai 2jt sebulan, hanya 750rbu, sya Tdk mau membayar jika sebesar itu kata sya. Trs pihak pajak katanya meringankan klo bgtu nnti Qt buat laporan pemberitahuan ke pemerintah provinsi dengan demikian klo sja BPK punya usaha selama setahun ke belakang Tdk terealisasikan ijin nya sehingga bajak yg di kenakan Tdk sebesar 7,6jt Tpi Bpk bayar sja 4jt utk sebagai pajak penutup pengakhiran atw pengalihan usaha dari minyak ke kios kecil. Aku pun bilang ke dinas, Tdk sya Tdk mau membayar, itu jga sangat besar. 
Ok, dari sini bagai mna tanggapan Bpk terkait dengan inii atw kasus yg saya alami, dan apa bentuk keringanannya, klo sja pertanyaan nya seringkali para UMKM jga Tdk membayar pajak hingga merugikan Pelaku usaha Yg besar, sementara kita yg kecil di bawah ini di apatiskan dan di pungut pajak sebesar itu ke Qt hingga Qt merayap, siapa yg gila dan siap yg waras. Silahkan pak Anis, mohon di jawab, terimakasih 🙏",0
"Di pikir pikir calon pemimpin karang kebanyakan debat yng kaga ada hasilnya,bukannya mikirin kehidupan rakyatnya yng sedangkesulitan ekonomi di pelosok perkampungan atau desa atau kecamatan tertentu yng ada hnya debat tuk kepentingan diri sendiri klo dah jdi pemimpin.cobalah sekali kali pikirin cara tuk memperoleh kehidupan yng gampang tuk mencari rejeki di pelosok desa,kampung atau kecamatan di seluruh Indonesia yngdi utamakan hnyalah perekonomian dan kesejahteraan di perkotaan doang,coba pikirin dan rasakan hidup atau tidaknya masyarakat yng ada di kampung,desa, atau kecamatan.apalgi jmn sekarang ini apa apa mahal,cari kerja susah dan bnyak pengangguran,mana perhatian pemerintah Slamana ini ,terkadang skalinya ada bantuan  kaga merata,kadang ada yng dpt ada yng kaga.gimana sih jdi pemimpin ga ada yng peduli dan kerja nyata di kehidupan desa dan kampung,udah tau yng di kota itu rakyatnya bnyak duit apa apa segala kebutuhan pokok sehari hari di mahalin.klo bisa turunin segera kebutuhan poko masyarakat desa kasian yng kaga mampu  yng idup di desa dan kampung,dan juga tolong ciptain lapangan kerja buat di desa dan perkampungan,ingat masyarakat kita ini hidupnya blom merata,kebanyakan yng kaga mampu dari pada yng mampunya di segi ekonomi,tolong perhatikan kehidupan di perkampungan dan pedesaan di seluruh tanah air.anggarannya jngAn terbuang kaga tepat sasaran,sekarang ini kesulitan ekonomi di perkampungan dan pedesaan sangat memprihatinkan sektor usaha semuanya sepi dan sulit tuk kebutuhan hidup sehari hari aja susah,jngankan yngusaha susah,apalagi yng kaga usaha  sedih rasanya.dengan adanya pemilu taun ini semoga pemimpin kita peduli akan kehidupan di perkampungan dan pedesaan.sya hnya akan memilih pemimpin yng punya kepedulian dan merasakan kesedihan rakyatnya.",0
All in prabowo.,0
Prabowo saya selalu mendukungmu❤ semoga kali ini bapak menjadi pemimpin terbaik untuk kami pak.,0
"Kerent bngt "" Gama"" semangat  ya pak",0
go go go PK anis,0
moga pak Anis di beri jalan kemudahan untuk menjadi pemimpin,0
hidup pak Anis,0
"trus kalo ganti president. atau siapapun. apa iya bisa merubah nasib rakyat bapak2?,  menurut saya semua taik kucing. yang susah tetap susah. yang sederhana tambah susah. yang kaya tambah kaya. itu terjadi ya pak.",0
Siapaun persiden nya tolong hilangkan yang namanya pinjol n judi online karena sangat menggangu generasi muda Indonesia,0
"VISI MISI PASLON 1 DAN 3 ADALAH UNTUK MENYERANG INDIVIDU PASLON 2. DI SESI TERAKHIR MASIH BEGITU AMBISI NYA MEREKA  UNTUK MENYERANG PASLON 2. 😂 SOAL DATA YANG LEBIH PAHAM ADALAH PRABOWO KARENA DIALAH MENTRINYA. JADI PRABOWO TAU DATA YANG MANA HARUS DI BUKA DEPAN PUBLIK DAN TIDAK. KALO DI LIHAT DARI GANJAR APA PRESTASINYA YANG BISA DI BILANG SANGAT MENGESANKAN SELAMA GUBERNUR??? PENGETAHUAN HANYA SEBATAS PROVINSI ,DATA DAPAT DARI STAFF.. KALO BUKAN DARI STAFF APA YANG BISA DIA KOAR2IN.. SEDANGKAN ANIS MENTRI PECATAN SECARA TAK HORMAT. OTOMATIS MASA JABATAN ANIS SELAMA JADI MENTRI TIDAK SAMPAI SELESAI !! DI SINI PRABOWO LEBIH JAUH SANGAT UNGGUL DI DALAM PERTAHANAN NEGARA KARENA BELIAU TAHU BETUL BAGAIMANA SITUASI DAN KEADAAN NKRI SEKARANG. INTI NYA PASLON 1 DAN 3 NGOMONG WAE !!! RA ENEK BUKTI NE. . BUAT ANIS BASWEDAN MENDING JADI STAF DISDUKCAPIL AJA DI JAKARTA. BIAR ANGIN .BANJIR .HUJAN  ADA KTP NYA. KASIHAN MEREKA TIDAK ADA IDENTITAS KEPENDUDUKANNYA..",1
Dulu Anis jadi gurbernur itu adalah dukungan pak Prabowo sekarang malah natang pak Prabowo jadi mikirlah wahai para rakyat Indonesia klo Anis jadi presiden kalian para rakyat akan ditantang jg dukung lah pak Prabowo,1
"Saya sudah melihat merasio dari capres 01,02,03 yang menyapaikan gagasan & idenya di Forum kadin  dari ketiga Calon Hanya no.01 tembus viewnya 1jt lebih keren mantab gagasan pak Anis jelas & padat serta mudah di pahami",1
"Gaperlu bertele² gaperlu omongkosong gaperlu saling menjatuhkan, karena sudah terlihat jelas siapa yg berbicara sesuai fakta dan realita, pengalaman dan wawasan, bukan cuma omongkosong belaka yg tidak ada habisnya, terlihat jelas siapa yg berusaha mati²an melindungi pertahanan negara walau selalu disudutkan oleh kedua orang yg entah prestasinya apa. Bisa dilihat di menit² terakhir siapa yg benar² tulus mau membenahi negara supaya lbh baik kedepannya. Terlihat juga lbh banyak org yg bersimpati di menit² acara.",1
1:18:54 wajah kicep bisa jadi meme?,0
Debat itu harus mencontoh Najwa Shihab atau Rocky Gerung cerdas dan mental bagus jika debat tidak kuat mental ujung ujungnya tidak nyambung jika kalah debat ujung ujungnya memalukan,1
"Rakyat butuh action/tindakan, bukan hanya sekedar teori/berkata kata.. Semoga rakyat Indonesia bijaksana dalam memilih seorang pemimpin ❤",0
"Presiden mulai error bicara nya mau beli barang bekas, setahu saya negara negara lain tidak suka barang bekas apalagi pesawat transformers ujung ujungnya penumpangnya kecelakaan dan TNI nya tewas, tolong plis barukan semua nya termasuk beli tank karena kendaraan nya di butuh kan bertahun-tahun untuk latihan, betulin semua pesawat di Indonesia saja sudah kewalahan untuk apa nambah barang bekas, adanya nanti di tipu negara lain, sudah mau rusak pesawat nya di bilang masih layak pakai, beli pesawat baru semua nya beli tank baru semua nya,betulin pesawat dan tank  yang sudah lama di seluruh daerah Indonesia, sisa nya kita beli barang bekas,beli pesawat bekas atau tank bekas ada di urutan nomor tiga, karena barang barang kita sendiri seperti pesawat dan tank sudah lama sudah di katagori kan barang bekas juga karena sudah lama umur nya,saran saya beli pesawat baru tank baru, pesawat baru tank baru semangat juga baru 💪 prab w prab w prab w ingat saran saya 👍😁, beli pesawat yang besar yang ada kamar nya, beli pesawat transformers beli yang canggih yang bisa berubah jadi Optimus prime,beli tank yang canggih yang bisa terbang,siapa saja yang jadi presiden kalau pesawat nya baru atau kapal nya baru semua nya gua kasih nilai 100$ kalau bekas semua nya gua kasih nilai 40 kalau barang nya banyak yang baru dari pada yang bekas gua kasih 65 nilai nya",0
"Bismilah untuk kali ini untuk pertama kalinya untuk ikut memilih pilihan saya,bismilah saya pilih nomor 1",0
ANIS....,0
Apakah anda sdh melihat rekam jejaknya? Yg omdo itu siapa anda atau orang yg anda !nyinyirin sih,0
 @tini7370  rekam jejak siapa bro yg anda maksud biar sy tdk gagal paham dan bgt jg anda,0
Kasih kesempatan Paslon 01...biar action nyata seperti yg anda inginkan...pilih paslon 01 dan anda akan merasakan kenikmatannya😂,1
"​ @indonesiamenang907 kt si ALDI "" IQ BANGSA INDONESIA TERENDAH DI ASIA TENGGARA""..krn IQ GUE DI ATAS RATA2...MAKA gue HARAM memilib org yg satu rumpun dg PENGHINA BANGSA GUE...kecuali org2 yg sesuai dg hinaan si Aldo...",0
"Siapa yg beli barang bekas? Itu fitnahan anies, sungguh keji. Tonton saja klarifikasi setlh debat ini.",0
"Hati2, data yg diucapkan oleh paslon 1 SANGAT tidak akurat😅 (baca: ngaco). Setlh debat ini kan ada klarifikasinya.. Anies anies.. Kl mau menang harus tetap jujur Nies",1
"Hati2 dg org yg NATO.. No action, talk only",0
Uv yg p sv ya kk,0
"Ma,AF ya nak kalau takut kalah  jangan saling olok mengolok satu sama yg lain , kira-kira apa hatinya sudah bagus , dasar otak kampang",1
Pemilu adalah cerminan kebesaran bangsa. Kita perlu memelihara citra positif.,1
"Pengikut setia bpk prabowo subianto ,dri awal bpk prabowo mencoba mencalonkan diri jd presiden ,saya tetap memilih bapak tak mau pindah ke yg lain karna sya  ykin bpa orang yg jujur ,orang baik ,dan ap adanya... 🇮🇩✌",1
anissssss❤,0
"Pencurian Kayu Mahoni dan Lem Aibon.
Itu yg harus dipikirkan.",0
Harapan seluruh rakyat Indonesia agar ketiganya calon presiden RI dan calon wakil presiden RI harus rukun dan bersahabat karena rakyat sudah tahu yang dipilih menjadi terpilih tentunya dilihat dari segi kinerja; tanggung jawabnya! dan bijaksana,0
Yang dukung pak prabowo 🎉🎉,1
dari sini kita lihat siapa yang pantas...  klow sayah nomer 2,0
Gk ber mutu Anies Baswedan PRABOWO SUBIANTO YEEESSSSS,0
"Seolah negara kita mau di serang, bacotnya tentang pertahanan mulu. Bosa",0
Ujian terberat.. saat manusia diberi kelebihan adalah kesombongam.,0
Pak prabowo kamu hebat❤,1
Orang cerdas pasti pak Anis pilihan nya 🙏,1
Kasian pak anis 1 lawan 2 sabar mdhn menang no 1,1
"Gapapa pak prabowo,01 dan 03 keknya cuma mau pak Prabowo jadi presiden itu mah , semangat paj🤩🥰",0
"Ketulusan hanya terpancar dr Wajah pak Prabowo,,yg lainya Modus🤣",1
Saya melihat paslon nomor1 berbahaya karna setiap.dia ingin menjadi pemipin di setiap politiknya penuh dengan kekacawan politi...? !.! !..tapi sayah rasah ini karna perkataan ahok siap yang mesalimi ahok akan di permalukan.inilah yang terjadi pada pak prabowo.Prisiden ku. Yang berjuwang matimatian untuk seorang anis yang munafik .adah kemungkinan negara ini akan di gadaikan kepada TERORIS....BERBAHAYA,0
Pa anis menyudutkan/menyalahkan,0
"Kinerja lu ga ada anis, minim.",0
😂wowkkw kena bangeut 😂,1
"Betul. Paling tidak anies harusnya tidak memfitnah orang sekalipun lawan politiknya, apalagi orang yg pernah mengangkat dia ketika dicampakkan oleh orang yg dia dukung seblmnya",1
Iya,0
Hati2 termakan mulut manis,0
😊😊😊😊😊,0
😊,0
Cuma bisa ngomong lu anis,0
Semoga allah mengutuk manusia-manusia licik,0
"Anis senyum bengis, tatapan wajah2 licik",0
Itu gugatan pa anis,0
Pembuka di penuhi gugatan,0
Wadas apa kbr pak Ganjar,0
"Ganjar notbad, tp partainya bigNo. Bgus nnti ganjar kluar dr partai itu, biar next bisa mandiri sndri.",0
"Siapapun presiden nya asalkan jngan anis ,",0
ALL IN PRABOWOOOO 🤘🤘🤘🤘🤘🤘🤘🤘🤘🤘🤘🤘,0
"Anis penghancur Indonesia,",0
"Anis asu edan gak cocok jadi president,  pemikiran penuh imajinasi, tapi gak ada kerja nyata",0
0:08 0:08 😊 0:08,0
"2,2024",0
Kualitas yg gmana yg sok keras klo nilang..  Yg sok keras saat d clubbbbb😂😂😂,1
Prabowo❤❤,0
"Tiap baris duduk penonton,kasi staff donk...tegur 1-2-3x usir...menganggu sekali tereak2 ga jelas,applause boleh tapi bukan tereak2....acara debat pemilihan presiden,kaya nonton indonesian idol penonton ny",0
Anis adalah pilihanku,0
😅,0
"Presiden itu 👉 penipu 👉 mulut kadal 👉 mulut kambing  👉 mulut jin 👉 sadis nya mereka semua presiden tidak mau tersinggung dan tidak mau tahu akan korupsi yang pernah mereka kerjakan, mereka berlagak seperti Tuhan,berlagak seperti manusia yang baru lahir merasa tidak punya dosa, dan semua prajuritnya presiden juga memonopoli korupsi negara sehingga tidak meninggalkan jejak susah di Brantas",0
"Kami atas nama rakyat indonesia kami tidak bodoh lagi ,kami punya hati nurani yg gk bisa dibohongi kami tau mana yg layak jadi presiden di akhir jaman ini.kami gk butuh pemimpin yg pecicilan.",1
"paaak prabwo paak prabowoo 

yg gemoy  yang gemoy pak prabwooo pak prabowo kami cinta  pak prabowo🫰🫰🫰",1
Mau nanya kalau mau daftar jdi calon presiden . Harus bayar berapa ya ?,0
"Sebenarnya tidak boleh saling menjatuhkan salutt,,,sama pak prabowo pak prabowo,,,patas jadi pemimpin negri ini❤❤",0
"Terharu melihat kerendahan hati bapa....maju terus bapak prabowo,,,,💪💪💪💪💪🥰",0
Pak Prabowo ❤❤,0
"Nanti klo Pak Ganjar jd presiden,  Pak Prabowo ttp jd menteri 
Dan begitu pun sebaliknya
Klo pak Prabowo jd Presiden , Pak Ganjar jd menterinya..
👍👍👍
Mau kawan atau lawan, klo kita bisa memanfaatkan potensi dr mereka,  ya "" Kenapa Tidak !!! ""

Smoga  Yang terbaik dr mereka lah Yang Kelak akan memimpin Indonesia 2024-2029..
Amin 
❤❤❤",0
"2 capres serang prabowo, seolah2 indonesia tanggung jawab penuh prabowo,,, padahal pusatnya kasus2 besar ya yang ada di pusat,,, 
dewan main slot, anak pejabat jadi pembuli, pembuangan anak, pemerkosaan , narkoba, operboden warna warni, penggusuran, pungli, korupsi, bannteng terobos lampu merah, skandal vidio di potong2, stanting di makan yg banyak uang, dll.. KITA HARUSNYA BEKERJA SAMA, BILAPUN BERKOMPETISI,, JANGANLAH KE PERSONAL INDIVIDUNYA.",0
hapus sistem kontarak pak ku pilih kelen,0
Debat yang hanya mempertontonkan salah seorang calon dengan sifat yang tidak mencerminkan sebagai pemimpin negara.,0
Kedua capres sll menyerang pekerjaan Prabowo.. ini bukan debat tapi mengkritik kinerja pak Prabowo ..,0
"Insyaallah untuk ke tiga kali nya saya milih bapak Prabowo,,,tetap semangat pak,❤❤❤",0
Haduh aku orng boodo tapi melihat psangan no tiga memalukan  kenapa  berlagak kayak  gaya gaya aja  ini waduh  nggak bisa percayA  saya,0
Siapapun presidennya yg kita inginkan adalah orang baik,1
Dri dulu selalu dukung pak prabowo tpi sekarang karena wakilnya mas gibran jdi ragu kayaknya harus pilih 01 tpi setelah lihat debat capres dan cawapres fix pilihanku 02,1
Salam  pemilu damai😊,0
"ini debat apa roasting🤣 knp paslon 01 03 menyerang paslon 02 bukannya bahas negara kedepan malah mencari kesalahan paslon 02, terlihat sekali sifat aslinya ingin terbang dgn cara menjatuhkan orang tapi sayang jatuh sendiri 😢😂😂",1
No 1 banyak omong lupa kerja. no 2 Banyak kerja lupa ngomong. no 3 Beda yg dikerjakan beda yg di omongkan. Al in no2,0
Iqro' ......anies semakin didepan,0
"Paslon 01 terlihat arogan , suka meremehkan orang lain, terlalu ambisi untuk menjelekkan paslon 02",1
Pak parbowo pasti menang saya dukung pak parbowo,1
"sabar pak Prabowo, biar angka yang menentukan nanti siapa yg benar..",1
emg patah2 ya?,0
"Disuruh closing statement kok ganjar malah menunjukan data kemenhan itu jelas bias bukan menunjukan seorang kenegerawanan, kalo anies diseai tanya jawab menjanjikan rumah untuk tni,, nah itu rumah dp 0 % di dki juga gak jelas tuh bahkan isu kelebihan bayar belom selesai, jelas pak prabowo katakan kalo pk anis  menyesatkan penonton dan pemirsa",1
Anis😀😀😀😀😀😀,0
tiati dgn watak sperti pak prabowo suka playing victim😅 ngeri,1
"Paslon 01 sibuk mencari kesalahan paslon lain , kelihatan merendahkan 😢 agar supaya orang mengakui dialah yang terbaik ,
Paslon 02 saya liat benar benar tulus ingin mengabdi kpd negara ,dan bicaranya fokus ke bagaimana negara kedepannya bukan mencari kesalahan Paslon lain.keren",1
Kami bersama mu pak prabowo,0
Prabowo jangan dipilih😂,1
Alhamdulillah Pak Prabowo dan Mas Gibran' yang terbaik untuk Rakyat Indonesia,0
The real Sengkuni..udah kliatan ..di suruh adu gagasan demi kemajuan MLH nyebar gosib dan fitnah..lebih parah dari emak emak,0
Ternyata acara ini untuk.  Meyakinkan 02,0
Jangan mencari kesalahan lawan lawan pak anis,0
"Anis2  seorang calon presiden yg di bahas , soal masa depan negara kita ke depan , bukan soal masa lalu.",0
Pak anis terlalu ambisi menjelekan pak prabowo..,0
Saya pribadi tetap pilih no 2..tenang pak rakyat ga buta..jasa bapak lebih besar dari mereka..bapak seorang jendral yg terjun langsung ikut berperang mempertahankan timor timor,0
saya bersukur dan bahahagia  sudah sehat bahagia sukses bermanfaat kaya raya bijaksana keluarga harmonis anak berbakti dan ceria tiap detik sejak dulu,0
"01 dan 03 udah sangat  layak yg mimpin indo dan seharusnya bersaing dengan sehat dan objektif ,kek nya no 2 engga dlu deh , gila bgt menghalalkan segala cara , sampe ngubah uu apalagi mk nya om nye samsul ,track record dia mimpin buruk , jadi tni di pecat , food estate ancur,beli alusista tapi database kemenhan di retas,gaji tni ga pernah naik, punya tanah berkehektar2 tapi rumah dinas tni ga di liat dan semuanya pake  apa? duit rakyat ,berapa? Beribu triliunan , sadarlah sodara warga indonesia jangan tergiur sama money politik karena di daerahku 02 money politic nya gila2an!!!


Pilihlah pake nalar dan pake kepala dingin alias mikir, masa depan indonesia di tangan kalian!!!",0
CAPRES NO 1 : sosok yg bisa menterjemahkan PERJALANAN indonesia dengan apik dan MENGERTI apa yang TERBAIK untuk bangsa ini KEDEPANnya.,0
"Bapak anies , naon nu di rasa pak ???",0
Prabowo takut negeri ini jatuh ke keturunan Yaman .negeri Yaman akan jaya,0
"Bener. Mereka cuma fokus sama paslon 1 dan 3 yang sibuk berbicara kesalahan prabowo. Padahal perkataan mereka bener. Gue heran kenapa sama mereka, mereka ga dengerin perkataan kedua paslon itu",0
Oh,0
"Pak prabowo emang selalu bagus untuk jadi menhan saya akui, tapi maaf pak untuk presiden kapasitasnya saya lebih memilih anies. Secara IQ EQ nya sangat stabil dan pemimpin itu harus dingin agar di hormati. Menurut saya",1
2:24:37 KKB aja gak bisa di berantas. Malah TNI qta jdi korban.,0
Harapan saya siapapun yang jadi pemimpin negara republik Indonesia harus mampu menutup semua akses judi online agar rakyat bisa lebih fokus meningkatkan ekonomi keluarga.,0
"hahaha d sini ternyata banyak pendukung 02 yah, amit amit deh, O2 dinasti Jokowi",0
untuk menyelamatkan Indonesia jgn pilih 02,0
"Kenapa sih Anis sama Ganjar tetap ngotot KPD PK Prabowo untuk buka data negara sudah jelas2 itu menyangkut rahasia negara apalagi berpengaruh sama menhan sebelumnya ,untung PK Prabowo tidak terpancing dengan hal itu ,semangat PK Prabowo gemoy😘",0
anies haram,0
Biasa.nya.klo pintar ngomong.orang itu.suka bohong.mulut manis.dan janji manis.,1
Berapo.pak perabowo.,0
Semangat.pak prabowo.tetap semangat.kami mendukung mu.,0
"Nomor  Urut 2 Yes,.2024..lnjut dan menuju masyarakat makmur,adil dan merata dlm kehidupan ekonomi.indonesia kaya😊",0
Paslon 1 terlihat sangat arogan 🥲,0
"Alhamdulillah sudah keliatan siapa pemimpin yang cerdas secara intelektual dan cerdas secara emosional.. Smoga Allah menyertai langkah pak Ganjar… Menang ataupun kalah tetaplah menjadi panutan kita dan tetap menyumbangkan smua ide, potensi dan tenaga untuk bangsa Indonesia..",1
anies tong kosong nyaring bunyinya,0
hostnya bagusan yg kemaren,0
Anis sok cakep dri tdi. 😅,0
Rakyat butuh kerja nyata bukan janji belaka. Maju terus untuk indonesia pak prabowo😍,0
All in Prabowo ❤❤❤❤,0
"Sabar pak,,kami mendukung pak prabowo biarpun mereka saling menjatuhkan tpi bpak ttp sabar menanggapi nya,semoga kemenangan berpihak pda bpak🤲",0
yoi sayangnya banteng,0
"d brantas mah sbenerny mudah bos,,, tp terkendala dngan ham bos....",0
2jari pak Prabowo,0
"Si Wowo terlihat mati kutu, dicecar Paslon lain dengan data, bisanya hanya ngeles.
Anis terlihat tajam dlm sikap, Ganjar terlihat cerdas dlm argumen.",1
"Anis Basweda arogan kepintarannya, maka jangan di pilih",0
"Menurut observasi di negara Timor Leste, Bayank orang Jawa Timur berjualan di Negara Timor Leste,,,Semua Orang Jawa Timur di Timor Leste dukung Ganjar,,,,tapi pribadi saya dukung Bapak Prabowo. Makasih: Jony Dana dos Santos",1
Di akhir byk sekali orang yg dtg menghampiri pak Prabowo. Terharu😢,0
Negara ini gada oposisi jadi tidak ada yg mengkritik jalannya pemerintahan,0
senyum mu itu loh pk anies penuh tipu²,0
Efesiensi anggaran tidak dapat dilakukan dengan kelebihan bayar dan anggaran siluman,0
"Si Wowo aneh, yang ditanya apa dijawabnya laen. Emang ga jelas ini orang. Yang kayak gitu masih di dukung. Aneh deh. Pendukung Prabowo sebenrnya otak kalian nyimak ga sih gagasan dari Paslon 1 dan 3",0
PRABOWO kerja nyata,0
Pak prabowo kelihatan kagum sama pak anis krn secerdas itu ini org 😂😂😂,1
Masya Allah cerdas sekali pak anis.,1
"liat debat ini mulai hari ini fix eneg bgt liat anis, mulutnya jahat bgt. pdhal saya sebagai saudara kandung yg kakak saya sebagai prajurit tni banyaaaak bgt perumahan dinas yg disediakan untuk prajurit tinggal pilih aja mau yg mana",0
"' kenyataan manis di pandang pahit di rasakah.
.Wayah e wong tulus tampil. 
RI 01 Bp H.Prabowo subianto.",0
Anis hanya bisa ngomong Dia pandai  merangkai kata tp tidak dgn kenyataan tong kosong nyaring bunyinya,0
"Kocak jir wkwk😂, menyesatkan, gapunya etik, siapa yang dari tadi komen2 ga jelas keluar dari pembahasan wkwk😂",1
bapak prabowo kurang lugas saya ga bisa ambil inti sarinya,0
"Tetap anis ,aamiin",0
"Yuk kita dengarkan para calon petinggi negeri, memberikan janji manis yg belum pasti terealisasi ucapannya....",0
Cerdas ngomong doang tapi tapi kerja nyata enggak bisa..jadi menteri pendidikan aja di pecat pak Jokowi enggak bisa kerja bisa nya ngomong doang 😂,1
Nama nya bukan Anis klau enggak manis di bibir saja Anis aja jadi menteri pendidikan enggak bisa kerja bisa nya merangkai kata kata doang makanya di pecat pak jokowi😂,1
Jgn pilih capres yg punya kelebihan kedengkian dan kebencian yach!!😉😀,0
"Masyaalloh Bpk KPU menyebut hari Ahad.Bismillah 1,aminnn.",0
"dari debat kemarin gw paling suka Pak Ganjar, Ketegassananya, keberaniannya, gagassannya,, jga visi misinya juga programnya sangat jela sekali,, saling respect jga,,",1
Nomor urut 02 terlalu emosional untuk sebuah acara resmi debat capres tahun 2024 😭🙏🏻,0
"senang prabowo bisa tahan emosi gak ngomong kasar saat debat gak kaya kampanye.. beda banget kharismanya sama Pak Ganjar yang memang presiden sejati,,, kalau anies bisanya mancing emosi doang,,,",0
👍👍👍,0
kalo lu mau liat manusia populasi low iq di indo cukup hitung berapa jumlah pendukung wowo,0
Jangan sebut2 nama Allah jika tidak sesuai dg kenyataan nya,0
Pak Prabowo slalu di hati😍😍,0
Pekerjaan yang kecil kita laksanakan dengan baik maka pekerjaan yang lebih besar akan lebih baik dan sukses,1
NKRI harga mati ..,0
"Anis Sm Ganjar Ambisius jd pemimpin, Sementara Prabowo terlihat tulus dan ikhlas cinta pd negara ini. ✌️",1
Tetep pak Prabowo lainnya gak mutu,0
Xenia ❤ 0:23,0
Insyaallah pak prabowo presiden kita yg baik,1
Tidak usah lihat debt aku tetap no 2 so semakin menyerang semakin menjelas kan buruk nya sifat paslon no 1 & 3😂😂 hati2 netizen lebih pintar menilai mana yg baik & pura2 baik😅,1
2024 all in prabowo,0
nis anis KAKEAN CANGKM,0
Apa cuman saya yg berpikiran dari salah satu capres ini ada yg cara berbicara nya SONGONG?,0
31 : 40  ( TAIK ),0
itu namanya debat seperti itu,0
Banyak yg low IQ ternyata 😢,0
" mbakviro  ya jelas nggak lah. Ini kan debat RESMI, jadi seharusnya sikap yang ditonjolkan juga harus sesuai walaupun dlm kondisi ""terpojok"". Pinter2 menyesuaikan lagi ya mba🥰",1
Dari dlu emosional broo😂😂😂,1
Bumi dunia​ ini​ sudas.cukor 7000thn,0
Setia kepa allohku​ toen kepada nabi​ roso,0
"Gw ko liat mata pak ganjar raut wajahnya kayaa beda ya,auranya -😂",1
mending pak manis ngurus tempat parkir banjir...hujan..angin aja deh... gk cocok bahas pertahanan...ini membuka peluang teroris untk mengetahui keamanan qt...rahasia pertahanan mw d buka...,0
kok bisaa sihhh anis begituuuhh,0
sabar pak prabowo walau di hina di ejek insaallah akan mengankat derajat bapak❤❤❤❤❤,0
senang sekali pak anis bilang anggaraaaaannnnnnnnn😂😂😂😂😂,1
Pak prabowo alhamdulillah banyak yg mendukung bapak dikomentar ini pak. Semangat pak,0
☝️,0
Kasi pertanyaan yang bisa di jawab dengan pr3sentasi... gmna caranya ? 😅😅😅,0
"Penjara juga di pantau pak,... Makanan masa kadang jelas, kadang GK,.. jatah orang susah itu,... 
Di sana juga sekolahan pak, banyak ilmu,... Banyak orang baik yg GK kuat bayar sekolah akhirnya sekolah di lapas,... 
Perlakuan juga di pantau dong, jangan menyalah gunakan kekuasaan,..
Giliran lahir teroris karena banyak penghasut bingung,...",1
Pak prabowo jadi mentri pertahanan aja yg cocok mnurut gua,0
Terharu sama Bapak Prabowo.....,0
"Ini masuknya bukan debat anj, ini mah jatohnya menjatuhkan pa prabowo, emmh ye bnr"" Lu anis, so soan bahas pertahanan lu aja dipecat jadi mentri HADEHHHHH urus jakarta dulu sono nis",0
Prabowo Gibran  USA,0
"Kemarin aku suka pak anis ya, sekarg aku pindah haluan, ternyata",1
yang 2 mh kya lagi curhat ya,0
"Pak Anies Presiden, kami butuh pemimping yang punya gagasan dan terbukti reskam jejak nya,bukan yang cuma pamer goyang",0
Macam dah betul kali kau buat kajarta itu,0
kita harus bisa menilai mana level gubenur mana level mentri dan mana lever presiden. yang layak presiden Amin,0
Mulut mu Anies... Anies.. Apkah dijakarta km mlakukan ap yg sudah d jd tugas untuk mu....???????,0
Anis cuman pinter ngomong aja semua bisa aja ngomong bukti nya inti nya .....probowo go go go,0
"Ya Allah semoga Indonesia semakin damai dan sejahtera yg bs mengerti rakyat na .
🤲🤲🤲
Aamiin aamiin ya rabbal aalamiin",0
Pada baperan pendukung 02...😂😂😂,1
Anis berbicara tentang etika.. Tp dia sendiri tidak punya etika.. 😂,1
"Secara gagasan memang pak ganjat terbaik sih. Tp knp yang di pikirkan hanya kesejahteraan tni polri jaksa hakim dr debat pertama yang dipikirin hanyaaaaa ituuuuuuu terusss. Knp ga mikir kesejahteraan rakyat swasta juga gtu. 

Apalagi mau menggratiskan kuliah bagi anak tni. Mohon maaf pak, saya rasa tni mampu kog mengkuliahkan anak2 mereka. Lebih baik anggarannya untuk siswa berprestasi aja pak. Seperti program Bidikmisi pak. Tanpa ada batasan dalam artian semua orang boleh ikut program Bidikmisi tanpa membedakan status orang tua. Dengan begitu gen z akan terus semangat belajar demi meraih cita2. Bukan menjadi anak muda yang hanya mengandalkan orang tua, kecil mental dan termanjakan. 

Saya orang dari desa, tidak ada biaya untuk melanjutkan sekolah, pun tdk ada beasiswa untuk orang seperti saya, tdk ada bantuan untuk keluarga saya. Tapi saya terus semangat belajar bekerja sambil sekolah. Yang Alhamdulillah dengan sedikit waktu yang saya punya untuk belajar saya bisa lulus kuliah dengan jalur Bidikmisi. Rasanya tdk adill apabila anak pegawai negeri dpt perlakuan khusus seperti itu. Pdhl mereka gaji orang tua sudah besar. Kalau anak dari 0egawai negeri ikut dimanjakan oleh negara lalu apa guna mereka untuk bekerja keras belajar demi memperoleh kepandaian. Saya menangis melihat 3x debat presiden yang mana saya jd males untuk memilih salah satu dr 3 paslon ini. Krn saya ga habis pikir dg gagasan ketiganya. Sekian dan terima kasih",0
Semangat pak pra bowo gibran kami tetap mendukung mu💪💪💪💪✌️✌️✌️✌️,0
Alhamdulillah sampai saat ini dukung pak pra bowa karna lahan ya bukan hasil korup si sebelum menja bat pak ra bowo udah banyak lahan✌️✌️✌️💪💪💪❤❤❤,1
Anies...Anies...  Kau kira di jakarta pekerjaan mu tuntas kah..?? Dasar Manusia yg tdk tau berterimakasih. ASAL KAU TAU YAA ANIES.. PRABOWO RELA MENGADAIKAN TANAH UNTUK DANA MENGUSUNG DIRIMU MENJADI GUBERNUR JAKARTA.. DASAR PENGHIANAT KAU ANIES,0
Pak prabowo jangan takut. Saya akan slalu mendukung nya. Semangat trus pak. Saya yakin bpa akan jdi pemimpin yg terbaik... ❤❤    💪💪💪,0
Sekeluarga aku dukung pk prbowo salm 2 ✌️,1
Sadar gak sih penonton kalau iklan LA light ini menyindir anies?,0
Awalnya saya akan memilih ganjar tapi setelah debat ini saya yakin pemimpin yg negara ini harus jatuh ke Prabowo. Kalau anies mah tukang gak usah ditanya dia mah jago omon omon,0
"Capres terbaik bapak anies rasyid baswedan,beliau bertanya debat sesuai fakta mengenai kebijakan dan mengenai pertahanan dan bukan personal.",0
Love you pak prabowo keluarga saya mendukung mu pak ❤,0
Capres Si penonton Bokep Anti Israel,0
Insyaallah bpk hj prbowo dn ms gibran.akn meng dalm satu putran..pagrib ❤,0
Bismillah Prabowo-Gibran💪,0
"Harusnya Anis di palestina aja jadi capres   karna  Negara ini Negara indonesia  yg pilih capresnya Rakyat indonesia bukan Rakyat palestina.  Kalaubegitu pisidanmisi pak Anis. Jangan haraplah Rakyat indonesia untuk milih Capres No 1 
Anisbaswedan.",0
Moga ya Allah BP Prabowo yg menang.,1
Muka anis saat mendengar &  saat mendengarkan lawanya bicara jauh skali.... Sprti dia bner & yg lain salah....,0
"Liat muka anis, liat muka org yg suka meremehkan org lain,   sprti bner skali, muka penuh klicikan",1
Salut sih sm buzzernya pak Prabowo. Banyak bgt uangnya yg dibakar ya pak😅😅😅,1
KALIAN KOK UDAH PADA TAUSIH MP DUKUNG SIAPE AHELAH DIBAYAR LU SEMUA😂😅,1
"Menolak lupa... Siapa yg ngobok2 kota jakarta sampai2 mentri kemaritiman bu puji  cm bs tenggelamkan kapal... Tp yg satu ini tenggelamkan seluruh kota jakarta.. Tdk lain tdk bukan inilah sosoknya yg pintar menyusun kata2 ketimbang kerja....siapa dia?  Inilah bapak A-
😂😂😂",1
Anis lupa mimum obat olengnya😁,0
"Ni penonton kok kyk penonton bayaran di tv tv pada tereak tereak , sekelas debat capres udah kyk acara bola",0
"berbicara menggunakan data bukan ke arah palestina utang indonesia masih banyak ko malah masih beli alat perang sampai triliunan sedangkang indonesia masih bayak yg susah mencari makan 
sy rasa makan dulu baru bisa berfikir bukan belanjan dulu baru berfikir 🤣",1
"Sembarang wes, sopo ae kono sing gelem mikir negoro. Penting gak enek tawuran yo lek, gak enek bom² an, gak enek brong² an. Sing rukun kro dulure.🤲",0
"Insa,allah pak prabowo menang""...",1
❤🇮🇩❤️,0
"Pemilu sbntar lagi dan pemimpin baru akan di pilih memimpin negeri ini...sy cm berharap siapapun nanti yg jd presiden bisa mengharumkan nama republik ini di mata dunia dan jgn lg mau di INTERVENSI negara "" LAIN hrs TEGAS dan yg terpenting adlh bisa mewaspadai akan adanya bahaya laten KORUPSI...ini tugas presiden dan pemerintah untuk menindak tegas para KORUPTOR dan mampu memegang AMANAT rakyat yg memilih...BUKTIKAN.... WE ❤ NKRI",1
Siap dukung Pesobowo  gibran,1
"Anis Baswedan TDK tahu alutsista& strategi pertahanan tp sok tahu masalah pertahanan,",0
"Saya si rambut putih awalnya...
Sudah 3x nonton ini, anis emang ngambang nanya sama jawab apapun.. saya setuju pak prabowo tidak buka ini tentang pertahanan kita... Koq pak ganjar gak ngeh juga, tp ngotot di tutup dengan pidatonya.. saya jd ragu milih beliau....",1
Tetep pak Ganjar yg 2 buang aja kelaut,0
"Si anis tu pinter ngomong, tqpi kerjanya sangat nihil",0
"Anti anis rintik dan ganjar bokepers japanese ..... Saya perwakilan dari jawa timur tetep dukung pak prabowo dan mas gibran satuputara 02
❤❤❤",1
Anis raine sengkuni,0
"KITA BUKAN BUTUH VISI MISI YG KELUAR DARI  MULUT"" MANIS PARA PASLON , ..


YG KITA BUTUHKAN HANYALAH KERJA NYATA DAN KESINGKRONAN ANTARA MULUT DAN BAHASA TUBUH YANG TULUS UNTUK MEMPERJUANGKAN RAKYAT NYA. ..",0
Indonesia negara judi,0
Anies mantap memimpin INDONESIA,1
ANIS BASWEDAN SOSOK BAGIAN KELOMPOK KONSPIRASI  RADIKAL INDONESIA  BISA MENYEBABKAN  BERDARAH DARAH BANGSA INDONESIA. !!!!!!!,0
"Aq suka prabowo tpi belum respect gibran,, kudu piye",0
Prabowo dan gibran lanjut,0
Bnyak orang besar yang gak suka dengan pak Prabowo hingga mengintervensi pak prabowo,0
"njare ganjar, suruh kasi kata penutup masih ngotot data, tau apa soal pertahanan ? wong katae orang biasa. hm",1
Para penjegal ikn adalah penghianat  Indonesia adalah golongan manusia yang tak patut menjadi jajaran pemimpin di. INDONESIA  !!!!!!!,0
Saya pasti dukung yang berperan di lapangan,1
Klo pak Anis sok pinter mau jadi presiden tapi pasti ambruk   ke depannya klo pak Prabowo biar keras tapi pasti terbukti dan pak Ganjar mau jadi presiden itu blm tau tujuannya apa,0
02 menang,1
Berpikir benar bukan menjegal proyek ikn yang anggarannya kurang dari 500 trilyun rupiah karena berpolapikir yang benar adalah bagaimana secara berkelanjutan Indonesia bagaimana berpenghasilan tahunan berkelanjutan lebih besar lagi  !!!,1
Pro Prabowo ndukung Prabowo AQ nggk dukung,1
"Top One Nice All,  Di daerah saya Bogor dulu di Tps menang Prabowo ikut Ijma Ulama , InsyaAlloh bisa jadi ke AMIN",1
"Udah jls2 keliatan siapa menang debat,smua kaum intelek jg sdh coret 02 krn melanggar etk wakilnya,mklum 72%rakyat kt cm tamat smp,tp sy ykin yg komen buzer krn modal kuat😂",1
01 03 kerenn hrs kompak utk melawan dinasti kecurangan dn ank haram konstitusi👍👍👍,0
"Jendral tidak wajib pintar ngomong,,yg terpenting adalah bisa mengatur strategi dalam bekerja!✌🏼",1
Semoga AMIN yg jdi pemenang 🎉,0
"3 paslon hebat dlm ber ,,dulu saya berharap ada nama pak Gatot Nurmantyo walaupun jadi cawapres ....",1
lawak,0
"Inti perubahan adalah menghentikan penderitaan rakyat, melalui :
1) memperbaiki atau memperluas program yg sdh bagus.
2) mengevaluasi program yg sdh ada
3) membuat program baru utk kepentingan rakyat.
4) menghentikan program lama yg rugikan rakyat.

VISI MISI AMIN(ANIES-MUHAIMIN) sudah sangat jelas akan melakukan perubahan besar besaran, berantas semua mafia mafia, dan akan mensejahterakan seluruh masyarakat dengan kesetaraan. ALL IN AMIN",1
Saya awalny dukung anis.sekarang mau muntah denger anis banyak. Omong.prabowo mnang 1 putaran semoga,0
"prabowo,prabowo,prabowo",0
"Halah nis nis, bacot doang",0
Prabowo wajahnya ngempet...,0
"Gak usah repot, pak Prabowo jadi",0
Anis tiori pasti no 1 peraktek nol besar.,0
Aku mimpi ganjar menang pemilu....tapi all in pak probowo..,1
Anis ngomongin pak Prabowo dengan data ngak valit itu sudah termaksud fitnah,0
Love prabowo,0
"02 insyallah, kalah 2 kali its ok. mungkin belum waktunya. insyallah 2024 diberikan yg terbaik pak.
pilihlah dengan hati bukan dengan hasutan hehe. salam akal sehat bro. kalo cuma main jatuh2 kan personal mungkin bisa nilai sendiri deh yg lain 🤭",0
Bnr kata pak prbowo memang g boleh di sebarkan masalh negara takut nya negara asing gampang melihat kelemahan negara indonesia,0
sunguh cerdas pak ganjar,1
"Dari debat ke 3 ini jika kita cerdas, yang paling tidak bermasalah, memahami pertanyaan, memberikan jawaban konsisten dan jelas visi misinya hanya Pak Ganjar. Memang betul , Pak Anis sangat kelihatan sekali menjatuhkan personal dan sedari awal merencanakan menyerang Pak Prabowo, namun kalo Pak Ganjar jika kita cermat beliau murni bertanya karena memang sesi tanya jawab debat begitu alurnya,tidak ada terlihat menyerang personal sama sekali. 
Jangan hanya karena kasian, karena ""pantang menyerah"" maju terus untuk mencalonkan presiden kalian jadi memilih , tapi pilih lah yang benar benar jelas dan tidak bermasalah. Oke kesetiaan dan cinta tanah air Pak Prabowo memang SANGAT TIDAK DIRAGUKAN dan terlihat jelas ketulusannya, tapi kalo untuk memimpin negri lihatlah dari kinerja, visi misi, ide dan gagasannya, tulus saja tidak cukup",1
pasukannya bnyk yah😂,1
"Pak prabowo gk bisa di kritik,
P",0
Orang cerdas pilih anis,1
Taikk nis nis,0
"Pak  Prabowo, mantan Panglima TNI,jadi beliau lebih tahu tentang hal itu.",0
"Kemarin saya pilih 1, tapi berbalik hati saat melihat debat ini, hati saya respek sama pak prabowo dengan apa adanya😢, pertahankan pak, anda tulus, itu yg disukai dari kami 🙏",0
"Anis pinter ngomong ,,tp gada bukti 😂😂  udah jelas tujuan anis hanya kekuasaan bukan untuk mengabdi",1
"Jadi tkut de,,, dgn paslon nomor satu  cerdik tapi takut😅",0
sabar kawan ingat kamu bukan siapa-siapa saya.,0
"Saya tinggal di jayapura, dan saya melihat sendiri pembangunan rumah susun untuk para prajurit tni, ada bnyak
.untuk polisi jga ada bahkan polsek"" bru jga ada
.jdi tolonglah jgan negeri ini luas
.mngkin dsna blm di bngun ,tapi di tmpat lain di bgun
.bahkan ada program tni membangun desa
.hidup TNI, hidup prabowo",0
banyak buzzer ruwet..no respon..😆😆😆,0
"Sebelumnya aku agak ingin memilih no2. Karna tetangga bnyak pro kesana dan karna dulu aku jg pro kesana tapi kalah melulu, aku baru liat debat di video ini hari ini. Dan sbg rakyat yg akan memilih wajar saya menilai, Saya lihat awal² kyak nya pak gemoy ini bereaksi seolah² setiap dia menjawab dia selalu anok²/seolah pro ke pak ganjar. Padahal yg namanya DEBAT yah wajarlah banyak omong kalo ga banyak omong ya ga debat namanya, Dan pak No.1 ini menjawab pertanyaan tsb sesuai arah dan visimisi dia tp dlm sisi lain berbeda dari jawaban pak gemoy, dia kedepannya merangkul ini itu malah di bilang banyak ""OMON OMON"" seolah² pak gemoy mengejek no3 ini banyak omong. Wajarlah debat banyak omong mejawab pertanyaan gimana sih. Lalu ku lihat pak gemoy ini melulu loloskan semua jawaban pak ganjar seolah setuju² aja dgn jawaban pak ganjar. Tapi tak sesuai harapan, pak ganjar malah balik menyerang pak gemoy, awalnya mau merangkul malah kena serang tapi gatau apakah ini emg permainan atau gimana biar nampak seolah² pak gemoy di serang oleh ke 2 paslon padahal yg namanya DEBAT wajar ngeBANTAH, Tapi yg heran ini. Pak gemoy hanya adem di satu paslon tapi di satu paslon lain agak sensitif kek nya. Trs Masalah tanah Pribadi, Disini ku lihat Pak no1 sentil ttg itu karna Pak gemoy bilang diDebat KE1 GA PUNYA APA APA HANYA RAKYAT BIASA YANG SETIA UNTUK NEGARA, tapi ketika disentil dengan Pertanyaan tsb Malah Emosi, dan bilang pak no1 ini G*BLOK dipertamuannya. agak Ngeri saya jadinya, lalu banyak disini yg komen pak Gemoy sabar, di desak terusss, Lucu yaa wajarlah namanya Pertanyaan harus di wajab lah kalo ga mau jawab secara terbuka ngapain berdiri disana. Yg di HUJATT disini dominan paslon no.1 padahal DULU ! DULU Ya Bpak PRESIDEN skrg Pernah Melontarkan Katakata yg sama ttg harta dan tanah pribadi pak Gemoy Coba cek lagi deh video lama, saya aja masih inget kok. tapi gak pernah di hujatt atau pak gemoy tersinggung tapi skrg malah pro ke Presiden skrg yg pernah jadi lawannya sekaligus kerjasamalah istilahnya. Kok sama yg ini beda, jadi disini terlihat oleh saya no 2 ingin merangkul no3 buat menjatuhkan no 1 soalnya ku lihat agak sensitif sekali dia jawabnya, meremahkan sekali. Eh malah diserang balik oleh no3 tapi ga tau deh apa ini permainan no2 merangkul no.3 dan no3seolah olah ikut nyerang no2. Supaya nampak kalo no1&3 itu nindass no,2  Padahal yg jawaban agak ngejek itu no2 . Di kasih pertanyaan bisanya ngehindar dan tapi ga teratur/berani jawab, banyak yg ga bnyak omong tp langsung praktek lapangan. Lah?? Semua situasi dan kondisi itu harus di pertanyakan kalo ga sesuai arahan dan pemikiran kalo langsung terjub aja itu ga baik jg hasilnya. Nah giliran yg banyak omong, bijak, sesuai arahan, rinci menjelaskan Kok malah di hujan dengan kata BANYAK OMONG / OMON OMON. LUCUNYA NEGARA INI NYARI 
kalo KASAR dan Gemoy aja Ga Penting ! Yg penting itu sesuai ucapan, arahan, mantang, bijak, detail itu yg HARUS KITA fikirkan ke depannya , jgn bisanya cuma milih yg Takut jawab pertanyaan seolah² di tindas tapi bisanya cuma bilang G*BLOK doang. kan ga bangett😂😂😂🤭 huh dipindahhh haluaaan deh ngerii Padahal banyak yg ga pro cuma krna mau ikutan yg viral viral , yg semestinya lurus malah ditindas. Dan yg mudah tersinggung dan kasar malah di pilih... Maaf Gunakan POLA Pikir !!",0
"Tadinya Saya Pro Sama Bapak Anies Baswedan Karena Sama Orang Jawa Barat Tapi Pas saya lihat debat Ini Ko Rasanya Gimana Gitu Mendengar Omongan Beliau yang selalu menjatuhkan lawan hanya demi jabatan,,,Pokonya Sekarang Pindah Haluan 2.Prabowo Gibran,Bapak Gemoy Presidenya✌",0
"Benar kata Prabowo, kalau militer kita lemah kita akan dijajah, kita harus kuat",0
Yg dua pinter merangkai kata2😂😂😂😂yg satu polos aja 😂😂😂,1
"Anis, jadi presiden Palestina saja sanah..   sukur sukur mati syahid 😂😂. Biar engga tambah dosa nya",1
"ANIIES MUNAFIK, JANGAN SAMPAI NEGARA DIPIMPIN OLEH ORANG MUNAFIK!!!",0
Indonesia cocok di pimpin orang cerdas seperti anies baswedan dan banyak prestasi salam dari tebet jakarta,1
Mau lu ngomong apa aja nis aing tetep pilih pak Prabowo...,0
"Paslon 1&3 mau menjatuhkan pak Prabowo, tetap semangat pak dan selalu rendah hati, dari sini kita bisa tau kalo Paslon 1&3 bisanya hanya saling menjatuhkan dan menyudutkan, pak Prabowo dan mas Gibran selalu di hati❤",0
"Gampang bgt keblunder, jd potong omongan org mulu. Emosian bgt, masih calon aja nggak bisa mengontrol emosi 🙄",0
"Jangankan Anies, DPR komisi 1 saja ditolak Pak Prabowo untuk membuka secara terbuka dan detail  tetkait Alokasi Dana Pertahanan. 

Anis msh Byk Retorika dalam debat ini. 

Ganjar mulai mirip mirip anies, terlalu gampang mengutarakan kata kata.",0
Enek banget liat muka mba anis,0
Mas anis mas anisss,0
Manisnya janji manismu Nis,0
tongkosong,0
"ngarang nt, o3 bicara pakai data",0
pilih anies,0
semoga pak  Prabowo selalu membawa Indonesia  semangkin aman merdeka maju terus dan selalu membawa rakyatnya hidup  dalam kedamaian amiin.,0
Pak prabowo menag 1putaran .Aamiin ya Allah.🤲❤,0
Ayo dong bahas rok mini,0
Om mahfud baru calon duduknya udh bgtu gmna ntr JD aduhhh,0
Hore....hore.... hore.....😅😅😅😅,0
anis baswiri kenapa ya???,0
"ciri2 orang munafieq adalah orang yang berbicaranya lain di mulut dan hati,.klan yaman gak akan pernah jadi presiden..dan saya yaqin anies tidak akan pernah jadi presiden.. kira2 jadi mentri pendidikan di pecat nilainya berapa ya?.Q yaqin anies mulutnya beracun dan munafieq manusia seperti ini tidak akan pernah bermanfaat bagi masyarakat indonesia.
pak prabowo indonesia butuh ke iklasan anda untuk memimpin indonesia.",0
"2:27:10 masalah barang bekas. Contohnya. Kita beli motor, kemudian kita pakai, besoknya sudah menjadi barang bekas.
Yang penting catatan perawatannya jelas, dan uji kelayakan.

Masak kita harus beli barang baru setiap hari, agar setiap hari baru?",1
Kelihatan sekali si kelebihan bayar ga paham sistem pemerintahan. 0%,0
Si wowo terlihat lelah menahan emosionalnya dan pura pura santai,0
Dimenit 1.16.17 kog moderatornya ga negur mereka ber2 ya?kog bisa tanya jawab begitu aneh😂😂,1
"Aing mah gereget ka calon presiden nu loba ngomong,ges mah loba ngomong te nyambung deuih.",0
Kok ada yg di potong,0
smuga indonesiaku damai aminnn,0
Saya dukung Presiden yg bisa bubarin DPR,1
Anis president kita,0
semoga pak ganjar pranowo jadi presiden 2024,0
Pak prabowo menangggggggggggg,0
Dulu gak mau pak Ganjar karena partai pengusungnya. Tapi setelah nonton debar ini malah tertarik dengan pak Ganjar.,0
Klau saya lihat dari wajah pak Prabowo tulus untuk negara ini saya yakin itu dari raut wajah nya sabar pak pasti pak Prabowo Subianto menang yakin lah pak ✌️🙋,1
Najmu No.1,0
Menurut sy ke tiga kanditdat semua y bagus2 wawasanya...karna sy epen sm paslon no.1.y Bpk Anis laj yg paling keren gagasanya,1
Gua cari presiden yang tidak mengobral mmmmbbbbeeeekkkk,0
Makin yakin sama Pak Prabowo. Titik !!,0
"Terus  jadi Anak DPR gimana dong   Gajih ny aja 300 jt per bulan 😂  ,
Lebih berjasa mana polisi atau DPR",1
amin aja,0
Ini calon presiden malah bahasa.a tentang menham semua gimana toh😮,0
"Siap pilih Prabowo Gibram.. Saya mengajak Istri, dan sanak keluarga pilih Prabowo Gibran",0
anis senyuman licik,0
Kmi se kecamatan tetep pak prabowooo...semagat pak.❤,0
Indonesia butuh pemimpin pintar cerdas tegas dan bermasyarakat. Semakin yakin ada di anis Baswedan...,1
✌️✌️✌️✌️✌️✌️✌️✌️✌️,0
"Ahahahah, gede bet omongan nya, kita kalem aja ya pak, tetap ✌🏻",0
TTP BPK ANIES IDOLA KU VERY SMART,0
JK nyengir dibalik layar 😁😁😁😁😁,0
Indonesia semakin chaos tidaak,0
backgroundnya kekayaan alam kita yang diangkut entah kemana dan untuk siapa :face-purple-crying:,0
"Debat capres nob semua nya argumennya saling todong, ada yang seakan akan menyerah, ada yang seakan akan di ancam, yang jelas siapa ayam putih polos sebenarnya,dan ayam hitam sebenarnya, seakan akan bicaranya menjanjikan uang sepabrik full gudang nya dengan uang, 😅 tolong jangan buat gudang uang saja buat uang yang banyak seperti janjinya sabdo palon untuk tanah Jawa, karena ibukota presiden ada di tanah jawi,nyai roro Kidul menunggu pemimpin sebenarnya, jangan sampai kita kalah dengan jin, jin berjanji terbukti, kalau kita ingkar janji lebih rendah dari jin",1
"1 takut banjir  nyerang 2
2 tegas, jujur 
3 partainya, nyerang 2 juga",1
Salam 2jari ❤coblos,0
"Anis aja lah.cerdas,bersih. Laen no..",1
Setiap anis ngomong kok dlm hati gue dzikir nya bulshit²²²²²,0
"Adab Dan ahlak berbicara ada Pada bapak prabowo, itulah pemimpin kita akan datang, yang tidak membuka aib negara kita.",0
Pak anis pak anis. 😅😅😅 bicara yg simpel aja kenapa pak. 😂 tidak semua rakyat indonesia paham bahasa muter2 bapak itu.  Maap ya pak,1
"Asalnya saya blm punya pilihan tapi sekarang aku pilih prabowo gibrann 
 Semangat prabowo gibran maju terus pantang mundur doa pendukungmu sll dipanjTkan 

Habis liat debat 
Mani hayang ngabakakak ujang anis tah ihhh 
Katingali pisan jelema haus kekuasaan",0
Di menit 50:21 dri senyum langsung mingkem karna membahas ttg korupsi..😅,0
Muak liat anis kliatan banget mulut manisnya,0
"Tadinya tiap buka youtub bnyk konten pendukug anis,
Setelah liat debat x ini pak prabowo seperti sedang jadi tesangka, oleh 2 paslon di desak untuk menunjukan bukti dalam waktu 1menit. semngat pak prabowo",0
"Liat semua komenannya, berasa isinya buzzer semua ya",0
"Mantab Prabowo,  jangan ngomong aja, kerja dan buktikan😅",0
Persis kayak Vicky prastio basmedan cara ngambil kata2/kalimat nya 😂😂,1
anis mulutnya nyinyir bgt,0
"bilangnya etika, eh debatnya tidak beretika.. siapa kah itu....",0
Pokoknya intinya al in Prabowo,0
"Rakyat Indonesia sudah pintar semua,, sudah bisa memilih pemimpinyg baik untuk negri ini.. ya Allah menangkanlah Pak Prabowo  ...",1
"Bismillah  p prabowo  di pelajaran  kegagalan  2x,  semoga  bisa  jadi  pedoman  pembelajaran  dari  pak  presiden  Jokowi  yg Luar  biasa  tidak  banyak  bicara  kerja  nyata  , semoga  harapan  bangsa  dan  masyarakat  bisa  menjadikan  Indonesia  lebih  baik  ,maju  aman  dan  perdulikan  kaum  kecil  ,dan perduli  dengan  lapangan  kerja  ank  Bangsa  yg lebih  baik  aamiin  yrb  ..",1
Prabowo tidak pernah menyerang lawan.tapi Aceh di hanguskan dia..banyak masyarakat sipil korban.apa lagi jadi presiden itu tak pantas.. berpikir lah dgn bijak untuk kedepannya Indonesia ini,1
Anies of the best,0
Jujur AQ Dulu pilih bapak Jokowi alhmdllh terpilih jadi presiden dan sekarang AQ pilih bapak Prabowo semoga terpilih menjadi presiden th 2024 Aamiin 🤲,0
"Dari awal anis suruh sampaikan visi misi eeh malah lansung nyerang personal,, sok paling etik",0
Prabowo gibran yes,0
Aamiin yaa Rabb 🤲,0
Kok darting g kumat  ya denger anis ngomong😂😂😂😂,1
Genjer mimpin jateng ggal & Yohanes Anis mimpin Jakarta jg ggal sama2 gk becus mana bisa ngurus NKRI,0
"Mantap sekali debat capres ,pak ganjar terbaik memberikan penjelasan yang sangat mudah dipahami dan program terbaiknya",1
Ayoooo dukung pk prabowo,1
"""Connie Bakrie Bedah Pertahanan Indonesia dari Debat Capres"" coba dengar ini di tirtoID
mungkin menambah wawasan",0
Asalamu'alaikum 4 Nilai Nya wowo!,0
Gak ada yg bisa Paslon lain seperti gagasan pak Anies ya😂. No 1 amin,1
Pekalongan kota batik dukung penuh dengan bpk prabowo...,1
Anis arogan bgt keliatan mencemeeh Prabowo disitu. Erika minus pantesan di juluki Sengkuni licik bgt🤣,1
Jadi makin yakin ke prabowo,0
"Jadilah manusia yang bersih dari korupsi, tabung uang negara untuk melunasi hutang Indonesia mohon otaknya jangan error, bukan janji janji kambing, tapi janji Sukarno yang terulang kembali",0
Pak anis semoga sehat selalu ya biar bisa menyaksikan bapak probowo jadi presiden,0
Mukanya anies ngeselin,0
"Jangan menilai kerja pak prabowo , pak anis pak ganjar kalian tidak ada apa2 nya dengan beliau, we love u pak prabowo",0
"anis, Manusia Jumawa yg tidak tau berterima kasih, diangkat dari keterpurukan karir politik setelah dikandaskan dari jabatan mendiknas, manusia LAKNAT OPPORTUNIS ini, semoga dibenamkan Allah SWT DALAM KEHINAAN. Dalam ISLAM Ketinggian derajat dan kemuliaan seseorang bukan berdasarkan gelar akademis-nya, TETAPI  lebih kepada Akhlaq/budipekerti/atitude/etika. ORANG YG PANDAI RETORIKA DAN GEMAR BICARA CENDERUNG SEORANG PEMBUAL/PENDUSTA.",0
Pokoknya no 2 Bosssssss,0
penasaran kl paslon yang suka menjatuhkan paslon lain kalah dan ketemu sama paslon yg menang bakalan kaya apa ya🤔🤔secara muka ga bisa diumpetin😅 atau jangan-jangan malah ... ....,1
Siapapun presindenya yang penting jangan ANIS BUSWEYDAN..!!!,0
Kalo di perhatiin debat ini calo2n capresnya bedebat cara ngmng dan memberi penjelasaanya kok tergesa2 dan buru gak jls arah ngomongnya kmna..mulut capres 1 dan 3 ngebut bgt ngmngnya kyk kumur2 trs matanya bingung mau cari2 lagi bahan omongan..apalagi seh ganjar ini emosional typenya..banyak omomng type org pembohong dan tong kosong,0
Bismillahirrahmanirrahim pak prabowo ❤,0
Semua nya nyerang pa PRABOWO karna beliau kandidat terkuat.. harusnya sebagai pemimpin yg bijak jangan menyerang sprti itu.  😂😂,1
"1:56:08 bocor?
Apakah mungkin Maksudnya anggaran siluman?
Apakah mungkin Maksudnya kelebihan bayar?",0
"Kok kebanyakan komentar untk prbw semua sih? Keknya emg diatur deh. Jujur pengen ke jakarta semenjak pemerintahan pak anies, krna kata temen2 kuliah disana jakarta sangaaat dan sangat baguss sekarang",0
😂😂😂😂😂😂😂😂😂😂😂,1
"Usir orang Yaman sampai ke akar2 nya , seperti Miyanmar mengusir orang Rohingya, Orang Yaman di Indonesia  hanya merusak moral orang Pribumi, terutama Pribumi yang berpendidikan Rendah, kakak saya yg semula pedagang Karet menjadi Bangkrut sejak menjadi anggota FPI yang tergolong Kaum Radikal. Dari Bangkrut menjadi sakit2 Tan karena stress masuk FPI.",0
Mf bgt pk Ganjar dan Anis sgt agresip menekan pk Prabowo  utk pertanyaan rahasia negara tp sy salut buat pk Prabowo tdk terpancing krn memang paham dan mengerti ttg pertahanan yg sgt penting bgt dlm berbegara dan mf pk Ganjar dan Anis  sm sekali tdk mengerti ttg pertahanan krn memaksa pk Prabowo utk mempablikasi rahasia negara ngk sadar debat ini ditonton byk negara luar jd mf sy pindah pilihan dr no 3 ke no 2  dan dr debat pertama sy mulai ragu akan pk Ganjar dan sy melihat narasi2 kampangenya di lapangan di mn2 hy menyindir no 2 begitu jg no 1 dan bg sy no 2 yg layak dan pantas utk PRESIDEN  INDONESIA 2024 doa sy bersm keluarga besar sy kiranya Prabowo Gibran di bukakan pintu kepemimpinan Nya utk Indonesia lwt no 2 slm sehat dan slm damai surga turun utk Indonesia dan menjauhkan niat jahat dan rencana jahat dr Indonesia krn Indonesia milik Tuhan Allah yg mh esa Tuhan Allah yg hidup yg disembah dlm roh dan kebenaran amin 7x  💟💟💟🇮🇩🇮🇩🇮🇩🇮🇩🇮🇩🇮🇩🇮🇩,1
"Kesini gara2 lihat tiktok ada vt  org yg merasa janggal ,,, oh ternyata benar, saat ke 3 capres menyampaikan visi misi ,dlm salam pembuka ,, salah satu  stadion tv ada meng  cut  salamnya  PK Prabowo, seolah olah tidak memberi salam dg org yg beragama Islam, pdhl  disini mlh  diawali dg bismillah .",0
"Gua cari presiden yang bisa dekat dengan masyarakat, dan bisa membuat masyarakat jatuh cinta kepada Presiden, kebanyakan dari mereka kurang puas dengan kepemimpinan nya yang benci ada juga, tidak menyinggung masyarakat kalau tersinggung gua cari yang seperti itu",0
Pa anis kebanyakan argumen.. kita lihat kerja nyata nya saja pa,0
"besar kanyai nya, licin lidah, hati hitam. lain dibilang lain dibuat. bicara etika tetapi sejatinya tidak beretika. ""kenali luar dalam""!",1
Dulu saya mikir mau no 2 dan 3 menang ga masalah tapi cocok nya no 2 yg jadi presiden yg no 1 tukang ngibul no 3 ya tau sendiri aja de😅😅,1
Semakin yakin anis ganjar menang,1
Pak prabowo pilihan ku. Aku sudah yakin seyakin yakin ya …,0
Pak Prabowo Berwibawa..,0
Terlihat dari raut wajah pak Anis sangat sinis,0
"Di debat ini kita bisa melihat watak, pribadi,sikap,etika dari calon presiden love pak Prabowo yang ingin memimpin negara Indonesia tanpa menjatuhkan lawan 👍👍👍",0
Prabowoooo🫶🫶🫶🫶,0
Pak Prabowo dengan hormat tlg jangan terpancing dgn pertanyaan mereka yg sengaja mau buat pak Prabowo jadi stress dan bisa struuuk...jd santai saja pak ..kami mendukung anda..dibawa Happy aja pak..pendukung anda mengharapkan bpk utj jd Presiden..tlg pak jgn terpancing,0
"Tolong yang bagian supporternya dikondisikan. Adabnya dijaga ya. Jangan ramai sekali dan kesannya seperti urakan. Kemudian mengganggu acara debat. Moderator sudah bilang ""mohon tenang"" berapa kali itu sudah banyak tidak dipahami. Ini bukan acara tinju/mma. Tolong diperbaiki dengan tegas. Ditonton seluruh indonesia apa tidak malu. Mohon maaf saya sedikit gemas akan hal ini, mohon diperbaiki ya pak/bu. Terima kasih banyak. 🙏",1
Sepakat,0
Anis bas Edan,0
Jangan pilih semuanya..pilih saya capres no.4,0
"Saya itu tidak mendukung semuanya sodara tapi yang penting presidenya jangan ANIS BUSWEYDAN...!!! 🤣
 Toh kalo yang jadi prabowo atau ganjar saya ttap bekerja cari duit sendiri gak di kasih makan mereka pajak juga ttp bayar,,
 Jadi yang pinternya berlebihan jangan pada emosi dulu...!
 Toh mitosnya dari dulu RI 1 juga orang jawa terus kok bukan keturunan YAMAN APALAGI ONTA.🤣😅",1
"Tingkat kan lagi belajar ya., cari tau dulu pemimpin2 di negara maju itu seperti apa baru kasih argumen yg jelas, atau jangan jangan memang tak sekolah kau😭",0
Iya bang anies mah presiden bukan pre sinden,0
"Waduhhh...sudah jelas si Prabowo emosian , blm waktunya bicara ehhhh udh bicara duluan",1
"​ @AlyaFamul  
YG EMOSIAN GANJAR 😂😂  LIAT MUKA GANJAR 😂!! PRABOWO DI SERANG NO 1 & NO 3!! GAK BAKAL NGARUHHH",1
"Anis dan Ganjar udh buktikan Kinerja Prabowo mu, kau masih ngeyel aja..!!! Sakit hati yah Prabowomu di kuliti. Kasian.",0
 @iLhoMiLan  kau ucap spt itu berarti kau memperlihatkan jika SDM mu ini sangat RENDAH sekali..😌😌,0
"Mantap, naikkan gaji DPR biar nggak korupsi 😂😂😂",1
ngaco😂😂 lihat watak prabowo dibelakang. setelah debat😅,1
"monggo didalami kembali perbedaan antara pidato, diskusi, rapat, dan debat ya sahabat :)",0
berarti njebengan suka yang wataknya keras emosian suka marah marah ambisius seperti pak prabowo masailih pemimpin kaya gitu  milih pemimpin itu yang sabar kalem kaya pak ganjar,0
Mungkin anda buta dan tidak bisa mencerna dari hasil debat ya. Makanya dukung prabowo wkwk😅,1
" @agilrahmani7705  seperti kata pak ridwan kamil, yg pilih anies hanyalah org2 berpendidikan menengah ke atas",0
"Gua penasaran dengan prab w kok ada jadi presiden beli barang bekas, uang negara yang pasti di kendalikan dia, gua kasih saran kalau jadi presiden semua nya harus baru, apalagi pesawat transformers menyangkut keselamatan yang belajar pesawat takut takut terjadi kecelakaan, apalagi pesawat antar negara gua kasih saran beli yang baru dan canggih kuat di pakai bertahun-tahun, dan gua kasih saran cek semua pesawat untuk keselamatan penumpang dan keselamatan TNI angkatan udara,  salam satu darah merah putih",0
"Prabowo terlalu tegang. Apakah justru beliau yang ambisius ingin jadi presiden. Dibela belain terus sampai serenta skr. 
Saking Over PD jadi tanpa menjawab pertanyaan tetap merasa benar.",1
All In Prabowo ❤❤❤🎉,0
Anis jadi ketua RT aja,0
"Background pembawa acara bendera kebesaran nusantara era singosari dan majapahit . . 
Yang sepaham Like",0
Anies tidak ikut nyanyi kan Indonesia raya. Nampak mulut dia pura2 bergerak.,0
"Pilpres 1 putaran aja yah...

Putaran k 2 ny, dananya untuk rakyat indonesia... 

jazakumullah khairan katsiran ❤❤",0
"Saya org awam,kalau anis jadi negara Indonesia jadi negara kedua banglades dgn miyamar",0
Debat itu mnunjukkan ke ahlian da rencana kitabkedepan bukan malah myerang menakan dan menggngkat kelemhan2 satu sisi..ini calon capres si pak anis sma pak ganjar asik menyerang dan menggngkatbkekuragan pak prabowo..ini bahaya klu jdi pemimpin bukan spert ini pemimpin..bermain dalam kata dgn lidahbyg lentur bahaya ini bahaya..g banget...Semangatnpak prabowo...yg baik dan tulus..kami rakyat tau...,1
ngeframe,0
Si anis kenapa??? Ngintai prabowo mulu😅😅😅 apa dia tau lawan nya itu berat,0
Senyum2 licik si Anies sambil ngenye,0
Di sini yang emosional ganjar 😂😂,1
Prabowo kena mental,0
Omon... omon... 😅😅😅,0
MAntap..,1
hm,0
😂😂😂sok sok an anies2 nilai kinerja orang woyy anies lu gk nyadar ape lo kan pernah dipecat waktu jdi menteri pendidikan gk smape 2 tahun lgi,1
G dukung pak prabowo nana jempolnya 🥰,1
Dari raut wajah mata anies kelihatan banget jahat yahh,0
Tetep anis bro,0
Prabowo all in,0
"Pak ganjar nafsu banget mau mengkritik tugas pak PRABOWO,,",0
sengkuni,0
"Ngapain kau bahas bahas gaza pulak wooo, otakmu konslet.",0
"Pak anis kalau pak prabowo banyak harta itu karena dia banyak usaha pribadi, bukan dari korupsi,, dan bukan tanggung jawab pribadi pak prabowo untuk kesejahteraan anggota tentara atau polisi, tapi itu adalah tugas dari menteri yang terkait,, kenapa nanya sama pak PRABOWO? GIMANA SIH?",0
"01 & 03 SEMAKIN MENYERANG KAU AKAN SEMAKIN JATUH. MASYARAKAT SUDAH PINTAAAAAAR!!!!

YANG SUDAH KERJA NYATA SAJA DAN BUKA PECATAN!!",0
❤pak gemoy✌️😍,0
"maaf telat ,pilih presiden jgan yg julit jgan omon2 aja",0
"all in prabowo..... 
anis terllu teoritis.... 😅  praktek gk smudah omongn mu pk...
kek ny klo bukan dr  pdi sya lbih respect m pak ganjar.. 😂😂",1
beras naik woy,0
"lebih ke ajang BULLY dan HINAAN daripada Debat.
terlihat caLon2 GAK MUTU GAK GUNA",0
"1 &3 org sombong,jatuhkan diri sendiri rendahkan2,tapi Tuhan akan angkat Pak Prabowo Presidenku dan Mas Gibran  org yg tulus,tegas ❤",1
Bpk Jendr Prabowo Presidenku❤,0
"Anis lol kalau uang beli jett .. baru habis ,warga indo gak bisa makan, sdangkan beli seken masih ok , kan indonesia pintar oprek barang rusah jadi bisa si pakai",1
"Ya namanya debat kalo gk siap ya jangan ikut jangan emosian,kalian ini entah apa isi otaknya yg masih aja dukung orang yg jelas² Melanggar Hukum,PICEK MATAMU KABEH",1
"Tema debatnya kayaknya sengaja menyerang paslon 2,nah ini to yg maksudnya kemenangan udah diatur, yah percuma nyoblos kalo dah diatur yg menang nomor 1😅",1
Penontonnya urakan bener,0
"Ngeri"" Bener pendukung pak prabowo ,, dikasih data fakta masih ngeyel , saya juga prabowo tapi 2014-2019 & 2019-2024 ,, tpi skrang No ,, Anies lebih mumpuni , mohon maaf ,, itu fakta , dan yg bilang di jakarta aja blm bner dan lain"" , coba liat pak jokowi 2012 lalu , cuma 2 taun naik presiden , toh biasa aja , malah gak ada kemajuan , tpi di zaman anies , semaju ini kalian masih ngomong , Aneh deh , 
Pak prabowo memang patritisme nya kental tapi hanya pribadi bukan untuk Rakyat ,  Anies jelas segala hal berkaitan dengan Rakyat ,, indo masih toleran debat masih di waktu , coba liat negara lain , Aib pribadi di umbar , klo di indo Aib pribadi di umbar , wah gak ada ruang bagi pak prabowo , ini secuil data kalian pendukung nya urak""an gak karuan , Please lah Mikir , dah segitu aja , semoga sadar❤",1
"Anis Ganjar dancok ancene kakean omong opo mne on 1 kakean omong""",0
"Kata siapa ente yg ngatur 1,wong si No 2 malah yg dukung si Rezim sendiri yg pengen anaknya jadi the next hokage",1
"Oh gtu, 😂😂😂😂​ @abrilabrilla6783 ",1
Picek matamu to pye su?,0
Utek e pendukung no 2 bonor kabeh lur maka ne pekok² wonge,0
"Matamu kui wong ancen no 2 Akeh bosok e,kon iku bonor to pye utek e karuan no 2 ket awal langgar hukum didukung wae",0
"intinya belajar dari awal waktu jadi Gubernur, air ke tanah bukan ke laut 😂😂😂 siapa yg di pecat siapa yg memberi nilai 😆😆😆",1
PRABOWO GIBRAN 2024,0
bodo amat coblosin semua biar adil 🤣🤣,1
"Saya mendukung semuanya, yg terpenting janji2 harus di tepati, jgn sampai manis sepah di buang",0
Banyak ngengat ya di sini🤔,0
"MENURUT saya, selama debatnya belum pada tingkat paradigmatik, masih diatur2 ""waktu"" olehpanelis dan bukan debat yang saling sahut2an macam di ILC, maka ga ada point. ini lebih terlihat sprti adu visi misi, adu progres2, ayolah saudara2ku, debatlah habis2an..saling bantah menbantah, saling interupsi, biar kami yang belum menentukan pilihan ini bisa tau, mana yg dirasa lebih jenius, lebih bijak, lebih luas pengetahuannya, lebih terstruktur pola pikirnya dll.",1
"sebelum mencalon kan presiden 
tolong selesai kan masalah jakarta,
trs janji mu dulu pas jadi gubenur selesai kan dulu",0
Prabowo menang debat pilihan terbaik 2 prabowoooooooo,1
anis anis kocak bgt lu,0
Saya dukung bapak h. Prabowo Subiyanto,1
"Saya dulunya dukung bapa anis. Pas saya baca kepribadian dari dia berbica, saya liat ada sipat licikan di bapa anis ini",1
Dr dlu Prabowo gprnah berubah..walaupun tema ny debat tp jika masuk akal dengany Dy akan blg setuju.. dgn lawanya,1
mimpin jkt aja morak marik...anis anis,0
"Si anis mulut manis hati busuk bertameng islam. Contohnya dia selalu memanfaatkan kaum Muslim dimasa pak ahok,doi mencalonkan sebagai gakbener Jakarta",0
Waaahhhh parah bro anies. Gila jabatan ya lu nies,0
"Saya sangat setuju dengan pak prabowo, rahasia negara tidak bisa di beberkan, karna itu menyangkut keselamatan bangsa dan negara in.",1
"Sedih, debat malah kek julidnya melebihi netijen lambe turah. Sudahlah...
Semoga Tuhan memberikan jalan terbaik bagi negeri ini🤲",0
Al in prabawo,0
"pak anis ini tolong kok gaya nya santai tpi buat geram juga, kok ini debat nya nyerang personal di luar kontex dong hal2 yg dipertanyakan harus nya gk di debat ini 😂",1
Saya sekeluarga & sekampung mendukung pak prabowo,0
rahasia nya yg mana coba?,0
"Bener om, seperti sengkuni😂",1
"Orang ""tulus"" dan ""sabar"" pasti gk punya ""lawan"".",0
"apakah sikap, prilaku Anis dan Ganjar sebagai mantan gubernur pantas untuk diteladani ?.. tidak pantas jadi presiden di Negara sebesar Indonesia, jadi menteri saja Anis dipecat Jokowi ditengah jalan. Semoga Prabowo-Gibran dipercaya rakyat untuk Indonesia yg lebih baik.",1
Andai pak prabowo sma pak mahfud bersatu...,0
anis ganjar mending belajar lebih banyak dah wkwkw malu jadinya kebanyakan omon omon 😂,0
"Saya setiap melihat konten yg membahas tentang capres kenapa yah selalu aja nitizen dipihak anis ini selalu ingin merendahkan pendukung prabowo.. Dan bpk prabowo sdh bilang.. Klo gk suka ya jngan dipilih, pilih saja sesuai kata hatimu. Saya tdk mau merendahkan kpd siapa saja tetapi.. Klo ada yg merendahkan lebih dulu, demi kata hati ya saya akan balas org itu. Ingat itu kita sesama manusia apa sih yg bisa di sombongkan selagi km bisa mati dan bnyak kekurangan,, sama sekali tdk profesional. Tolong lebih bnyak belajar lagi tentang perdamaian yg di sampaikan ust UAH ini",1
Siapapun presidennnya jgn lupa sama TUHAN dan rakyatnya karna rakyat yg memilih Tuhan yg menghendaki makin tahun harus makin sejahtera rakyat ini biar kepilih lagi TUHAN juga meridhoi simple kan,0
"Rakyat cerdas pasti tidak akan memilih pemimpin yg ambisius, merubah undang undang agar bisa menjadi wakil presiden walaupun belum cukup umur.
Undang undang aja bisa dia ubah apa percaya sama janji nya yg gak akan berubah ketika sudah jadi pemimpin?
Biar melanggar dan haram hukum nya terobosss terooossss😂😂😂😂",1
Hati hati sama orang yg pinter ngomong🤣🤣🤣🤣🤣🤣🤣🤣🤣🤣🤣🤣🤣🤣🤣🤣🤣🤣🤣🤣🤣🤣🤣🤣🤣🤣🤣🤣🤣🤣🤣🤣🤣🤣🤣🤣🤣🤣🤣🤣🤣🤣🤣🤣🤣🤣🤣🤣🤣🤣🤣🤣🤣🤣🤣🤣🤣🤣🤣🤣🤣🤣🤣🤣🤣🤣🤣🤣🤣🤣🤣🤣🤣🤣🤣🤣🤣🤣🤣🤣🤣🤣🤣🤣🤣🤣🤣🤣🤣🤣🤣🤣🤣🤣🤣🤣🤣🤣🤣🤣🤣🤣🤣🤣🤣🤣🤣🤣🤣🤣🤣🤣🤣🤣🤣🤣🤣🤣🤣🤣🤣🤣🤣🤣🤣🤣🤣🤣🤣🤣🤣🤣🤣🤣🤣🤣🤣🤣🤣🤣🤣🤣🤣🤣,1
"Teruntuk bung.anies, percayalah, yg namanya korupsi, narkoba, segala kejahatan dan kemaksiatan, tidak akan hilang dari muka bumi ini hingga menjelang hari kiamat nanti.. jadi hanya sebuah  mimpi ingin menciptakan negara yg sempurna.. 😂",0
Kami butuh presiden yg pandai bekerja dan kami tak butuh presiden yg pandai bicara,0
Dinegara ini bNyak sekali org pinter tp sedikit org cerdas dan jujur,1
C dan c lagi,0
madura pamekasan tetap bapak prabowo gibran . salam 1 putaran .pagagan .pademau pamekasan,0
All in Prabowo 🔥🔥🔥🔥,0
alhamdulilaah,0
Modar we sia anies,0
"❤semoga tuhan meridhoi niat baik nomor 1, am8n",1
"awalnya bngung pilih 2 atau 3, tp dr debat ini sy jd mantap pilih no 2. ilfil deh sm roastingan2 paslon 1 & 3, td paslon 3 blg ditengah2 buat mengademkan antara paslon 1 & 2, ealah tnyata sama aja ujung2nya ikutan ngeroasting bareng paslon 1",1
"Pak anis jadi gubernur aja hanya 1 puskesmas yg jadi ko mau urus 1 negara
Emangnya kaya taman parkiran air",0
semoga  jadi perisiden pak perabowo dari rakyat kecil pak perabowo semoga jadi amin,0
Setuju,1
Setujuh PK Prabowo yg tulus dn sabar ❤,0
"01 hanya omdo , buktinya gak ada 😅😅😅 pendongeng handal 🤪🤪🤪",0
pak anis kolo pak perabowo jadi pesi den kati meri pertahan pak pera owo,0
Profesooorrr WKWKWWKWK,0
"KEMBALIKAN dana nasabah Narada, Wana artha life, Kresna life, KSB, dll. yg 3 tahun ini diabaikan... Sebagai bentuk MELINDUNGI RAKYAT JELATA!!!",0
aku dulu pak jokowi semoga pak  prabowo semoga jadi iyauloh dari rayat kecil,0
"Semakin Mantap MEMILIH NO.2, Yg Lebih Tau Pasti Tidak Mudah Untuk Berbicara Yang Tidak Sesuai FAKTA & Hati Nuraninya. Karena Memimpin Negara Pastilah Tidak Semudah Omon Omon Belaka. Presiden2 Sebelumnya Mungkin Tak Mampu Debat Dengan Amin & Ganjar, Tapi Lebih Mampu Untuk Memimpin INDONESIA. Mudah2an Prabowo Gibran Satu Putaran,🤲🤲🤲🤲🤲",1
"Harusnya pak anis hati"" Jgn terlalu bar-bar karena disini yg jdi juri adalah netuzen yg gak tau isinya tp selau menggoreng apa saja yg bapak sampaikan. Semoga AMIN dalam lindungan allaah
Aamiin",0
"Anies lupa sama siapa yang ngebantu dia bisa jadi gubernur  .  ini kacang lupa kulit , dan kacang ngehancurin kulit yang udh ngelindungi dia",0
Best,0
selat mas kiberan dari rakyat kecil,0
"Lah kata gua mah yg bahasanya manis Pak Prabowo, pengulangan kata² yg itu² saja seperti lagi kampanye bukan lagi debat untuk mengambil hati, terutama kalimat²nya ramah di telinga yg awam dgn kata² baku .. sementara yg lain cerdas² jawabannya sesuai pertanyaan, ada isinya.. please lah udah saatnya pemilu sekarang saling adu gagasan, kalo soal personality atau karakter pilih aja maskot mixue, lucu gemes.. 😂",1
"Yg 2 sibuk nyerang, tp pak prabowo tetap tenang tidak terpancing, tidak balik menjatuhkan padahal sangat bisa jika beliau mau menyerang balik. Sangat terlihat mana yg pakai hati dan mana yg ambisi, miris sekali😌",0
Anies adalah pendongeng yang handal,0
Aku dukung pak Prabowo dari dulu,1
😂😂😂,1
"Pilih aja atau gak memilih,gak usah pada ribut, tapi jgn asal pilih ya, gunakan akal dan hati, jgn nakal dan emosi, tetap damai karena kita semua 1 negeri",0
Debat Ini Seakan Untuk Menyerang Pak Prabowo Doang Kayaknya,0
"Ga habis pikir, buat apa sih umbar2 data negara dan umbar2 data palsu begitu?ini debat ap bullying?  mohon maaf saya sebagai rakyat gemas sekali :hand-orange-covering-eyes: semoga kali ini kesempatan datang kepada bpk meng bobby, aminnnn!",0
Pak prabowo pilihanku,0
"Saya mengerti apa yg dibicarakan pak prabowo,.. Karena mengajukan dana utk  pertahanan saat covid itu bukan segampang itu,.. Jgnkan di negara saja, saya di pekerjaan saya saja mengajukan peralatan"" Yg di butuhkan saja membutuhkan waktu yg lama, dan terkadang di tolak 😅",0
"""Indonesia Sangat dihormati, kita ydk pernah gagal hutang."" Itu maksudnya kita Selalu dpt hutangan apa gimana ya..?",0
"Seharusnya capres yg harus  hati hati jadi calon, bukan rakyat yg hati hati memilih",0
"mba, namanya debat itu adu argument. bukan soal balas tidak membalas. dan bukan jatuh menjatuhkan mbaa. belajar lagi soal definisi debat. saya bukan pendukung paslon manapun, tp yg namanya debat, saya dengerin dan kaji betul. kita sebagai pendengar ya tinggal mengkaji, pendapat mana yg paling mumpuni dibuktikan dengan data dan rekam jejak. itu saja. jangan baper duluan...",0
" @amelianurdiansyah9403  kok baper ? Jelas terlihat loh disini bukan menyampaikan visi misi malah sibuk mengkoreksi, tp  pendapat orang masing"" ya mbk, kalau menurut njenegan seperti itu ya silahkan saja 🙏",1
"itulah debat, kebetulan dia sendiri yg menjadi menteri pertahanan ya terima la akan dibahas apalagi nyapres pulak owalah kocak😅🤣",1
"2 lawan 1 ini mah wkwk
Ngga fair",1
"Yang terkuat pasti akan diserang habis2an dan dicari kelemahanya, semangat pak prabowo anda luar biasa dihantam kanan kiri tapi tetap santui",1
02,0
terlalu mirip cerdas cermat bkn debat,1
Klo memang kandidat nya unggul cukup tunjukkan program dan bisa misi nya tanpa mencaci dan menjatuhkan kandidat yang lain,0
"Omon""😂",1
Mojokerto✌,0
Semangat pak prabowo,0
"Pak Anis pinter ngomong, nyatanya ga jalan",0
"Komuknya anis ngeselin beuttt , pede bangett lagi",0
"Pak ganjar polisi kita mewah semua, bahkan sebagian jadi pelindung bandar narkoba.",0
Dari debat ini saya baru tau kalo visi misi paslon yg 1 ini adalah menjatohkan harga diri orang lain dg cara nyinyir 😅,0
Presiden   pak Prabowo  lah udh jelas,1
"Pilihlah pemimpin yg banyak difitnah,dijelek2kan,,,karena disitu dia sedang memperjuangkan kebenaran",0
Ini bukan debat masa depan tetapi debat saling menjatuhkan  pertanyaan ke sini jawaban ke sana  ga ada gagasan buat kedepan nya,0
Prabowo❤️❤️❤️❤️❤️❤️❤️,0
Anis paling top!!!!,0
Siappp kami bersama bapak mendukung BP Prabowo gibran RI 1 ❤ yg sabar ya pak💪💪,0
ini debat visi-misi atau debat menyudutkan 1 pihaak ? dan mekanisme debatnyapun agak lucu yah,1
All in prabowo ❤🎉,0
"Itu bukan menjatuhkan tapi koreksi.. namanya debat selain  bicara soal visi & misi,  saling  adu argumen dan pendapat satu sama lain..",0
Wkwkwk,0
"Pawiro milih prabowo. 
blitar hadir",0
Anis ini tukang ngibul,0
Tetap nomor urut 02,0
Anis bacoot,0
Maju terus pak prabowo ... saya warga jawatengah dukung pak prabowo,1
Semua saudara publik menghormati bhinika tunggal Ika dan mau Eling bibit kawitan hidup sepodo Podo Urip Ning Madyo alam bawono kerso lillah umtukbangun aklak mulia yg di muliakan Allah SWT,0
"Belajar dari Jokowi Sabar, Ikhlas dan Tegas.  
Pak Anis dan Pak Ganjar apakah tidak berfikir ? Debat ini di Tonton para intelligent dari seluruh negara.  sebagai Menteri Pertahanan Negara  dilarang  membuka seluruh data ketahanan negara ke public.",1
Ganjar anda itu sangat ramah ke para supir maka kani dukung anda menjadi supir,1
❤belajar bersyukur para leluhur luhur lampah kersane Gusti pengeran Allah SWT,0
"saya pilih no 1 dan 3 tuk jadi """"""""""""""""tapi untuk coblos, prabowo pilihanku,semoga jadi presiden pak prabowo presiden ku",0
Prabowo insya allah menang satu putaran,1
"pak anis sok paling pinter...emang dia bisa apa.??? mnjatuhkan sesorang mah smua orng jg bisa pak...
pak anis cocok bngt emng klw jdi kepala netizen🤣🤣🤣
sangat tidak berbobot debat kali ini...",1
Semoga bermanfaat safaat semua calon pengusa pimpinan bangsa negara sedunia harapan Bhinika tunggal Ika Merdeka dan mau nyadar Indonesia sampun merdeka tinggal ngisi Aklak mulia yg di muliakan Allah SWT poro leluhur luhur harapan bisa seyum nyawang Putro wayah sedoyonipun dumugi sakpriki saget Trimo ing pandum anugerah Rejeki brekah Barokah cukup urusan dunia akhirat harapan utama Sadang pangan sebagai Beteng negara harapan mulia mau lillah lampah kersane Gusti pengeran Allah SWT seni budaya adat Nusantara mulia Indonesia Mulya brekah Barokah Rahayu Alhamdhulillah Rahayu nyadar sdh merdeka sejati 111111 surat iklas,0
"Pak anis dan pak ganjar. Coba ngalah dulu. Pak prabowo, kayaknya emang ngebet banget jadi presiden. Kasihan kalo pemilu kali ini gagal lagi, hattrick.😂",0
Tolong deh klo pak probowo jadi anis sama ganjar terutama ganjar jangan kasih jabatan ... Gua agak takut,0
"Memang iya, menurut saya ini bukan debat, tapi menyudutkan individu. Meski beliau menjabat menhan saat ini, seharusnya seolah-olah beliau dianggap, ditanya juga sebagai calon capres, bukan didebat jadi menhan..🤦",0
PHK besar besaran di Jawa Timur menggiring masyarakat menuju Pak Prabowo,0
"Menanti saja tiba waktu dan harinya,  segenap rakyat siap dukung Bapak Prabowo. Semangat Bapak.",1
"Kalok pak Prabowo tidak jadi presiden
Sy tidak mau berkewarganegaraan Indonesia",0
Semoga Prabowo Menang,1
"Pak anisss, mimpin jakarta aja ga beres, gmn mimpin indonesia ?? Udah lah tau diri aja, mendingan mundur. Mau mau nya jadi boneka partai. Lagi cari uang ya pak ? Pengen juga punya tanah 430rb hektar ?? Sirik amat jadi manusia",0
Setelah menonton debat ini saya tetap mendukung pak Prabowo sebagai capres abadi,0
Anis baswedan tolong jangan di pilih ...wajahnya anis baswedan penuh dengan sandiwara politikus terlihat dari bibir dan hidung nya...bibirnya banyak bicara.hidung nya menghisap bau politik yang merugikan rakyat indonesia,0
Selamat pak Anis anda terpilih menjadi raja ngebacot 😂😂😂😂😂,1
"Rasulullah tidak prnah mengajarkan untuk banyak janji janji, 
Tpi amalkan sunnah sunnah nya, dn menjadi kholifah secara khaffah (mengingat kekholifahan Ali, umar, dan abu bakar asshidiq) Rodiyallahuta 'ala anhu",0
Gama the best,0
Alhamdulillah sampai saat ini saya sekeluarga sll mendukung bapak Prabowo-semangat dan maju terus,0
"Anis pekok, omong tok",0
"Membuka keburukan/aib seorang pemimpin atas apa yg dipimpinnya bukanlah sebuah keburukan atau kesalahan. Hal ini bertujuan untuk menunjukkan kepada orang lain agar tidak memilih kembali pemimpin seperti itu. Karena kesalahan pemimpin itu berakibat untuk orang banyak. 

Mantap Pak Anies !!",1
"Apa sih pak anis ?? Pribadi banget masalah bahasan nya ? Keliatan banget kosong otak bapak, ga nyambung sama setiap pertanyaan nya. Nilai mya minus banget buat pak anis, model begini di jadiin capres, partai2 yg mendukung bpk kaya nya pada kosong juga ya pak (?) ini nih tongkosong nyaring bunyi nya. Liat kinerja bapak 5tahun kmrn ? Apa aja yg beres pak ?",0
Bismillah Prabowo menang,1
Jawa tengah mana ? 😂. Saya jateng lho.,1
Makin keren Pak Anies !!❤,1
Prabowo Gibran ❤❤,0
masih ga habis pikir kenapa ada calon presiden yang selalu menyerang atau menjelek kan lawan nya,0
Lihat muka ganjar kayanya tuh songong banget,0
Pak ganjar saya nilai lbh siap dalam debat kali ini.,0
Kalau pak anis saya rasa mungkin terlalu mengerucut ke kemenhan dan pak prabowo,0
"Jawaban pak prabowo berputar hanya di itu itu saja tidak ada gagasan yg baru dan brilian, mungkin karna tidak adanya persiapan sebelum debat",0
Saya pendukung pak anis tapi untuk debat kali ini saya rasa pak ganjar pemenangnya,0
Prabowo menang,1
Mendukung karna kasihan kepada paslon?? Atau mendukung karna ingin yg terbaik untuk indonesia kedepannya ?,0
Love pak Prabowo ❤❤❤,0
"Pak prabowo semoga jdi presiden Pak, bismillah",0
"Ya Allah singkirkan lah orang2 munafik dan memperkaya dirinya dan kelompoknya yg ingin memimpin negeri ini..... Kami ingin pemimpin yg mandat dan takut akan kebesaran mu dan kami sudah cape selama ini dan ingin perubahan dinegara ini.... Mudah2an yg jujur akan menajdi pemimpin negeri ini, agar warga negara yg pelosok dpt merasakan perubahan bukan hanya dijadikan alat pas Pilpres!!",0
"Dia hanya ingin mengabdikan diri dimasa tuanya untuk negara , All in prabowo ❤",0
Saya pilih antara No 2 dan 3,0
Prabowo ✌😊,0
"Di tengah suasana memanas nya antar negar di luar sana.. Saya rsa prtahanan nkri lbih pnting dan satu"" Nya orang yg pham tntang prtahanan nkri cm beliau bpak Prabowo🙏smoga mnjadi pemimpin indonesiaku di thun 2024 . Aaamiin ya Allah🤲🤲",1
"Semut di seberang lautan kelihatan, gajah di pelupuk mata gag kelihatan, bapak profesor Anis pasti tau artinya kan jadi dosen... banyak2 berkaca pak, saya mau tanya sebagai masyarakat apa yg bapak bisa tunjukan kerja nyata selama menjabat jadi pemimpin jakarta??",0
Cerdasnya ga pake real  fakta  pak Anis 😮,0
Pas di panggil cuma Paslon 2 yg gak disebutin gelar y. Ada apakah?,0
Ih sumpah nonton ini w malah pengen nangis..sabar pak Prabowo yang menilai rakyat bukan mereka berdua.,0
"semakin yakin milih pak prabowo,,",0
No 2 terbaik,0
Siap bpk prbowo,0
Anis yang sudah di tolong  pak prabowo.mala menghina dan menyakiti prabowo. Ini colon presiden,0
"Pertahan Indonesia lemah apalagi di bidang cyber, contohnya ada beberapa kasus seperti bocornya data pemerintahan dan data pribadi Indonesia yang di jebol oleh bjorka",0
"MUKANYA PAK ANIS MINTA BGT DI HUJAT, dari tatapannya aja dia meremehkan paslon lain, apalagi harus memimpin negara ini. mungkin ajakan dia ngeremehin rakyatnya?",0
💪semangat pak prabowo....orang baik pasti menang,1
No. 48 gayakin gw,0
kalah jauh sama prestasi prabowo mah 😆,0
 @AnaKosst  coba sebutkan prestasi wowo......kalo bisaaaaaa wkwkwkw,0
"Prestasi ANIES BASWEDAN saat menjabat Gubernur DKI selama 5 tahun:❤🇲🇨
1. Jakarta International E-Prix Circuit (JIEC)
2. Stadion Jakarta International Stadium (JIS)
3. Revitalisasi Kota Tua Batavia
4. Sumur Resapan
5. Pembangunan Jalur Sepeda
6. JPO Pinisi di Jalan Jenderal Sudirman
7. Aplikasi Jakarta Kini (JAKI)
8. JakLingko
9. Pelebaran Trotoar
10. Gratiskan PBB di bawah Rp 2 M
11. Kampung Susun Akuarium
13. Fly Over Tapal Kuda
14. Revitalisasi Simpang Lima Pasar Senen
15. Honorable Mention Sustainable Transport
16. Penghargaan Kemenag
Kontribusi Pemprov DKI Jakarta dalam Pengembangan Pendidikan
Agama
17. Transjakarta TOP Corporate Performance 2020
18. Predikat Wajar Tanpa Pengecualian (WTP) BPK RI
19. Penghargaan BNN RI
20. 5 Kartu Kesejahteraan
21. Pembina BUMD Terbaik 2020
22. Peraih 9 Kategori Juara Umum Anugerah Publik Relation Indonesia Awards 2020
23. Peraih Anugerah Inovasi Indonesia (ICAI) 2020 IDX Channel
24. Juara Pertama Kompetisi Nasional bidang TIK Kemenkominfo RI
25. Penghargaan TOP 452020 Inovasi Pelayananu Publik
26. Peraih Medali Emas Bhumandala Award
27. Penghargaan Kota Peduli HAM dari Kemenkumham
28. Penghargaan Heroes 2021
29. Penghargaan KPPU Award 2021
30. Juara Sustainable Transport Award 2021
31. Penghargaan Pilar-pilar Sosial Penanganan Covid-19 tahun 2021
32. Penghargaan IDC Future Enterprise Awards 2021
33. Penghargaan Top Digital Awards 2021
34. Pencapaian Kota ramah Sepeda se-Indonesia
35. Penghargaan OJK Award
36. Penghargaan Best Governor for Inclusive Economic Growth- People of The Year 2021
37. Penghargaan Pemda Paling Informatif (KIP)
38. Best Regional Leader
39. Anugrah Padmamitra Award
40. Anugerah Dwija Praja Nugraha
35. Pembangunan Jakarta International Stadium (JIS)
41. Jakarta Raih 5 Kali WTP Berturut-Turut
42. Flood Control System Jakarta Juara 1 WSIS Prizes 2022
43. Penghargaan kota layak anak 2019 (kemenPPPA) pemda peduli anak (KPAI) 2020
44. Percepat penerbitan izin usaha dari 360 hari menjadi 51 hari
45. Penyediaan makanan tambahan anak sekolah (PMTAS) di 456 sekolah di seluruh jakarta
46. 14.000 wifi publik menuju jakarta kota digital
47. Layanan transportasi melonjak 85% masyarakat jakarta naik kendaraan umum
48. Layanan air bersih untuk masyarakat
49. Penataan sistem integrasi satu sistem informasi",1
​​ @lareosing69  gw tambahin bg mentri pendidikan yg di pecat anis baswedan 😂😂,1
Di Niati Iklas Kerso lampah kersane Gusti pengeran Allah SWT.cukup Medang kopi wis maturnuwun Alhamdhulullah Rahayu selamat utama sehat jasmani rokhani Bagas waras Akas awas Santoso Rahayu pikantuk anugerah yg wajib di syukuri sdh hujan rejeki brekah barokah cukup kagem ngademke politik Nuswantara Indonesia mulia/dan pemerintah nyadar rejeki wujud hujan pemerintah tak bisa membayar hujan nihmat Rohmat nihmat Gusti pengeran Allah SWT,0
"Hujan buatan gak akan mampu membayar semua nihmat titipan kagungane panjenengan
❤❤❤❤❤ Gusti pengeran ridho Allah SWT",0
"Nangis wkwkwkwk
Mmpus kau bowo gagap, debat aja gk becus",0
Sipaling tersakiti,0
 @sucifrantiza  wkwkkw siapa elow mbk,0
Jan berpikir begitu klo buat milih biar jangan nyesel kek pengalaman lalu... 🤣😄😄 malah dlu yg menyerang sekarang yg di serang dia sendiri... 🤣🤣🤣 coba di buka yutub nya... Biar ga lupa,1
 @najmastory3103  lah bukan berdasarkan itu aja x MBK saya milih. Kan privasi juga juga saya mau pilih siapa..situ mau pilih siapa juga terserah situ lah.,0
Walaupun paslon no 2 selalu di sudutkan..  q tetap pro p prabowo... biarlah tong kosong berbunyi nyaring,0
"apasi kok di cut2an, gue yg ngulang nonton jd bingung jier",0
Debat waktunya singkat bener,0
"Siapapun presidennya...
Gk kerja gk mbadog...
Saya golput",0
Insya  Allah Pk Prabowo  dengan ketulusan dan keikhlasanya kami yakin anda pasti menang Pk sehat selalu pk ya,1
nek data pertahanan di kritik ada penurunn seharusnya y menerima saja.dn jadikan itu sebagai bahan untuk kedepane lebih baik lagi..,1
"Anis, ani2 mulut manis 😅",0
Saya betfos Prabowo jangan terpilih.Emosian.kadhan rakyat.,0
Malah kaya cerdas cermat serang serang berkubu,1
",saya heran tuh yang nonton di studio orang tua apa anak2 ya, , , ,",0
wonk tani al in prabowo❤,0
"Anis ini full packaging. Intelectuality, behaviour, mentality paling bagus utk jadi leader. Kedua, Ganjar. Prabowo paling jeblok.",1
Nis pengen 🤮🤮ak,0
"Pak prabowo agak kurang di debat ini, kebanyakan jawabannya agak kurang sesuai pertanyaan dan tema, padahal udah 3 kali nyalon. Jawabannya masih terlalu kaku dan standart, apalagi ngulang2 jawaban yg sama 🙏 makin bingung milih siapa..",0
"Nanti saya akan pilih pak anis. 


Biasanya yang saya pilih pasti kalah.",0
"Doi udah tau dirinya akan kalah, makanya  bikin kericuhan",0
"Ibarat lagi perang terus mati koar koar ngajak nya by one wkwkwkwk , minimal beli item defend pak . tar giliran negara kena serangan dadakan ga siap lagi , hoaaaam .. berani doang ga cukup , kita butuh presiden yg berani dan pintar !!!",1
Tong kosong nyaring bunyinya mas Anis printer ngomong tapi gak ada isinya 😢😢😢😢,0
Perluasan wajib pajak konsepnya sama kyk menaikkan tax ratio yg d bicarakan Gibran wktu itu..,0
"Anis, ganjar, cm bnyak crita ngoni dua.",0
Dari debat ini saya jadi tau kapasitas 01&03  tentang tema ini 😅,0
01 lagi panik kah.. egk bagus sama sekali pada debat ini. Salut untuk 02 dan 03 lumayanlah,1
Jabar 100% Anis,0
Semakin yakin no Anis,0
Kok Semacam serang serng prubadi,0
Intisari nya ternyata Prabowo lebih layak,0
Mas Anis mas anis,0
pak anis selalu tersenyum,0
"Saya tetap pilih no 2, sukses selalu pk prabowo semoga sht trs pk.",0
"Prabowo dari awal sampai akhir, baca visi misi. Zero idea",0
"kita liat aja masa depan nya bagus apa nggak sama pak prabowo
jgn gampang di bodohi",1
ngenyek😢,0
Rakyat pak yaa jngan lupa,0
Pak Prabowo ❤❤❤❤❤❤❤❤❤❤❤❤❤❤❤❤❤❤❤❤❤❤❤❤❤❤❤❤❤❤❤❤❤❤❤❤❤❤❤❤❤❤❤❤❤❤❤❤❤❤❤❤❤❤❤❤❤❤❤❤❤❤❤❤❤❤❤❤❤❤❤❤❤❤❤❤❤❤❤❤❤❤❤❤❤❤❤❤❤❤❤❤❤❤❤❤❤❤❤❤❤❤❤❤❤❤❤❤❤❤❤❤❤❤❤❤❤❤❤❤❤❤❤❤❤❤❤❤❤❤❤❤❤❤❤❤❤❤❤❤❤❤❤❤❤❤❤❤❤❤❤❤❤❤❤❤❤❤❤❤❤❤❤❤❤❤❤❤❤❤❤❤,0
ALL IN PRABOWO 🔥,0
All in Prabowo,0
Pak Bowo sama gibran biar pajak gak naik,0
Prabowo tetap di hati. Prabowo punya gagasan utk rakyat. Yang lainnya pasti kedepan gagasan dari ketum partai. Saya dlu pilih pak jokowi skrg saatnya prabowo presidenku 2024.amin,0
"Anis mukanya kayak antagonis
😮",0
insya Allah PAK PRABOWO AKAN MENJADI the WINNER nya. Mari kita dukung Capres yang paling SABAR & TIDAK SUKA MENYALAHKAN kandidat lain. Aamiin🤲🤲🤲,0
Dimana bagus nya si wowo😂,1
"Anis mentri aja gagal di pecat terlalu pintar merangkai kata mungkin banyak ngibulnya😂sama aja dengan ganjar tidak bisa merubah angka kemiskinan di provinsi nya terlalu sibuk mengoleksi video bo*ep😂,",1
Gaji TNI sudah besar pak gaji Sipil yg diperas pak sampai ketulang tulang,0
Saya siap kerja buat bangsa,0
Semoga saya bisa jadi bagian BUMN,0
Pak pikirin rakyat pikir pajak jngn naik,0
prabowo melas😂,1
"Iya biayanya dari rakyat , dan rakyat dicekik😢",0
"Paslon no 2 orang cerdas, pk prabowo gk mau menjatuhkan kellen b2 karena dipikirnya ""berdebat dgn dua orang bodoh hanya akan membuat orang bodohnya bertambah 3"" 😂😂😂😂😂😂😂 prabowo majuu!!",1
UDAH KELIATAN UDAH,0
"Melihat dan ngomentari main bola bola itu gampang.  Seperti halnya AB ngomentari soal kondisi pertahanan.  
Ngurus pertahanan gak mudah bro dg kondisi geografis Indoneaia yg luas, terdiri dari 13.000 kepulauan apalagi  kondisi covid yg mempengaruhi anggaran. 
Kalau ngomentari kondisi DKI saat dipimpin AB juga gampang kok. 
Contoh.  Rumah sederhana 0℅, reklamasi yg justru tetep jalan, jalan jalan track untuk sepeda di DKI yg mubazir enggak dipakai. Buat patung patung yg gak jelas.  Rekruet adviser DKI yg gak jelas, Dll. 
Padahal AB jadi gubernur disponsori dan di danai oleh Prabowo.  
Ya... Beretikalah.... 
Wass",0
masih ingatkah Ektp 😂,1
Prabowo pengalaman di lapangan,0
Aku padamu bapak Prabowo ❤,0
Sudah gk ada strategi lagi 01 dan 03 😅,0
"Mas manis dah  kayak anak abg labil suka ngerate 😢 orang. Kek anak abg ngerate brrapa rate outfits mu hari ini. YaAllah dahlah mas manis ini
01 ngomong etika tp omongan nya gada etikanya
Sesi terakhir ajang 01 03 nungslepne 02",1
"ini tentang negara bukan personal, debat bukan tempat untuk roasting!!",0
Saya 2x Periode Golput Tapi setelah Debat ini tenang pak saya akan pilih Bapak Prabowo❤,0
"Tadi nya respect ke 01.. tp kyk nya tidak setelah saya pikir"" kyk nya jago di ucapan saja.  Saya ke 03 aja.. untuk pak prabowo maaf ya..",1
Makin yakin pilih paslon no 2 ✌️❤️,0
"Kan ini lawan semua , knp kok kayak serang pak prabowo semua ini tdk adil",0
"Klau sabar mah harusnya setelah debat move on dong, jangan sindir2 paslon lain terus depan pendukung, mana ngatain gblok lgi",0
selamat bergabung dengan orNg2 dungu lainya,0
Siapapun presidennya semoga bukan pak anis 😇🤲🏻,0
BISMILLAH Bpk Prabowo & Gibran❤,0
"Sehat pak prabowo,, yakin orang sabar akan langsung di bantu oleh kuasa Allah SWT",0
Omong cuman omonggg ..yang penting itu kerja kerja kerja .kaya pak Jokowi tidak banyak omong .kerjanya jelas,0
Pak aniss itu orangya baik di luar suka senyum tadi dalam hatinya ....sanggat sanggat jahat,1
Hidup prabowo,0
"YaAllah siapapun presiden Indonesia nanti, berilah Indonesia ini damai, aman, dan dijauhkan dari segala fitnah",0
Prabowo presidenku  dari madiunn pusat,0
"KOMENTAR ISINYA BUZZER RP

KWKWWKKWWKWKWK",0
Pak prabowo harus jadi❤,0
Prabowo we love you,0
Semoga PK  Prabowo amanah Aamiin NO2 ok,0
"Prabowo gak pandai bicara, tapi apa yg diomongin justru konkrit dan mengandung kebenaran. Yg lainya cuma pandai bicara tapi AMPAS.",0
"Debat rasa bully😂😂😂😂,, capres terbaik semakin terlihat,,  tulus,, tak perlu menjatuhkan ,, malah lawan membuka aib mereka sendiri,,",1
Forsa ganjar..,0
"Dulu ku milih yg pojok😅,,,,tapi liat ini,,,,,Berbobot sekli setiap jawaban Prabowo Subianto ' semangat pak💪",0
Prabowo deh pokoknya,0
Setelah berkali-kali tidak mendukung prabowo.setelah tayangan ini saya memilih prabowo kandidat yang paling mampu untuk membawa Indonesia lebih baik,1
kami butuh bukti nyata bukan opini fakta,0
Ya Allah  menangkanlah  pasangan  amin...,0
nah kalau ini saya setuju,1
"Tetap pak Prabowo yang terbaik,,insha Allah presiden selanjut nya adalah bapak..amiiinn",0
"Aq salut sama Pk Prabowo..begitu tenang menghadapi pertanyaan"" lawannya..dulu aq pilih Pk Jokowi yg begitu tenan..sekarang itu ada pada Pk Prabowo..aq dukung pk semoga kemenangan berpihak pada Pk Prabowo..Aamiin..👍",1
"Gua curiga pa ganjar sebenarnya pro anies pada akhirnya. Krn bahkan saya pun yg awam awalnya oke2 sj dg prabowo, tp dg isi2 jawaban debat pak prabowo sama sekali terlalu basic, diulang2, dan tidak memberikan data2 yg seharusnya dibawa dalam forum debat. Tidak.. beliau sebagai mantan menhan yg seyogyanya sudah di luar kepala samasekali tidak tercerminkan dalam penjelasannya... bahkan tampak sekali, sosok yg seharusnya bisa melawan anies dg data2 yg pernah dia kerjakan dan emosi yg stabil. Malah ngejawab ngawur, emosian dan merendahkan lawan debatnya. Tidak adil sekali, di mana hanya ganjar dan anies yg diundang kick andy dan diberikan oertanyaan tajam dan merendahkan mereka dapat menghadapinya dg tenang. Giliran kali ini wowo malah mudah sekali emosi, bahkan mengoblok2 lawannya di kandang sendiri. Sy bener2 ga habis pikir.... apa susahnya mengakui dan menjelaskan dg baik ttg kerjaannya dlu dengan hati yg sabar???  Masyarakat jg butuh penjelasan bukan malah ditutup2pi seperti itu dan malah playing victim.",1
Dulu sy g suka prabowo tp skrng sy pilih prabowo,1
Pengen ngejait tu bibir,0
"Satu komando ijtima ULAMA...,, NO 1 pak anis/muhaimin FOR PRESIDEN 2024.Aamiin",0
Pak prabowo the best❤,0
PRABOWO GIBRAN ✌🏼,0
menit berapa anies yang menjatuhkan pak prabowo?,0
"Saya org yg mls ngikutin politik.. Tpi kali ini insyallah saya akan pilih pak prabowo. 
Beliau berdiri dsna krn peduli dg negara ini..",0
"Astagfirullah, dari awal udah ngucap dgr apa yg dibilang anies. Kok jahat bener pak? Debat debat aja pak, jgn bully gitu. Semoga Allah membalasnya 🤲🏻",0
Adab nya ganjar dan anis gak ada...,0
"Oh iya iya,,knapa pak Anis gak maranin pak Prabowo setelah selesai debat, buat jabat tangan,",0
"Gw ngakak masalah tanah loh 🤣
Tanah pribadi kan itu cong bukan tanah milik negara 🤣",1
mantap,1
"Anis-Muhaimin
AM1N",0
Masa selefel seluruh panelis dikalahkan Sm Gibran... 😂,1
Prabowo anti kritik bawaanya emosi kalau di kritik,0
"Punya kepala desa aja yg ngomongnya blebab-blebeb berasa malu dengernya, apalagi presiden. Malu rasanya di mata dunia",0
"Sama bang, 2019 golput, skrng gue harus pilih prabowo 😅",0
Coba klo ga sama Gibran pasti ga mendukung,0
Pak Prabowo is the Best..,0
Ini yg komentar kader2 ny prabowo😂😂😂 kalo debat ya adu argumen lah jangan cengeng 😂,1
"Tdk butuh orng yg pintar bacot,  (pilihanku prabowo",1
"Matius 5:11 (TB)  Berbahagialah kamu, jika karena Aku kamu dicela dan dianiaya dan kepadamu difitnahkan segala yang jahat.

terjemahan al maidah ayat 11: Wahai orang-orang yang beriman! Ingatlah nikmat Allah (yang diberikan) kepadamu, ketika suatu kaum bermaksud hendak menyerangmu dengan tangannya, lalu Allah menahan tangan mereka dari kamu. 


kata kata ganjar surat ke 5 dan anies ayat ke 11
5:11",0
"Kalau anda warga Jakarta selama minimal 30 tahun dan memiliki pandangan obyektif, maka anda bisa menilai bagaimana kinerja gubernur pra dan masa Anies.
Jawaban saya, Gubernur Anies tidak memiliki gebrakan orisinil yang membuat Jakarta semakin maju.

Trotoar lebar sudah dimulai sejak sebelum Gubernur Anies, terutama untuk mendukung perhelatan Asian Games 2018. Dimulai dari pembersihan pedagang kaki lima dll
MRT dan LRT dimulai dari jaman Jokowi. Rencana sdh dibuat dari sebelum Jokowi tapi eksekusi dimulai oleh Jokowi
Trans Jakarta diluncurkan pertama kali oleh Setiyoso. Awal konsep adalah dibuat dulu lajur dan halte khusus Trans Jakarta sblm lajur tsb dilakukan, tetapi sejak jaman Ahok Trans Jakarta bisa beroperasi di luar lajur2 khusus tsb
Bus sekolah dimulai sejak jaman orde baru, tapi dioperasikan oleh swasta dg sistem setoran. Alhasil banyak penyelewengan bus sekolah mengangkut penumpang non siswa krn supir mengejar setoran. Di jaman Ahok bus sekolah hidup kembali dan dibiayai oleh Pemprov shg gratis dan pakai AC
BKT dimulai sejak jaman Setiyoso
Penurapan dan pembersihan kali dari penghuni liar dimulai oleh Jokowi
Jembatan Sudirman II dimulai oleh Ahok tanpa membebani APBD
RPTRA dimulai oleh Jokowi dan sebagian besar tidak memakai APBD (sponsor swasta spt taman Honda, Toyota, dll)
Pembersihan Kalijodo dan dikonversi menjadi RPTRA dilakukan oleh Ahok
Penertiban rusunawa dimulai oleh Ahok tetapi diganti oleh Anies dg program DP 0% yg cicilannya tdk bisa dijangkau oleh masyarakat miskin. Sebelumnya rusunawa ditinggali oleh orang2 yang tidak berhak atau dijadikan lahan bisnis oleh bbrp oknum
Program KJP/KJS dimulai oleh Jokowi dan dibawa menjadi nasional dg KIP/KIS saat beliau menjadi presiden
Revitalisasi sekolah dan pasar dimulai sejak jaman Setiyoso. Prestasi fenomenal Ahok adalah membersihkan Tanah Abang dari pedagang kaki lima yg membuat kemacetan parah di kawasan tsb. Kondisi skrg silakan datang sendiri ke sana stlh situasi normal (pandemi berakhir)
Pasukan orange, biru, dll dimulai sejak jaman Ahok dg gaji UMP dan bbrp fasilitas kesejahteraan tambahan
Masalah sampah Jakarta diselesaikan oleh Ahok dg mengambil alih pengelolaan sampah dari tangan swasta dan menggaji karyawan2nya sesuai UMP dan bbrp fasilitas kesejahteraan tambahan
Dll
Terobosan yang saya rasakan saat jaman Anies adalah jalan layang penyeberangan di jalur commuter line Pasar Minggu - Depok. Sayangnya perencanaan kurang matang shg menimbulkan bottle neck di akses masuk jembatan. Semoga Gubernur Anies bs memecahkan masalah tsb dg melebarkan jalan shg tdk terjadi bottle neck.

Selain itu, solusi Gubernur Anies bagi masalah Jakarta lebih kepada jangka pendek tanpa perhitungan matang, seperti waring untuk menutupi kali, pembuatan trotoar di Kemang yg kurang matang shg saluran air mudah mampat dan mengakibatkan banjir, pembuatan 3 lajur di Kemang Raya yg membahayakan dan akhirnya diperbaiki menjadi 2 lajur lebar, dll.

Bahkan menurut saya banyak solusi yang lebih kepada proyek image seperti formula E, pembuatan tugu rotan, tugu sepeda yg uangnya bisa dipakai untuk buat RPTRA, JPO instagramable Sudirman, dll. Menurut saya, Jakarta sudah cukup terkenal di dunia sbg tujuan wisata dgn keberadaan Monas, TMII, Ancol dg Dufannya, Kampung Betawi, Kota Tua, dll. Selain itu, Jakarta memiliki kuliner yg sangat beragam, baik dari asal masakan maupun harga. Mulai dari kelas street food sampai bintang 5 dan street food Jakarta mulai dikenal di manca negara karena masuk di acara tv di negara mereka.

Faktor penyebab wisatawan malas ke Jakarta adalah karena macet, kumuh, banjir, kriminalitas, kali bau, dll. Shg, seharusnya Gubernur Jakarta fokus memperbaiki masalah2 Jakarta yg membuat warga dan wisatawan tidak nyaman.

Dengan demikian, saya tidak berani memilih Gubernur yang kehilangan fokus dan sedikit gerbrakan orisinil dalam mengelola wilayahnya untuk menjadi lebih baik untuk naik menjadi presiden.",1
kyk km becus aja kinerja km,0
Paslon no 1 mulutnya begitu manis hahaha,0
✌️ dukung pak prabowo,1
"mohon maaf sebelumnya, dari debat ini bisa saya simpulkan, mana yg berbobot mana yang hanya mencari kesalahan, mohon maaf bapak anis, saya pribadi tidak suka dengan sikap dan cara bicara anda yg sangat menghina dan merendahkan martabat dan kekuatan negara anda sendiri, pencapaian apa yg sudah anda dapatkan selama menjabat sebagai gubernur, sudah sesuaikah hasil yg anda dapatkan seperti apa yg anda gemborkan pada kampanye ada dulu,..
mohon maaf dari sini saya yakin bahwa anda tidak pantas memimpin negeri ini...",0
Anis tidak pantas menjabat di pemerintahan indonesia .,0
di durasi 2 jam 5 menit pertanda pak prabowo insyaallah menjadi preesiden,0
"Sy yg udh berkali-kali ikutan jadi pemilih dan ngasal nyoblosss, kali ini tertarik betul² dan mengikuti semua perkembangannya, dan melihat debat yg kali ini, sungguh sy tertawa karena mereka 1&3 harusnya cari suara dgn visi misi mereka, tp knp jadi bahan tertawaan buat kami semua 😂",1
Prabowo is the best ever,0
ALL IN PAK GEMOY😚,0
"Oiya berarti ada yg korupsi dong, ihh parah bgt😭😭",0
Pak Prabowo tidak pernah menyerang lawan. Karena beliau introspeksi dlu dan Bercermin dlu sebelum ngomongin orang. Beda dengan sebelah sebelah nya tidak bisa introspeksi dlu sebelum ngomongin lawan nya. Kayak yang paling pintar aja. Coba mereka yang jadi menteri pertahanan pasti nilai nya lebih jelek. Tidak semudah itu menilai kinerja orang kayak paling hebat saja. Semangat pak Prabowo semakin di sudutkan semakin saya yakin kalau pak Prabowo banyak yang mendukung ❤,1
Terlihat mana yg tulus untuk rakyat🥺,0
Setuju sekali. . . Siapapun yang jadi besuk. Pokoknya kita yang terbaik untuk indonesia,1
 @jalmiaja3138  yg terbaik adalh pribumi asli ..,0
Krn lu dongo,0
Itu tema debatny tentang pertahanan dan kebetulan calon 02 menteri pertahanan wkwk jd jngn baper. Jd kalo misal  pa anis ataw pa ganjar menteri pertahanan mgkn bakal habis di rujak sama pk bowo mlh mungkin lbh pedes wkwk kalo debat ya adu argumen lah jangan cengeng1,1
Bondowoso  siap dukung Prabowo Gibran,1
Anis banyak bicara ( pepatah mengatakan Banyak bicara banyak bohongnya,0
" @rozichanel6425  terus lu pikir prabowo jujur amanah  rela berkorban gitu,ngimpi",0
klo awalnya aja udah curang kedepannya  bagaimana Bang?,0
PK Prabowo terlihat.yg tulus untuk NKRI Indonesia lebih maju ❤,0
"Pak Prabowo ko baperan gitu, jadi jawaban2 ngawur lebih ke pribadi jadinya  😂 bukan  ke argument.wk wk..",0
"Nyerang soal kinerja d kementrian itu sama dg kritik,",0
"karena presiden q/no 01 ga ada celah utk di serang,apa nya yg mau di serang,salam Amin siap menang 01 putaran",1
​ @SupriyantoSupriyanto-zs1iq  krn no 1 tdk ada prestasi buat indonesia makanya tdk ada yg hrs di kritik.,0
ah yang bener ? :face-blue-smiling:,0
pretttttt....,0
"Silakan tim prabowo dan tim ganjar mncari cela anis dlm kpemiminan dan wawasan ny, pdhl semua tau anis dr dlu dicari2 kesalahan ny dan sampai sekarang dia bersih",0
"gak bisa jawab ngelesnya gak pernah nyerang.. lupa soal polusi dibawa angin? 😂
gemoy palsu! fakta klo wowo arogan dibelakang.",1
"dukung Anis bakal nangiiiiiiss,lihatnya dari lahiria saja!!!",1
Amin gak ada yg lain...,0
Aku semakin yakin pilih anis mengungkap kebenaran... 😊,0
Nonton ini spy bisa tau kudu pilih siapa😂,1
berikanlah kekuatan dan kesehatan buat pak Prabowo ya Allah,0
semoga pak Prabowo jadi Presiden ya Allah,0
Sya akan mendukung capres yang menerapkan hukum qisas macam malaysia dan hukum mati koruptor...biar negri ini aman kondusip,0
Aku suka pak probowo tpi aku nggk suka wakil nya bocah ingusan taekkkk,1
😁mungkin kalo aku yg disenggol disitu udah marah marah dan bakal senggol ganti. Hebatnya calon pemimpinku hatinya luas kayak samudra. Yok bisa yok pak gemoy,0
"Sepertinya Ganjar Mahfud akan mendapat kesulitan karena jelas-jelas PERANG TERHADAP KORUPSI. Yang masih ingin korupsi pasti tidak memilih Ganjar-Mahfud. Doa kami, semoga Ganjar Mahfud bisa menang satu putaran.",1
ALL IN 02,0
02 mudah2an maju dn raih Indonesia sejahtera.,0
"Anies penghianat dan pembohong tapi masih ada yang pilih, aneh saya😅",0
Anis pandai amat ngomong tapi isi nya ampas,0
"Kok jdi gerem iy?
Terutama kpda pak Anis!!!????
Tawny mngkritik lawan debat,bukan fokus pada debat utk jdi calon presiden",0
"Masalah ngomong/misi dan visi biasa dech semuanya bagus, tapi siapa yang mampu menyelesaikan kasus Jessica Wongso yang selama ini sudah tertindas...😅😅😅
       Baca komen saya ini, baca dan tanggapi...!",1
Anis itu sebenarnya dia memperdalam cara bicaranya sales tapi kalau tentang pertahanan negara dan strategi buat kedepannya hadehhh gatau apa apa dia gitulah orang dungu kalau ganjar ikut ikut aja dia😂,1
"lihat debat dulu biar gak salah pilih,,,",1
"Pick me banget loe anies, temanya jelas mengenai pertahanan, geopolitik, hub.internasional, dan globalisasi, malah bahas nilai2 kepemimpinan. Gk nyambung!!",1
"Sy org yg bodoamat soal begini tp kali ini hati saya trgugah utk menonton dan mengikuti😢

Trnyata betul tmn2 tiktok menilai bahwa 01 memang pandai dlm berucap, tp kerja zonk. Tp indonesia butuh pemimpin yg kerja nyata bukan banyak omong!!!",0
[LIVE] Debat Capres 2024 (7/1/2024) | tvOne,0
Sumatera siap memenangkan prabowo GIBRAN satu putaran.,0
"yg bener lah uban, ya kali ngejelasin dlm waktu 1 mnt",0
"KATA ANDALAN: ""KOMPREHENSIF"" 🗿",0
Prabowo mau beli pesawat bekas? Hati2 pesawat jatuh 😮,0
"Kami dan sekeluarga pasti dukung pak prabowo, selian dia jujur apa adanya, dia juga memiliki pondasi yg kuat untuk masyarakat indonesia,.",1
Saya berani taruhan 100 juta Rupiah Ganjar Mahmud pasti jadi President Indonesia 🎉🎉🎉🎉🎉🎉🎉🎉🎉🎉🎉🎉🎉🎉🎉🎉🎉🎉,1
Dalam gerak tubuh dan ekpresi wajah anis kayak orang iri dengki dan sakit hati. Tapi dia bisa menutupi dengan senyuman palsu,0
Pak ganjar❤❤❤❤,0
PRABOWO GIBRAN RI 1 ALLAHUMMASOLLI ALA MUHAMMAD AMIIN YA RABBAL ALAMIN,0
WONG TULUS bolone PRABOWO ❤❤,0
"Mukanya Anis kek muka"" omdo 😂",1
KOSONG DUAAAAAAAAA WWKWKKWKWKWWKWKKWKWWKKW UDAH LAH NGOMONG AJA UDAH SUSAH,0
Prabowo ni bos,0
"KOSONG DUAAAA SIMAK YAAAKKKKK ,  SI PALING KASIAN",0
Aniess gak tau di tolong malah menjelekkan yg prnh nolong diaa ih,0
Presiden harus dapat mencegah masuknya imigran gelap,0
Kita Tunggu Hari Esok Untuk Kemajuan Indonesia Kuat 🇮🇩,0
Ganjar mencari data itu berjam-jan terus minta sm di jelaskan sama pak prabowo dengan waktu 45 menit 🙃🙃,0
Cuma bpk prabowo saja yang mengucapkan salam sesuai agama yang ada di Indonesia Hormat bapak sehat selalu❤Tuhan Sayang,0
KOSONG SATU PALING OMDO WKWKWK,0
pentingnya toleransi beragama,0
tolong manusia2 02 melek yaakkkk,0
"Fix ini paslon 1 dan 3 menyerang kinerja paslon 2.

Allahuakbar,, pak Prabowo saya doakan bapa selalu dlm lindungan Allah s.w.t
Aamiinn...",0
all in pak Prabowo Gibran🤲,0
atitude anis di pertanyakann bet sihh😒,0
"Sedikit bicara banyak bekerja..
Pak Prabowo love u fullllll ❤
Cinta bangsa Indonesia",1
"Halah banyak omong Anies gaa bisa kerja, kerja nya nol 0",0
Pak anies jualan tahu aja gausa jadi presiden pak biar ga ikut ilang etika masyarakat,0
Gw kenapa lebih fokus ke moderator yaa wkwkw. Keknya cape bgt wkwk,1
eneg sy sama omongan pak anis,0
Bapak prabowo✌🥰bapak gemoy❤,0
🇮🇩🇮🇩🇮🇩🇮🇩semoga d tahun 2024 ini kita d pinpin oleh peminpin yg lbh baik dari sebelumnya ...semoga peminpin d 2024 ini lbh bertangung jawap dan bisa merubah kehiduppan orang2 yg kurang cukup/ miskin🇮🇩🇮🇩🇮🇩 👍👍siap untuk no 3 🤲🤲,1
"Tetap tenang Prabowo ,  masih ada waktu  kita di sini selalu untuk mendukung orang baik ,   salam JUNIARTI DARI KOTA BIMA",1
"Saya melihat debat ini saling  mempertahan kan  ide ide yg ingin di kembangkan setelah menjadi presiden nanti ,  tapi kalau Anis ingin merubah semua yg sudah di  bangun oleh pak Jokowi , , ,",0
Saya berharap oknum TNI polri yang dzolim terhadap masyarakat bisa d bersihkan. Oleh presiden terpilih. Amin,0
"Kalau Anis menang saya PGN lihat gimana cara kerjanya kok omongan nya nyindir melulu
Saya takut hanya omong doang kerja gak karuan 😒",0
Sebel bgt ..di bilang suruh tenang.. Sorak sorai terus kyk nonton bulu tangkis..di kira ngk capek apa mba sm mas nya nyuruh tenang...😢,0
"anis over teoritis yang membuat beliau selalu hebat dlm menjawab semua pertanyaan namun jika beliau turun kelapangan saya rasa teoritis nya tdk berguna, berbeda dgn bpk probowo yg background nya anak lapangan sehingga mungkin kurang mengerti mengelola kalimat. Namun bisa dibayangkan jika beliau dipercayakan turun kelapangan utk mengurus indonesia?",1
Bismillahirrahmanirrahim insyaallah atas ijin Allah bapak Prabowo 1 putaran,0
"ENTE YANG HARUS MELEK BROWW, ENTE KAYAKNYA MABOK KENCING ONTA YA, MAKANYA GAK BISA MELEK. BANYAKIN MINUM AIR PUTIH YA... ADA AIR PUTIH KAN DIRUMAH? AIR PUTIH MAKSUDNYA AIR AQUA/ AIR SUMUR/AIR GALON, BUKAN SUSU ONTA. JANGAN SALAH TAFSIR. 😂😂",1
MUKA ANIS SINIS BANGET NJIIRRR ...,0
"debat soal masa depan negara cuma dikasih 1menit masing2 capres, gimana mau keliatan karakter dan argumen dari tiap capres nya",0
Lebih suka baca komenan ig dan Tweet dari pada youtube yg isinya orang baperan..ingat yaa..pemilihan presiden bukan hanya tentang rasa kasihan doang..kalau tau faktanya juga ga akan kasihan😅..padahal pak anis sangat mewakili suara rakyat dan berusaha melindungi rakyat dari kekuatan oligarki,1
Suka sekali pak Ganjar❤,1
Disuruh nyampeiin visi misi malah menjauhtkan lawan nya. Wkwkwkwk,0
"Tenang saja pak Prabowo kami sekeluarga diNTB mendukung bapak,semula kita mendukung  pak Anis,tapi dia selalu mencari kejele an orang lain",0
Lawak bngt anis🤣,1
Lol the replies.,0
Tenang pak prabowo pilpres tahun 2024 ini anda bkal terpilih jadi presiden saya yakin...,0
Setelah melihat debat para capres ini...saya semakin yakin pilihan jatuh kepada Pak Jokowi..😃,0
"Memastikan keaehtraan prajurit dp o , 1peraen aja lupa bogo",0
"Hanya orang dungu yang pilih 02. 
Jelas tdk cocok memimpin negara. Terlihat jelas.
Lebih jelas 03 atau 01",1
Siapapun pemimpin nya asal mau mengangkat kaum petani,0
Orang kurang pintar minta data keamanan negara seperti anies,1
Banyak yg di cut kah?,0
"Pak Prabowo fokus untuk bertindak, dia gak mau banyak cakap... Ya Allah menangkanlah pak prabowo",0
"yg bayak omong,
bayak bohong....",0
semangat pk prabowo..,0
Aniess aniess ga segampang itu nisss😅😅,0
"dari debat ini kita bisa menilai karakter seseorang..
belum dikasih jabatan aja udah nampak karakternya...
wkwkwkwkwkwk",0
KOSONG SATU AMPAS... WKWKWK,0
 @adiyadi3209  LAHHHHH EMANG KURENG BET 02 OTAKNYA,0
Bukan kejelekan tapi fakta..org yg paham faktanya pasti tertawa puas liat pertunjukan pak anis karna sangat mewakili suara rakyat..ingat bu dibalik prabowo gibran ada partai2 yang jago korupsi tingkat tinggi dan kaum elit yang kongkalingkong mainin negara,0
Wkwk namanya debat..kalau ga mau dijatuhin ya harus siap2 data bukan siap2 joged,1
​ @ZaraAneera lu ga cape balesin semua komen?,0
"Itu ada di pak anis insyaallah ibu..beliau sangat mewakili suara rakyat..beliau lbh tau tntng terhambatnya ekonomi Indonesia dan bagaimana cara memulihkannya, semoga jika beliau terpilih Allah membantu dia mengarjakan tugas2nya",0
Hehe sebutkan dong mana bohongnya😂😂,1
Karakter yg mana sih..menilai org jangan lewat debat ya😂,1
Asek,0
"Anies kebanyakan teori, kerja ZONK. Mewakili rakyat dari hongkong",0
 @adiyadi3209  ya jelas lah bang..lu ga akan pernah merasa terwakili sebelum lu paham kondisi internal Indonesia😃,1
 @adiyadi3209  bukti dong kalo anis kerja zonk..warganya aja pada puas..meskipun masih ada oknum yg belum terpuaskan..tapi wajar lah..namanya manusia..,0
Ada apa dengan pak prabowo? Ingin menambah tingkat korupsi dan hutang kah?,0
" @ZaraAneera  Buat Kemajuan Indonesia, biar orang yg dungu2 kayak kmu bisa pinter. Prabowo Gibran punya misi kasih makan siang gratis + susu, pas buat obat komplotan kmu yg sudah mabok kencing onta, jdi bisa pd sembuh. 😂",1
Wkwkwk..Ga bahaya tah misinya😂,1
"Apa arti hakikat menuju Perubahan,, pelajari yg dalam",0
Itu ganjar dapat data dari mana ..itukan rahasia negara soal pertahanan,0
"Kalau prabowo jadi R1 tolong hilangin debat2 gak ada gunanya, suruh mahsiswa saja yg debat pasti akan lebih menarik dari mereka bertiga",0
PRABOWO.🐎,0
"Benar kata pak prabowo,,anis terlalu ambisius",1
"Menit 2.27 sesi akhir ko  pa ganjar ko seolah2 harus membuka Data di acara debat ya, padahal udh di jelaskan udh di paparkan yg di ikuti oleh seluruh partai.
Ko ngotot ya pa?",0
Saya rakyat kecil....setelah debat ini...saya ngerti yg harus saya pilih....pak prabowo lah yg saya pilih....capres anis dan ganjar gak pantas jadi presiden.....,0
Gilak wkwkwk inimah senggol bacokkkk,0
Salam Prabu ✌✌✌✌,0
"Ini debat apa ngejatuhin pak menhan.! Yg lucu nya SI MENTRI GAGAL INI yg pernah di pecat jokowi karna ngebayar berlebih terus.! berani ngasih nilai KE MENTRI DENGAN PREDIKAT KINERJA TERBAIK.! lawak banget anjir
Apakah anies orang Indonesia.???? Kok bisa bisa mau bahas soal rahasia pertahan di depan umum kalo syukur aja pak prabowo mulut nya gak selamis anies klo di bongkar di debat ini gimana apa kalo dalam 2 bulan kedepan ada serangan dari luar negri dia mau tanggung jawab.????
Pak ganjar juga kalo gak tau soal pertahanan gak usah sok sok an jir.! Nanya barang bekas segala gini pak kalo mau barang baru ikut bikin di luar negri sama negara yg membuat alutsista bikin perencanaan sama kerja sama nya biar dapat barang baru nya.! Kalo mau beli aja ya harus Terima barang bekas boss.!",1
anis anjenggg,0
Ttp prabowo pilihan saya,0
"Yaa Allooohhh.. perasaan saya debat capres sebelumnya tidak seperti ini, sepertinya ini hanya ingin menjatuhkan paslon capres yg lainnya. Semoga siapa saja yg terpilih jadi presiden benar"" bisa membangun Indonesia lebih maju dan sukses lagi. Aaamiiin Yaa Robbal Aalaaamiiin",1
Semoga sehat terus pak Prabowo..,0
"siapapun pemimpinnya saya tetap dukung bila suatu saat sudah terpilih, semoga amanat dan jujur❤",1
All in Prabowo Gibran✌🏻😇,0
"paslon 01 terlalu menjatuhkan ,,, PAYAH 👎",0
"Anies itu pinter, pinter ngomong wakakakak",0
"Di sini kita bisa menilai capres mana yang bisa menghadapi serangan dengan cerdas atau dengan emosi atau dengan senyum-senyum saja. Rakyat Indonesia cerdas memilih pemimpin yang terbaik. Semoga Allah karuniakan kita pemimpin yang beriman, cerdas, adil, amanah, jujur, dan tegas. Aamiin",1
"kita butuh pemimpin yg baik jujur amanah pintar bijaksana pemberani tapi belum ada..
Bukan yg terlalu pinter ngomong tidak sesuai dgn bukti tidak sesuai(ancur) keadaan.=(0)bohong jadinya munafik, dan juga Bukan yg omongannya omong kosong bukti=(0)(ancur)
Udah deh minimal yg jujur apa adanya dulu dah ingsaalloh baik.",0
Pinter ngomong pinter kerja..dihargai di dunia internasional tapi di negaranya sendiri dijatuhin..gitulah wakanda..semoga Allah mempernaiki kita semua,0
Pak..sehat kan pak? Padahal yang sangat mewakili suara rakyat itu pak anis pak..karna beliau membuka kedok org2 elit😂,1
"Pak trus untuk jaring yg diapaki nutupin kali yg bau itu gimana jenis strateginya pak, saya kurang paham 😂😂😂",1
"adu visi misi dong,masa nyerang pribadi 😅",0
Anies kampret,0
"KELUARGA BESAR SAYA SEMUA ALL IN PRABOWO PAK, SEMANGAT PAK PRABOWO DAN GIBRAN",0
"ANIS GAK COCOK JADI PRESIDEN , 
COCOKNYA JADI HOST RAPAT 
BANYAK BANGET MUKANYA 😅",0
"Anis sangat berambisi,  apa yg ada di balik ambisi nya...",0
Kami sekeluarga All in tetap pilih no 2 pk Prabowo gibran.. semoga dibantu dari jalur langit atas ijinMu untuk memimpin negara Indonesia yg tercinta ini❤❤❤,0
anies  ASU 🤣,1
Sehat selalu persiden ku bapak anies rasid baswedan ❤,0
Bawa² soal pribadi gak asik 😂😂,1
"Pintar kali bapaknya ngomong lo, luwes... tapi kenyataanya pas liat waktu mimpin Jakarta agak gimana gitu hahah",1
"Saya menilai anda tidak berhak bicara soal etik dan menyesatkan, wkwkw jawaban perlindungan diri pak Prabowo dari pertanyaan ""bagaimana soal kebijakan bapak yang longgal soal etik, bahkan memilih cawapres yang melanggar kode etik"" ini Faktanyaaaa, tapi masih ada aja yang dukung si Bapak yang ngambil cawapres dari etik yang cacat",1
"Jika memang cybercrime itu merajalela,bla-bla-bla. Dan solusi terbaik katanya beli alat"" mahal untuk mengatasi solusi tersebut,atau memajukan jaringan yang lebih mumpuni. Ingat banyak warga yang masih belum terjamah akan teknologi ataupun ilmu"" untuk belajar hal tersebut,paling benar sebarkan ilmu"" untuk SDM yang mungkin belum banyak paham akan persaingan global, cybercrime,cara memasarkan produk menjadi go internasional, itu lebih bagus, daripada menjujung tinggi akan budaya korupsi,pungli, preman,dll
2024rokok5k3biji",1
Buset ini isinya buzzer semua 😂,1
Prabowo gibran harga mati ✌️,0
Kami ttap pramowo. Ko anis iru kaya ngeremehin banget pak prabowo ya,0
"Kurang respect sama pak Anis😢 ...ku kira beliau yang pentas dipilih jadi presiden ternyata setelah melihat debat ke 3 
Saya menjadi pindah haluan kepada bapak Prabowo ❤❤❤",1
"Saya sdh berumur 24tahun,dari dulu sangat tidak tertarik dengan politik selalu pasrah dengan hasil. Tapiii di tahun 2024 ini saya mulai bersemangat mwmperhatikan mengenai pemilihan presiden ini. Dan dari sini pula saya dapat menilai dan merasakan yg mana menurut saya tulus atau yg menurut saya memang pantas menjadi presiden di negeri ini adalah pak prabowo
Bahkan sampai saya terbawa mimpi memimpikan akan kepemimpinan beliau. Karna kita tidak hanya perlu gagasan tapi kita perlu bukti yg kuat.",0
Besok2 kake Wowo bawa mendera putih jadi gak ko kasian liat nye tu kake2,0
Yang ambisius pak prabowo ga sih😂😂..ketutup aja sama kekalahan beliau dalam menjawab fakta..jadi dibaperin netizen,1
Menjatuhkan mana sih mba😭😭..pak anis tuh beberin fakta loh biar kita rakyat itu ngerti..,0
Sehat kan yaaaaa???!! Please pemilihan presiden bukan karna baper..ini tuh nyawa rakyat yg dibawaa😭,0
02 yg menang,1
02 prabowo gibran,0
"Apakah kalian tau 3500.000 hektar itu sebesar apa?
Seluas provinsi Jogjakarta (masih kurang), 5x luas Singapura, dll

Dan Pak prabs klarifikasi ternyata luasnya 500.000 hektar. Seluas pulau Bali 😮😮😮 7x luas Singapura

Btw itu HGU milik negara
Apa kalian gak penasaran kenapa tanah ini ditanyakan oleh pak Jokowi tahun 2019 dan pak Anies tahun 2024

Pasti ada udang dibalik bakwan kan kan",0
Sampai saat ini kepilikan tanah yg begitu luas milik prabowo belum ada seorang presidenpun yg dpt membuktikan ke bsahan nya ... PADA TAKUT YAA ??,0
"🌸 Mempertanyakan alutsista bekas, boleh — publik berhak tahu ✅ sudah dijawab War Monitor thanks bahkan bahas beberapa negara tetangga juga 😂

🌸 Mempertanyakan Indonesia alami lebih dari 800 juta serangan siber, boleh — publik berhak tahu ✅ Dijawab beberapa akun yg biasa bahas ttg cyber attack 

🌸 Mempertanyakan kepemilikan tanah ratusan ribu hektare, sementara banyak prajurit TNI tak memiliki rumah dinas, boleh — publik berhak tahu ✅
Thanks kepada akun yg bahas ttg tanah HGU, food estate sampe ngebandingin sama food estate afrika ladang singkong juga pake bantuan satelit selama 2 tahun kelihatan banget 😭
Baru tau kalo 350.000 hektar itu setara luas Jogjakarta 😭
Pak prabs revisi katanya yg benar itu 500.000 hektar seluas Bali, 7x luas Singapore 😭 dan lebih luas dari byk negara kecil sedunia
Karena ini tanah HGU milik negara trnyata banyak petani kecil juga memperjuangkan hak kelola. Byk masalah. Makanya tanah ini selalu dibahas oleh pak jokowi dan pak anis dlm debat capres. Emang masih byk rakyat yg gk tau 😭

🌸 Mempertanyakan kenapa tidak punya istri, misalnya, ini baru TIDAK BOLEH karena ini namanya masalah personal

Bisa dibedakan dong mana yang masalah personal mana yang bukan?

🌸 Oiya, data yg diminta pak ganjar itu juga bukan data rahasia negara 😭 sudah byk media koran bahkan akun² biasa yg udah dapet datanya 😭🙏🏻 kenapa pak prabs gak jawab aja sih terus dijelaskan. Kan jadinya gini jadi banyak salah paham 😭

Full nangis kan jadinya 
Intinya debat capres kurang bgt padahal bisa adu data, malah lebih seru debat supporter krn mereka argumentasi sambil bawa² data beserta sumbernya.

Emang harusnya klo ngomonh
Subjek + Predikat + Objek + Daftar Pustaka",1
Semangat pk prabowo km dsini semoa dukung bpk....kok kayakx kompak no 01 dan 03 sama2 ingin menjatuhkan  pk prabowo....indonesia gak butuh orang yg pinter ngumong....butuh orang yg rela berkurban demi negarax seperti pk prabowo 💪💪💪,1
"Serba salah, mau pilih apa 🤧, 
Pengen ganjar tpi PDI, pngen prabowo tapi agak kurng dalam mngmbil keputusan",0
"Betul yg dibilang pak mardigu penonton Indo lebih memakai feeling dibanding esensi debatnya. Gws buat netizen indo yg tak pakai otak. 2019 jg kita pakai feeling pakde orgnya sederhana , santun tp skrg topengnya terbuka.",0
Semoga pak anis yg menanh ya allah amin ya rabillalamin,0
"Melihat wajah pak prabowo, nampak terlihat sangat tuluss.. semoga anda yg memimpin bangsa ini pak.",0
Kok malah jatoh ngejatohin sih. Sindir menyindir. Ga seru.ah,0
"1000 orang terlalu sedikit 
1 orang terlalu banyak gk tuh 😅",0
"Respect Pak Prabowo.
Semakin yakin pilih bapak",1
"Saking hebatnya prabowo sampe sampe 2 Paslon menyerang secara personal ngerii,, Semangat pak prabowo 🥳🥳",0
Semangat pak prabowo❤,0
TETEP COBLOS GEMOY🥰,0
ini kebijakan soal korupsi gak ada yang bahas nih wkkwkkwwkkwkw apa tkut,0
"ANIS GANJAR NCEN PINTER, DIBILANG SENGKUNI YA BISA, YA GIMANA ORANG OTAKNYA TU MEREKA HAMPIR SAMA, YANG DISERANG PLONGA PLONGO GABISA JAWAB, GITU NYAPRES PAK AELAAAAA",0
No 1 nanya brapa nilai pak prabowo sebagai menhan dan tni tidak punya tempat tinggal ? Mau tanya dong brapa nilai pak anis sebagai gubernur jakarta dan rumah dp 0 % ? Saya bukan warga jakarta mungkin bisa di bantu jawab supaya saya bisa menentukan pilihan yg benar,1
"btw, kalo sedih diserang, ya serang balik lah, cari kelemahan yang nyerang elu, dan pake data, calon presiden baru diserang capres lainnya aja payah, nanti bisa debat pas di luar negeri kaga??",0
sehat kan ya?? Padahal yg mewakili rakyat itu pak anis lo paaak😭..beliau sdh pasang badan demi rakyat..berani buat ngebongkar makar2 kongkalikong oligarki dkk,0
Justru yg udah pasang badan itu pak anis looh paak..beliau tegas sama oligarki kaum elit yang pny modal dan beliau berani banget kritisin mrk2 ini😭,1
Betul kaget saya😂,1
Kalo hebat ya harusnya bisa jawab dong..ini kan debat,1
"ngerumpi dan mengumpat dibelakang setelah debat😂
tulys? 😅😅😅",1
Yang kayak gini up donggg😭😭😭😭..ya Allah padahal pak anis sangat mewakili suara rakyat 😭,0
" @ZaraAneera  di jaman sekarang memang hrs pinter² nyari² sendiri kak. Aku habis nonton debat aku catet semua dr awal-akhir. Trs nyari² sendiri datanya, yg bener gimana. Jd bisa tau setelah berhari-hari setelah debat Krn memang baru tau",0
Aku bantu up,0
Yg liat ini please bantu up juga..biar warga yg kena bapernya bisa sadar,0
Orang yang paham konteks debat harusnya terwakili dgn apa yang pak anis beberkan,0
"Menhan Terbaik Se-Asia, Lulusan Terbaik Fort Vragg, Mantan Pemimpin Kopassus & Mantan Jendral dikasih nilai 11/100 oleh Menteri yang di pecat/reshuffle",0
Pak Prabowo aku yakin kamu pasti menang,1
"Anis pinter ngomong e timbang kerjo e 😂. 
Jdi gubernur jakarta kalau ngk ada isu agama saya rasa juga ngk mungkin menang lawan pak ahok ❤",1
prioritas kanggo anak anak pejabat wong cilik nek nyoblos dipikirin maneh yo le,0
ini kenapa prabowo tiap ditanyain apa jawabnya apa,0
"bener bener keren Pak Anis, kata-katanya jelas, berisi, tepat waktu, ga salah kalo diforum forum internasional Pak Anis memang diakui sebagai pemimpin yang cerdas dan sukses. Semoga 2024 bisa jadi presiden saya pak",1
"1:20:27 solusi untuk koruptor adalah, jika koruptor tidak dapat mengembalikan hasil korupsinya, maka sebaiknya dihukum mati.",0
Kok dpotong2 vid nya,0
"Menteri pertahanan terbaik seasia, lulusan terbaik fort bragg, mantan pemimpin kopassus & mantan jendral di kasih nilai 11/100 oleh Menteri yg di pecat/resuffle. Kan kocak 😂",1
"Si kelebihan bayar bicara Pertahanan?
Apa yang mau dipertahankan?
Apakah kelebihan bayar mau dipertahankan?",0
"Semakin nampak, mana yg take action mana yg cuman pintar mutar mutar kata aja 😂😂😂",1
"lol banget, bisa²nya nyuru bocorin data rahasia ckckck nis anis. soal ujian aja rahasia, gimana sih gitu aja gapaham",0
Siapapun presidennya nanti semoga menjadi pemimpin yang bijak dan bisa membawa indonesia menjadi negara maju,1
"Baru kali ini penasaran banget sama debat capres :) ga bgt mengerti tentang per politikan
Siapapun pemimpin kita selanjutnya smga beliau bisa AMANAH dalam memimpin negri ini :)",0
btw ngapain ya mereka?,0
Pret lebih cerdas Ganjar dari Prabowo,1
"Tanah air ku Indonesia tercinta merdeka,, presiden ku,, Bapak. Prabowo Subianto,, merdekaa",0
Anis printer ngomong tapi apakah semudah itu dalam mengurus negara 😭,0
"Debat ya saling menjatuhkan argumen, tinggal kemampuan counter attacknya kalo memang siap

Kalo cuma saling setuju & sepakat ya ngobrol aja d warkop

Kalo cm sekedar tanya jawab ya cerdas cermat namanya

Kalo pertanyaan sulit tinggal dijawab
Kalo argumen salah tinggal dibuktikan
Kalo narasi menjatuhkan tinggal dibalas fakta lain

Debat kok baperan... Berasa liat debat calon ketua OSIS SMP mentalnya, hadeuh... Gmn bs adu argumen d kancah dunia kalo baperan d ajang debat modal ngotot & ambek2an doang",1
Harus sadar nih warga..padahal pak anis sangat mewakili suara rakyat..berani banget ngebongkar yg beginian,1
"Orang kalo jahat mah begini, jadi apa bedanya? Data menhan itu rahasia ya kan? Klo mau di beberin ya bisa bisa diserang kelemahan kita. Gitu aja. Gausah menyesatkan.",0
Ga rahasia mba,0
Astaghfirullah..banyak banget pencapaian beliau,0
Betul banget..harusnya rakyat lebih perhatian sama konteks debat bukan malah baper2an,0
"Menhan Terbaik Se-Asia, Lulusan Terbaik Fort Vragg, Mantan Pemimpin Kopassus & Mantan Jendral dikasih nilai 11/100 oleh Menteri yang di pecat/reshuffle😂😂😂",1
​Dibalik org ini banyak koruptor dan kaum oligarki lebih luas beraksi​ @leapriliaa ,0
Dipecatnya karna beliau ga bisa dibeli dengan uang,0
Orang baik lengser diantara oraang...jawab sendiri yaa,1
"Nah satu pecatan, satu mmpin provinsi jd termiskin 😅",0
BUKANNYA PRABOWO JUGA PERNAH DIPECAT YA? 😂,1
kalo ngomong seperti singa tapi pas ngelakuin tanggung jawabnya jadi macam kucing😂,1
"Debat❎
Menjatuhkan capres 02✅",0
Prabowo - Gibran🎉❤ sisanya cuma tukang gibah,0
"setelah lht  debat anies berusha mnjatuhkan ptabowo, semakin jls sy g dukung anies ,wowo lbh kpda tindakan bukan teori kaya yg lain, sy awal y dukung Anies tpi  semua org ahir y dukung wowo, jujjur wowo nga neko neko",1
"Harusnya ini debat anis vs ganjar aja biar seru, jujur kalau gini saya jadi kasian ke pak prabowo",0
Prabowo kalah telak terus,0
Sifat asli ya prabowo emosian jgn di pilih,0
Anis klo ngmg entah knp uda males uda tau berak,0
Sangat kaya tapi beli alutsista bekas😂,1
"Prabowo ngomong doang bersama rakyat bersama rakyat, tragedi 1998 kekacauan....",0
bersikap spontan adalah sebuah permata yang terus berkembang biak. namun tidak pernah diinginkan. tidak lebih dikenal dibanding artificial intelligence. Terimakasih 😊❤🙏💪🇮🇩,0
❤AMIN,0
02 Prabowo Gibran ❤️,0
All in Prabowo❤,0
"anis makin julid amat , maap ya nis sy ga manggil kamu bapak . karna yg pntas dpnggil pak presiden cuma pak prabowo . Sorry nih yeee",0
Dasar anis itu cuma banyak omong. So pinter ..   tapi nyata nya 0.  Kekurangan kelebihan negara . Knpa harus di buka di debat.,0
Siapa aja pemimpin indonesia.tetap angka krupsi indonesia paling tertinggi,0
"Ganjar Kasih Skor 5, Anies Kasih Skor 11.
1. Quran Surah ke 5 Ayat 11.
2. Matius 5:11.
All In Prabowo ❤🔥

SEMANGAT BAPAK PRABOWO ❤
Generasi Cerdas ya pilih Pak Prabowo Gemoy ❤",1
ga nyambung samsek pertanyaan lu aniss,0
Di balik orang ini partai2 dengan nilai korupsi tertinggi..bapak yakin?,0
Ga rahasia ukhteaaa..banyak2 baca,0
🎉,0
Negara memang ga gampang ngurusnya aneh..makanya siapapun presidennya asal dia amanah dan punya visi misi jelas ya kita bantu dgn taat dan doa.. Tapi please pak bijak memilih.. Bukan hanya tentang baper tapi tentang Indonesia 5 tahun kedepan,1
Betul banget ihh..kok bisa2nya sih wakanda banyak yang baper😭,0
Padahal yang paling banyak ngeluarin fakta dan mewakili suara rakyat pak anis lo pak..berani banget beliau pasang badan buat berhadapan dengan kaum oligarki dkk dengan kritisan2 beliau dan beliau tegas..ga bisa dibeli pake uang..please pak berbijaklah dalam memilih..ini yang dikorbanin rakyat,1
Nggak neko2 gmn ya? Apa maksudnya bakalan jadi kucing imut depan macan pemerintah?,0
Kucing gmn sih..coba jelaskan,0
Alutsista bkas umur muda bukn umur tua.. Cari tau dulu sblm komen 🤭,0
Makanya dengerin ampe abis,0
Maklum mbak @DERISBASARI nonton ny yg cuplikan cuplikan koneten doang ituu mknya gk nyimak smpe abis 😅,0
Laah..emang paslon 2 aja yg gak jawab serangan2nya..ini debat paak bukan ngopi,0
Kasian aja ya pak ya..jangan ngaruh pd kebijakan bapak dalam memilih,0
Julid apaan sii..ini debat..kalau ga mau diserang ya jawab laa😊,0
Ya Allah..aku cape baca komenan begini..maaf banget..please nilai orang dengan bijak..,1
Yang ga nyambung jawaban yang ditanya,0
Prabowo luar biasa....,1
Ganjar masih unggul,0
"Biasanya sih yang banyak omong, yang nggak ada bukti, kek orang gombal gitu🫣",0
Kalimantan. Prabowo pasti menang,1
"Menteri Pertahanan Terbaik Se-Asia, Lulusan Terbaik Fort Bragg, Mantan Pemimpin Kopassus & Mantan Jendral dikasih nilai 11/100 oleh Mentri yang pecat/resuffle.
😅😅😅",0
kelihatan 2 paslon ini seperti menggambarkan sisi buruk..dari raut wajahnya saja sudah kelihatan munafik,0
"Debat konyol,perang sodara akan muncul,gak seperti debat ,,10 thun lalu..",0
Upsss emang iya berita yg gua denger katanya demi naikin pk anis jd gubernur pk prabowo smpe jual tanahnya klo emang bnr kaya ko bsa gth gada muka nya gada etika dn trimakasih nya klo gua disposisi pak anis gua bakal pilih mengundurkan diri,0
Udh lah pas bngt itu prabowo org yg sabar dan tegas mas gibran org yg jujur dn berani smngt trs yaaa ❤❤,1
02 pokoknya titik ❤❤❤ NO RETORIKA CUMA PUNYA BUKTI KERJA 🎉🎉🎉,0
Yg saya tahu dari debat ini untuk alusista bahwa anis menyesatkan dan tidak cocok profesor bicara begitu kata pak prabowo 😂,1
"Emng janji saya apa paling bisa kalo mengolah kata. No 2 bahas indonesia, sedangkan no 1 3 bahas prabowo. Inimah namanya bukan debat tapi emak2 rumpinyg menjatuhkan orang",0
PAK PRABOWO LAH APE LAGIIII,0
The real menjatuhkan.,0
Saya jawa timur dukung pak PRABOWO dan mas GIBRAN...❤❤❤ semangat dan sehat selalu pak PRABOWO.,1
Butuh orang cerdas dalam berfikir... Bukan orang bercerita,1
"Buzer anis itu dibayar berapa si? Sampe bisa""nya menghasut lewat komenan gajelas...",0
"2014 pilih pak prabowo, 2024 tetap pak prabowo ✨🥺♥️🤲",0
INDONESIA,0
"pak Prabowo berbicara tentang kemajuan Indonesia, Anis ganjar berbicara tentang Prabowo... 😄. ini bukan debat sodarah sodarah... 1 dan 3 sibuk menjatuhkan,... all in prabowo 🙏 .. sy bersama Prabowo 😇",1
Ini kenapa ini kenapa..kok jadi nyangkut pautin sih😂,1
Ga juga si...semoga sembuh dari isu publik ya mba,0
Indonesia salam perubahan,0
Dipecat karna ga bisa dibayar pake uang,0
Coba ditilii lagi baik2 rekam jejak ketiga paslon,0
Yg dipertanyakan adalah konflik di LCS. Ngapain anis bawa² laos?!!😂 Emang laos punya wilayah dan kepentingan di LCS??!!😂😂,1
02 melakukan taktik parkir bus utk melawan tiki taka 01 dan 03...akhirmya 01 dan 03 melakukan blunder..dan 02 unggul setelah melakukan counter attack di menit2 akhir...gollll,0
"dibilang menjatuhkan emg ada benarnya, tpi juga gak salah. knp mgkn trkesan paslon 2 di serang. krn di antra 3 kandidat, hnya beliau yg sblmnya menjabat sbg pemerintah nasional (menhan). lebih ke mempertanyakan, saat menjabat kenapa A, knpa B,, pas debat sblmnya kn jd perna mmprtnyakan kinerja Pak Gubernur Jateng sma Jkt jg..  jd wajar sih mnrtku.",1
Kok mm k NK mm mm okm mm konnkk no koto KK no BB ko n BB n BB mm b KKN BB o mbk konnkk JB no BB i BB nya no BB o BB n BB ko k BB no NK no BB no no KBBI BKN no j BBM non non BB Kon BB by Nko BB NN no BB jnn BB n nih njjl BB jnn BB jnn BB no jnn NK njjl jnn BB NN BB i nih njjl jnn BB jnn BB NN BB jnn j jnn jnn nih non non BB jnn BB,0
"Anies sama ganjar nyerang pak prabowo karena mereka ketar ketir dengan temanya yang merupakan keahlian pak prabowo,jadi mereka mencari cara supaya pak prabowo hilang fokus wkwkwk",0
PRABOWOOOOOOOO ❤❤❤❤❤❤ JOGJA MILIH YOU,0
ANIS GA DONG RAHASIA NEGARA MANA ADA MAU DI BUKTIIN DI SESI INI KAN LOL,0
ANIS KEK BOCAH WKWKKW,0
Gila ya. Dikira nya rakyat mudah tertipu. Ternyata debat nya isi nya hanya menyudutkan 1 idividu saja. 99% hanya bahas pertahanan pertahanan dan pertahanan. Debat yg tidak sehat. Menyerang mental jatuh nya. Gila gila.,0
"Ayolah warga Indonesia, ini kan debat.. Namanya debat ya adu statement.. Nontonnya sambil nyemil gorengan sama teh-lah biar tetep santuy.. 🤪",0
Meskipun sekarang banyak bantuan tapi ketahuilah banyak yang tidak tepat sasaran hingga yang kaya makin sejahtera yang miskin menjerit terjepit ekonomi yang makin sulit harga sembako melejit tak sebanding dengan rupiah yang kami dapatkan dengan keringat kami😭😭😭,0
"Terlihat jelas ya, mana yg omongannya dari hati & mana yg hanya memperindah Literasi & janji-janji ..🤭
Salam damai & toleransi ✌🇲🇨",1
Assalamualaikum🙏 tolong sampaikan pada para capres bagi kami rakyat kecil siapapun yang terpilih kami tetap mendukung dengan syarat tetaplah amanah dalam memimpin rakyat sejahterakan lah kami terutama kami rakyat miskin dengan luasnya lapangan pekerjaan kami mohon bantulah kami jangan pandang usia ataupun pendidikan selagi kami mampu untuk menafkahi klarga akan kami jalani kami tak butuh bantuan tunai tapi kami butuh pekerjaan layak😭😭😭,0
"Carilah pemimpin yang banyak panah"" fitnah menuju kepadanya, karena sesungguhnya mereka sedang berjuang di jalan yang benar..!!!
(Imam Syafi'i)",0
"Gk mau komen lebih dalam, yg komentar kebanyakan tim sukses wkwk",1
"Pokoknya tambah mantap,, kami sekeluarga kakek nenek bapak mamak bapak mertu mamak mertua,, dan seluruh keluarga kami,, tetap dukung pak prabowo❤❤",1
Ini acara apasih gaberbobot bgt ending nya,0
JUJUR. KASIHAN BANGET LIHAT PAK PRABOWO. TAPI SAYA SADAR. PRESIDEN BUKAN DIPILIH KARENA KASIHAN. TAPI PRESTASI. ANIES 2024+2029,0
Ini lebih ke arah mengevaluasi kinerja pak Prabowo bukan debat capres. Ya emang sih ini tema nya tentang pertahanan tapi isi dari debat lebih ke mengevaluasi kinerja mentri pertahanan daripada membahas dan mendebat visi misi pertahanan Indonesia untuk masa yg akan datang,0
Semangat pak prabowo pasti menang,1
Semua bahas Indonesia pak..cuman pak anis pak ganjar ini lebih kritis makanya pak prabowonya terkesan diserang..lagian kalau ga mau diserang ya tinggal nyerang balik,0
Yaa prabowo kan mas,0
"Menhan Terbaik Se-Asia, Lulusan Terbaik Fort Vragg, Mantan Pemimpin Kopassus & Mantan Jendral dikasih nilai 11/100 oleh Menteri yang di pecat/reshuffle😂😂",1
"berapa kali prabowo jadi capres gak pernah saya dukung. tapi kali ini memang beda, setelah dia ada dibawa kepemimpinan jokowi, berangsur angsur ke egoan nya berubah. tapi jiwa dia sebagai prajurit sejati yang pantang menyerah bisa kita saksikan bersama walau beberapa kali gagal jadi presiden, dia pantang menyerah. padahal kalau hanya sekedar uang, dia nyari banyak banyak buat siapa sih? bini gak punya dan anak cuma semata wayang, masalah kemewahan pun dia bukan orang kaya baru kemaren sore. jadi apa yang dia cari? dia ingin berbakti pada negri ini sampai akhir hayatnya. Karena itu, sebelum ajal menjemputmu Jendral, semoga kamu bisa mencapai karir tertinggi dalam hidup mu. Tadi sore kamu datang ke kota ku. sayang sekali aku tak bisa menjumpaimu. Salam hormat Jendral, Semoga cita citamu tercapai.",0
Disini terlihat anis pinter ngomong doang bukti nol,0
Kwkwkwkwk akun akun buzzer kloningan  Paslon 2. Yang di kordinir sama herzaky Mahendra. Hahahaa nangis berjamaah di gerakan di tim buzzer nya..di suruh utk nangis bersama di tiktok. Mau bukti ?? Ada nih gw. Dasar,0
"yg suka menjatuhkan org , pengkhianat, pembohong , tdk pny etika dan tdk tahu diri yg dulunya bkn apa2 tanpa jasa prabowo hingga bsa mnjd gubernur dki tidak pantas jd presiden !! pemimpin yg sesungguhnya tdk akan menjatuhkan org lain dan tdk akan ada kemenangan yg sesungguhnya dgn menjatuhkan org lain . org yg cerdas tdk akan memilih org sepertimu sbagai presiden indonesia .",1
Anis aanis omon omon doang😂😂,1
Jadi kalian plih siapa nih wkwkw,0
"Ya Allah pak Anis gak nyangka. Boleh berilmu pak cuma etika nya di mana bapak Anis.. menyampaikan visi misi bukan menjatuhkan... Astgfirullah.. seluruh rakyat Indonesia menyaksikan..  ati"" dengan lisan mu pak Anis.. jutaan umat menjadi saksi lisanmu",0
"Data sudah berbicara,
Cermati untuk memilih 😂😂😂",1
Aaa cinta sama pak prabowo yang tidak menjatuhkann,1
BOGOR ALL IN PAK PRABOWOOOOO,0
prabowo di rujaaak abeessss🤣🤣🤣,1
Prabowo,0
Anis ngomong2 akan menjungjung etika tapi di debat ini dia gak punya etik😢,0
Ngeselin si anis,0
"Saya kecewa  sama paslon no 01 dan 03 .
Karna seorang Ilmuan (GURU BESAR ) tapi Di etika ketika debat kelihatan tak punya etika seorang guru. Karana selalu menyebut kesalahan orang .  Sedangkan intropeksi diri tidak  ada.  Ingat Pak MULUT MU HARIMAU MU.  SEORANG PEMIMPIN BUKAN SELALU MENCARI MASALAH DAN KESALAH ORANG . TAPI SEORABG PEMIMPIN YANG INGIN BELAJAR DARI KESALAHAN.",0
GW BIASANYA MAEN MOBILE LEGENDS SERING NGASIH TAU TIM. MEMANG JAUH BANGET NEDA RESPON DARI TIM SAAT KITA NGASIH TAU DENGAN SANTAI DENGAN EMOSI. JADI EMOSI SANGAT BERPENGARUH UNTUK MENYAMPAIKAN KEBAIKAN. MAU SEBAIK APAPUN KAUU KALAU PENYAMPAIAN DENGAN EMOSI TETAP HASILNYA NOL... DI KANCAH INTERNASIONAL PEMIMPIN YANG TENANGLAH YANG KITA BUTUHKAN.,0
"Anissss gada etikk ,jadi ilfil gua ,, gua jadi cinta Prabowo jadi nya , pindah hati gua maff",1
.,0
Tinggal omong memang gampang. Apa lagi yg pintar omong. Tp tindakan di lapangan adalah bukti kerja yg sebenarnya.,0
yang saya harap ada yang mampu bicara secara intelektual juga mampu menjaga kode etik,0
"Orang pintar itu belum tentu benar , tapi orang benar sdh pasti itu pinter , lanjut pak prabowo semoga sehat selalu ❤🇲🇨",1
"Presiden dimn mn jg hny satu ya no satu yg pantas jd pemimpin negeri ini intelektual , religius ,berwawasan ,bersahaja ,tdk otoriter ,rendah hati ,g gila jabatan,g gila korupsi,g mementingkan diri sendiri/kluarga , mempunyai keluarga yg harmonis yg sbgian cermin kepribadian yg kokoh ,hidup no 1 smoga ALLAH SWT meridhoi Amin",0
Semangat OMON,0
"Baru kali ini saya melihat manusia anda ""NIS ANIS"". yg tak tau malu, tak tau caranya berterima kasih, dan yg tak pernah COCOK OMONGAN sama KENYATAAN.NYA.. 
Anda itu pintar.nya cuma ngomong dan nyinyir. Nilai ""NOL"" dalam kepemimpinan",0
"KOK SAYA LIHATNYA GANJAR MAHFUD SEPERTI BUKAN SEBAGAI CAPRES CAWAPRES YA, SAYA LIHATNYA LEBIH KE KAYAK GRUP LAWAK🙈🙈🙈..",0
Paslon no 2 kbnyakan bohong nya😂😂,0
"Biasanya tong yang kosong nyaring banget loh bunyinya, terus kalau yang penuh suaranya hampir hak kedengaran, salam waras,aku pilih 02,lanjutkan pak prabowo❤❤❤",0
Disni pak ganjar memang sangat menguasai materi. Tetapi saya yakin pak prabowo pasti tulus melayani rakyat.,0
"Ranking militer semenjak di jabat pak Prabowo menjadi ranking ke-13 di nilai 5 dan dibawah lima, bahkan di blg 11 dari seratus wkwk kocak 🤣🤣 

mengkritik beli pesawat bekas, tp usia pakai nya smpai 15 tahun dari pada beli baru yg antri nya sampai 3 tahun dan baru bsa beroperasi 7 tahun lagi, pertanyaan nya selama itu jika sesuatu terjadi serangan di negara kita, apakah kita siap dgn alusista yg terbatas ?
Klo saya setuju dgn pak Prabowo membeli pesawat bekas, dgn begitu negara yg ingin menyerang negara berpikir beribu-ribu kali lagi, dan soal keamanan dan keselamatan pilot tdk ada yg di khawatirkan krna usia pakainya masih 15 tahun buat mengoperasikan nya.

The best lah pak Prabowo ✌️",1
So tau lu nis... Hidup prabowoo,0
"Maksud pak prabowo kita beli CRV prestige biar bekas 2 tahun
Ketimbang beli LCGC baru
Dengan nominal uang yang sama",0
"Emang benar apa yang di katakan pak prabowo, kalau anis sukanya menjelek""kan,memprofokasi,karena dari cara bicaranya aja udah kelihatan,lagian masa semua rahasia negara minta di buka di media,apa gak salah tuh,mikir dong,heran gua sama anis😂😂",1
"Anis cuma pencitraan saja sebel gw mening diem aja jangan omon omon saja, terus yang gw kesel sama Anis kalo mau ngomong pertama dia sebut itu ""KETIKA"" jadi dia kaya GK yakin,,, siapa coba yang dukung Anis komentar disini dong debat aja sama gw biar wawasan lu lebih tinggi dari pada anis",0
Pak Prabowo negarawan sejati. Saya mantab memilih bapak.,0
yg ak liat debat 2 pecundang sedang mencari kesalahan2 dr sang pria sejati,0
"Bennar juga pak prabowa masa iya semua data rahasia negara harus di buka tempat  perdebatan secara publik, sampai negara lain bisa  kut tahu rahasia negara,  Anis , Anis.... dikira bagus  cara debatnya kayak begitu, 😃😃",1
"Memilih Prabowo rata rata orang iba.
Bener apa tidak",0
Si anis cocoknya jadi komika aja😂😂,1
Siapapun yg terpilih nanti semoga amanah semoga bisa membawah indonesia lebih baik dan bisa menyesejaterahkan seluruh raykat indonesia,1
Tpi nyebut kesalahan bagus pak?  Itu di lakuin yg anda dukung lo wkwkw,1
Aniss.???😂😂😂,1
Itulah seni nya ngomong pake data lenih akurat ... Kaga gagap ditanya soal data ... Cucian deh looh .... Wkwkw ...,0
Probowo go go go semangat💪💪,0
bekas ya bekas..😂😂,1
Prabowo Gibran ..,0
"Siapapun presiden kita nanti,yang pastinya kesatuan dan persatuan INDONESIA yang selalu di jaga oleh kita semua penduduk INDONESIA dari sabang sampaiy merouke,kuat itu karna kesatuan dan persatuan rakyat INDONESIA,karna INDONESIA adalah hasil tumpah darah para pejuang kita terdahulu dan nen moyang kita terdahulu.
BERSATU UNTUK PERSATUAN UNTUK INDONESIA MAJU.🤲🤲🤲",0
"Istikharoh bertanya lah pada allah yg maha tahu karena hanya allah lah yg maha tahu siapa yg pantas memimpin negeri ini kedepan nya,,sekedar mengingatkan karena sy heran kenapa org"" lebih percaya pada hasil kesepakatan manusia daripada bertanya dan memohon petunjuk  langsung sendiri pada allah yg maha tahu""""",0
"Kalau Mau Saling Koreksi
Bagaimana Jawa Tengah Dan Bagaimana Jakarta.. Apa Gk Ada Kekuranganya ?
Debat Kali Ini  Pak PrabowoLah Yang Top",0
"Sabar pak Prabowo,  sudah kelihatan cara berdebatnya  gak  nyaman kedengarannya ,   sudah menunjukkan kepribadiannya Anis  gak  etik dalam perdebatan  , PAK PRABOWO TETEP  YG TERBAIK,",0
"Saya yakin orang indonesia bisa berfikir baikk siapa yg pantas jadi presiden dan siapa yg sama sekali tidak pantas jadi presiden, semoga bapak prabowo jadi presiden 2024🔥",0
"Terimakasih pak Prabowo sudah menjaga pertahanan indonesia dengan baik 
, apresiasi setingi2nya untuk TNI dan polri yg sudah gugur menjalan tugas untuk menjaga pertahanan negara ini 😊 engkaulah pahlawan sebenarnya dari pada mereka yg hanya pintar bicara tapi tidak memberikan dampak yg besar untuk negara ini",1
All in prabowo ganjar ❤,0
"Pak Prabowo bener"" seorang Negarawan sejati tanpa menjatuhkan lawan,padahal prestasinya beliau banyak saat menjadi Menhan. Klo beliau balik menyerang prestasi anies saat jadi mendikbud guru honorer gaji masih sangat rendah,sekolah msih banyak yang roboh ,ambruk dn bnyk persoalan lain.sayangnya beliau tidak menyerang balik hebatnya seorang pak prabowo yang tulus dan ikhlas untuk memimpin negeri ini tanpa haus jabatan.jdi ingat kata pak ahok, sangat berbahaya jk anies ikut maju menjadi capres di 2024 sudah kelihatan aslinya haus jabatan🤣🤣",1
"Mas anis tidak semua yang ada di dapurmu , harus di sajikan di ruang tamu mu",0
"kita sebagai pengusaha tidak membutuhkan hutang, yg kami butuh adalah Investor untuk mendukung usaha kami yg akan berjalan dan sudah berjalan untuk pengembangannya. Maka, dari itu para pengusaha baik itu start up atau pun pengusaha kuliner atau yg lain membutuhkan wadah seperti silicon valey yg dimana semua investor ada disana dan para pengusaha yg akan menjelaskan rencana usahanya sehingga mendapatkan bantuan bukan dengan hutang yg sangat bikin pusing setiap bulannya tapi dengan investor pembagian persenan setiap bulannya jadi lebih tidak terbebani oleh pengusaha.",1
"Anis selalu serang Prabowo,,saya respect sama Prabowo.
Tapi hatiku pilihan ku utk Pak Ganjar,,ngapunten geh Pak Prabowo",1
"1. nge lag
2. mulut & audio tidak sinkron
3. klo bisa ngasi rating pembawa acara pada awal sesi saya kasih bintang 3
4. menit 45 ada suara ghaib ""te tew""",0
Ganjar lebih lugas untuk menjelaskan paparan yg efisien,0
"presiden berkunjung ke luar negeri bawa Seni budaya dari indonesia , Lukis ukir Tarian dll😯 biaya Jalan barengnya Juga Banyak",1
Lihat debat ke 3 ini semakin yakin tidak memilih paslon 1 & 3.,0
Anies.. kentara licik mengumpan pak Prabowo dengan kelebihannya beliau sebagai purn. Dengan cara memancing hal seperti in jiwa prajurit akan bisa timbul,0
Salfok sama Azka Corbuzier dan el rumi 😂,1
"Menjatuhkan? Skrg saya ty.. Apakah kita hrs diam aja kalo byk langkah2 dlm hal pertahanan itu ternyata salah?? Ini debat Bang.. Bukan acara sowan ngunduh mantu.. Berani bicara fakta.. Tetap dgn kalimat yg sopan.. Ga usah baper. 
Negara ini perlu orang yg berani.. Cerdik.. Tenang.. Ga emosian.",1
Anis cuma pinter ngomong doang,0
Menurut analisa saya cuma 02 yang fokus mikirin negri ini,0
Nis anis... Apa kau lupa pengorbanan pak prabowo beliau gadaikan aset nya demi engkau....😅😅😅,0
Bapak tetap jadi presiden aku mendukung nya,0
Sebelum punya jabatan prabowo juga udah kaya aniiiissss lol,0
"Sejak pak Prabowo jadi menteri Kemhan Laut Natuna aman2 aja gk lagi Malaysia koar2 perbatasan, bahankan kita berbangga berkat cekatan beliau kita hampir ambil Sarawak masuk wilayah kita.",0
"2:45:00 Prabowo masih di atas panggung,Anis bilang""sudah saya cari2 tapi orangnya gak ada"".
Sumpah,lihai banget tu lidah.",0
Debat itu Adu Program bukan saling mejelekkan ini namanya rosting bukan debat Cok yg komen jug goblok2 politik rupanya😂,1
Anies menjatuhkan martabat nya sendiri,0
No 1 tak ada etika😂 menjatuhkan merendahkan demi naik jabatan wkwkwk kocak lu😂😂😂,1
"Keluarga sy disulawesi, coblos Prabowo gibran 🎉😊😊😊",0
"Aku dulu pro jokowi sampe ga suka sama pendukung prabowo , tp setelah melihat 2 capres lainnya sepertinya aku akan memberikan kesempatan buat Pak Prabowo memimpin negri ini",0
"baru tau kalo tidak boleh ada rahasia negara, di keluarga aja orangtua memiliki rahasia yang tidak diketahui anaknya, lah ini negera.. apa bedanya rakyat biasa sama pejabat negera",1
Ganjar Pranowo  maju terssss,0
Tetep AMIN paling Realistis Berani dan yakin jika AMIN MENANG indonesia akan ada perubahan ke arah yg lebih baik maju dan berwibawa di mata dunia...,1
​ @elanurlaela7609  siap buzzer🤭,0
Tetep all in prabowo,0
Sma saya jga gitu ..skarang pa prabowo,0
Dulu wowo saiki  no 1 yess,0
Tetap AMIN ug lain lrwat​ @katisukati3684 ,0
Sama bro,0
Jenius 👍,0
"Pokok bukan Prabowo, soalnya kasihan rakyat Indonesia, ntar tambah menderita kalau di pimpin orang yg sangat buas akan kekuasaan, untuk untuk mengangkangi bisnis... sangat BAHAYA",0
"Ya tanyain aja tuh ke si nis  nya, maksudnya  apaan,jadi heran gua ama si anis bro😂😂😂",1
"Cuma Pak Prabowo yg pantas jd Presiden RI, dari G dn A",0
Dimenit berapa ya 11/100,0
"Apa sih yg di omongin prabowo, ko ketularan wakilnya",0
"Dari sini di ketahui mana org yg licik,ambisius dan org yg ikhlas😅",0
"Dalam sejarah peradaban manusia di tanah jawa sudah tercatat dalam perjanjian Syekh Muhammad Al-baqir dengan sosok penguasa Ghaib tanah Jawa, Pemimpin Nusantara harus orang Jawa asli, Wallahu alam.

Ingat!!
Kesombongan adalah menolak kebenaran dan merendahkan manusia. HR. Muslim.",0
"Yg tanya jawab 01 03, tp yg diomongin 02 😅",0
"Liat bung mreka lawan sasuke, sdngkan sasukenya blm sma skli ngeluarin susano'o wkwkwkw",0
saya lagi2 setuju sama pk ganjar..goo pk prabowo apa adanya tidak banyak bicara,1
"Semoga Indonesia memilih presiden yg jujur,amanah,dan bertanggung jawab,,,Aamiin,, .siapapun presidenny nnti,berharapnya gaji bidan di RS atau klinik"" swasta diperhatikan.minimal UMR,,jgn sampe dibwah UMR ,karna bidan kerjanya sgt beresiko,dan harapannya gajinya jg serius,,,,,, . bismillah smoga presiden Indonesia 2024 yg jujur,amanah,,,dan bertanggung jawab,,aamiin",0
Si anis mah jago ngmong hungkul,0
memang sih harus dijunjung tinggi soal etika kita harus tau menempatkan sikap pada tempatnya semoga anis jadi presiden❤,0
Wah Ini mh udah di seting ni tuk menjatuhkan pk anis 2//3 menyerang pk anis semua ini,0
Pak anis semoga bisa jdi motivator ya,0
"Ya ampun dh kenyang sama janji"" buaya nusantara, malah dikasih janji manis lg sama capres Indonesia aduhh diabetes nih lama""",0
Jadi inget vicky prasetyo,0
"Seblum pak jokowi jadi presiden Indonesia masih biasa aja, tapi setelah pak jokowi jadi presiden Indonesia itu maju, dan pembangunan merata di seluruh wilayah Indonesia, hingga Indonesia jadi lebih maju dan berkembang, 
Itu lah kenpa saya suka sama Prabowo gibran
1 merka mau meneruskan program pak jokowi
2 Gibran itu anak pak jokowi, dan gw prcaya
Pasti ia pinter seperti bapak nya pak jokowi, 
3 kapan lagi kita punya pemimpin yang muda 😍

No 1 dan no 3 ❌ Noah 😆
No 2 Prabowo Gibran ✅ yes 😍",1
PakbAnis terlalu fokus menjatuhkan pak prabowo hingga lupa masyarakat tidak butuh seseorang yang hebat menjatuhkan.,1
jujur gue mual liat anis.,0
Prabowo the best,0
Betul,0
"Dan perjanjianya brkir setelah 500 thn,skrg sudah brkir dan boleh d luar jawa yg jadi atau keturunan jawa dll.kwkwkw",1
 @owenthoxs1577  lihat aja 2 bulan kedepan om,0
"cara lawan hacker hari ini, hantar mahasiswa 🥺",0
Yapsss,0
💩💩💩💩💩👈👈👈👈👈😝😝😜🤪,0
Semoga bapak prabowo bisa menang dan memimpin negri ini dengan amanah aman dan terkendali,1
dulu Pro Jokowi !!! makanya jangan pilih Dia lagi  sekarang (ha ha)😂angga nyalon,1
Siap prabowo gibran untuk rakyat Indonesia,0
"tahun 2004 gak ada yg bisa dipilih, kemudian tahun 2014 mau pilih jokowi, tapi gak bisa krn, krn saya di surabaya, ktp saya di banyuwangi (tidak terdaftar sebagai pemilih disurabaya). Apakah system sudah diperbaiki ? atau masih sama spt sebelumnya ?",0
aku 2 x dulu dukung Prabowo to kali ini ada yg lebih bagus pilih BPK ganjar,1
" @NalendraPutra-su7fz  bpk.ganjar yg mengidekan tentang syariah di indonesia ? ada kabar dr kalimantan ? ada kabar dr sulawesi? ada kabar dr ntt/ntb dan kepualuan sekitranya? ada kabar dr sumatra ? gimana dgn penduduk di Gunung Bromo ? dgn penduduk di Alas Panjang ? dengan penduduk yg berlainan ajaran, meskipun saya tahu dan saya pelajari dalam 2 tahun ini. ajaran yang anda terima adalah omong kosong !",0
PRABOWO PASTI MENANG KRNA DI BANTU KPU DAN CS YA SI JOKO ITU PASTI YEKAN YEKAN,1
Sama,0
2:10:29 penilaian capres pada mentri pertahanan,0
Lanjutkan❤,0
"Aku suka Wowo tapi stlah berpasangan dengan Samsul, jadi otomatis gk respec",1
Heleeeh.. Bacoot . Krn dibelakangnya ada joko dan anaknya makanya kau dukung prabowo. Gak usah munafik lah,1
Pasti Amin Mantab Amin yes,0
Pak prabowo negarawan sejati dan sangat mencintai NKRI❤yess pak prabowo,0
Aku suka Prabowo tapi tidak dg orang2 di blkngnya dulu,1
"Ganjar dan Mahfud pilihanku, ❤❤",0
Setujuh PK Prabowo insha'Allah amanah Indonesia lebih maju ❤,0
"AMIN yaa Allah,
semoga beliau menang, AMIN....",1
​ @joniguci801 AMIN pasti MENANG ...IS...,1
Prabowo hebatttt,0
Pertahanan gaza  kuat pak prabowo  gak lemah.. buktinya yg mati jadi syahid yg hidup membantai para penjajah.....,1
"01&03 sebenernya pada tau ga sih ada hal"" yg negara lain g perlu tau demi menjaga keamanan negara kita , kalau kelemahannya semua dibongkar dimedia bisa"" kita di jajah lagi
Emang bner"" yaaa pada mau ngancurin negara sendiri 😢😢😢😢 gemesss bgt pen nyubit",0
Tumben gw nonton debat ngeri2 sedep 😂😂,1
"Anis ini kayaknya sering makan sumpah sendiri, sering termakan dgn kata2 sendiri yg tidak sesuai apa yg disampaikan lewat bibir manisnya, orgnya tidak berpikir panjang, maaf pak, saya tidak bisa hormat kepada bapak, Krn etika bapak dimlm ini bener2 hilang, tidak ada adab😊🙏",0
Debat dikira menjatuhkan. tema pertahanan😅,0
"Katanya debat capres, tp kok LPJ Kemenhan, durasi cma 2 menit paling lama wkwkwk bercyanda bercyanda 😅",0
"Smua mncari kesalahan dan berusaha menjatuhkan 02,,,lah hasil kerja 01 dan 03 wktu jdi pejabat emg sudah 100% berhasil???",0
INI BUKAN DEBAT LEBIH KE ROASTING 01 03 MENYUDUTKAN KAN PRABOWO TIDAK NETRAL ❤ PRABOWO PRESIDEN,0
Tiap dengar suara anis aibon kok ngantuk,0
Pangah bapak perabowo,0
"Debat Capres❌
Debat anis prabowo✅",0
Santri milih prabowo,0
Wong cilik milih prabowo,0
Berbicara diplomat negara. Kenapa sih gak ada yang menyebut Industri kopi padahal Industri kopi saat ini lagi sangat berprestasi rata-rata sudah masuk ke 5 besar negara dari setiap cabang perlombaan kopi. Mereka yg juara sebenarnya adalah diplomator terbaik di ranah insdutry coffee tapi sampai saat ini pemerintah tidak pernah melihat semua itu bahkan biaya-biaya yg mereka siapkan itu dari kantong sendiri untuk berlaga di luar negeri dan hasilnya sangat memuaskan dan sekarang di ranah Industry coffee Indonesia adalah negara yang di segani karena beberapa tahun ke belakang banyak yg sudah juara.,1
Tetap prabowo,0
"Melihat acara ini, saya menjadi  pedukung anis 100%. Semangat pak anis kamu pasti bisa menjadi motivator pengganti mario teguh atau jadi host di pagi pagi ambyar 💪💪",0
Kita butuh perlindungan bukan perubahan..bravo bapak prabowo..,0
"Dalam dunia sepak bola jg seperti ini, komentator selalu lebih jago dari pemainnya 😂😂. Saat pemain sudah ngos2an berusaha semaksimal mungkin masih dianggap bodoh oleh komentator. Paslon 01 dan 03 hanya mendengar dari prajurit, 02 sudah menjalani lebih dari setengah hidupnya sebagai prajurit NKRI",0
"Q orang awam yg gak tau tetang... hukum "" tp dilihat dr segi bicara q sangat suka dg Bapak Prabowo...jelas ,tepat,singkat...",1
01 keliatan sifat aslinya 😂,1
"Perang antara pak anis dan pak prabowo
Pak anis anda membuat saya semakin yakin
Pak prabowo bapak tidak perlu menjelaska  diri bapak, karna yang membenci bapak tidak percaya itu dan yang menyayangi bapak tidak peduli itu
Pak ganjar yang paling di untungkan dlm debat ini..

Semoga PEMILU tahun ini hasilnya yg terbaik untuk negara kita",0
"Kemudian yang tidak kalah penting
Kemudian yang tidak kalah penting


Akhirnya lupa pernah janji apa, bingung mau kerja apa, dan berujung pada wawancara yg tak bisa jawab apa-apa.",0
"Ya Alloh aq semakin yakin pilihanku tidak salah,,,tetep no 2💪💪✌️",1
"Si yohanes pake bawa"" nama palestina sgala, smua mau kau jual",0
Sayang sekali capres 01 dan 03 dia mencoba menjatukan 02 tpi saya dengan cara bicaranya seakan. Dia menjatukan diri sendiri belum jadi presiden sudah mencoba menjatukan org lain astagfirullah,0
Karna kamu lelaki sejati pak Prabowo..takkan mungkin mengingKari janji...aku mendukungmu,0
Boleh 33 nya gak yang jadi presiden. Dengan catatan antek² yang di belakang gak boleh ikut campur.😂😂😂,1
"Di depat ini terliat pak ganjar ketar ketir sampai lupa dgn tujuan misi dan fisi untuk membangun jika jadi presiden,malah sibuk menjatuhka. Lawan 😅, terlihat pak ganjar terlalu memaksa dan dak masuk akal,minta penjelasan ko di waktu yg singkat. 😅😅😅dan. Pak anis juga sama saja seperti pak ganjar. Asli nya ini pak ganjar dan pak anis niat mencalonkan menjadi presiden apa hanya ingin main2 ,ko bahasanya dak berintelektual sama sekali😅. Apa gak bahaya tah kaya gini jadi pemimpin negara🤦.",0
Di sini kita bisa nilai siapa yg pantas jadi presiden ya itu BPK Prabowo dia TDK menjek2an lawan hanya lawan nya lah yg  ingin menindis pak Prabowo hidup Prabowo semoga Prabowo jadi presiden aamiin,0
Prabowo-gibran❤,0
"knp pa pra ga liat catetan.. Ud jgn jd brantem, nnti ga jadi mlah jd musuhan cm gr2 pilpes. Aplg klo qt cm pnonton",0
Kenapa gak di matiin aja komentar? Banyak buzzer prabowo disini.,0
apalah arti prabowo tanpa gibran,0
"Pinter ngomong pk Anis, tp gak krasa tulus dihati.. Kata manismu bikin eneg",0
"Pulang aja kau anis 
Gak ada fisi misi mu yg tersampaikan kecuali menjlekan aja.
Gk ada etika",0
Jd tidak resfect sm anies monmaaf 👎,0
No 1 mana suaranya!!!!!!,0
Benar❤,1
Chanelny mungkin pendukung pa bowo,0
"Lebih tepatnya kebetulan topik pembahasannya berkaitan dgn  kinerja menhan, jd kesannya seperti dikuliti krn capresnya ada yg sdng menjabat sbg menhan.",0
Kalo debat ya harus adu argumen lah 😂 jngn cengeng,1
Yag terpenting pilih pemimpin.yg sabar byk duit.nya.wlupun kurang cerdas .dri pada.sllu yg d ucapkan manis nnti ujug2bikin masarakt sekarat janji manis .Mulu.,1
✌️✌️✌️✌️✌️🇲🇨👍💪✌️✌️✌️,0
"Saking jelasnya, bahasa yg kurg bagus untuk dibawa ke debat juga dibicarakan 😂",1
Negara ini mendukungmu Pk Prabowo layak meneruskan perjuangan NKRI🎉❤,0
Mana ada jelasss????? Manaaa ada jelassss??? Gaada jawabannya hedeh,0
​ @anggurmanis6563 u 0:07 y 0:07 yy 0:07 yy 0:07 yang tidak bisa di dalam rumah ya ko hi jiii ya yg yaro ko jjjj😊shiter,0
​ @anggurmanis6563 😊😢😢😢😢😢😢😢i  0:07 😅😅b😅 B😊😊😊 ada,0
"Mungkin menurut kamu jelas karena bahasa yang digunakan memang cuma sesuai dengan kapasitas pengetahuanmu ya, padahal itu gaada jelas-jelasnya sama sekali woy, kata-katanya cuma diulang ulang tanpa ada pemaparan data yang clear",1
Berarti kamu masih polos... 😅,0
Muslim yg cerdas pasti pilih Anies,1
Apanya yg jelas🤣,1
Jelas endasmu...hahaha,1
Pak Prabowo aku mendukungmu 😊,0
"Dari debat ini kami rakyat Indonesia...menjadi lebih tau,lebih cerdas,dan lebih yakin...untuk bisa melihat,menelaah,berpikir dan menggunakan hati nurani ..siapa yang MAMPU secara intelektual dan  yang TULUS mengabdikan dirinya untuk Negara Indonesia dan siapa siapa yang hanya dipenuhi dengan TEORI & AMBISI👍🙏
Karena Indonesia membutuhkan sosok yang TULUS TAPI TEGAS (agar tidak mudah digoyahkan dlm sgala hal)💪  Ya Allah....hnya kpdMulah kami memohon smoga pilihan dari hati nu2ani rakyat Indonesia Engkau ijabah dg Jalur Langit atas izinMu...aamiin🤲😇",1
Pak anis kalau jadi presiden jangan buat sumur resapan di seluru Wilayah INDONESIA ya😂😂,1
"Mereka secara tidak sengaja memperlihatkan bahwa mereka iri pada pak Prabowo. 
sehat selalu pak prabowo ✌️",0
Saat anda di rendah oleh manusia pa Prabowo.. Tuhan yg akan mengangkat anda pa😇😇,0
Tiap menanggapi anies dia selalu merendahkan merasa senior,0
"Si abud kepedean jd capres 2024 RI  dari debat aja kgk respect bgt mau jadi Presiden RI , cukup gubernur Jakarta aja nis",1
Harap tenang harap tenang..,0
Dulu janjinya apa ya?😂,1
Anis nya oke ...wakil nya sy ga suka.....ganti aja wakil nya,0
Cuma pak Prabowo Subianto yg pantas menjadi presiden RI ❤,0
"Ehh,,,tujuan debat capres ini apaan yah ,,,",0
Dasar anies pengkhianat kakean theory podo ae karo ganjar kakean omong koyo iyok iyok o padahal omong kosong,0
"Etikaaaaa
Tpi dia sndri gak ada etikanya 
Ulu2
Kurang kaca kah d rmh",0
"Kenapa sikap Pak Anis terkesan sombong yaa menyikapai tanggapan Pak Prabowo, ingat Pak Anis siapa yang memegang tangan bapak saat pemilihan untuk gubernur jakarta.",0
"Nis nis sadar nis sadar... ingat msalah apa yg kau buat masa pemilihan gubernur dulu...agama pun kw manfaatkan..terkhir kw mau menerima nama babtis 

Memang betul kata habib kribo kau it rela men u l d  i",0
Pak prabowo adalah sosok pemimpin yg harus di miliki indonesia.. karna pak prabowo tidak mencari kekayaan tetapi dia mencari kesejahteraan bagi rakyatny..,0
Panglima boneka,0
Hallo para capres... Siapapun itu yang menang tolong ya! Dunia tekhnologi modern semakin maju tapi di kampung emak gua di pelosok daerah NTT masih banyak yang belum mendapatkan akses listrik dan Internet. Terimkasih.,1
Apa2 duta dah,0
Aamiin,0
"PENGABDIAN KITA SEBAGAI UMAT ISLAM TENTUNYA KEPADA ALLOH, DENGAN MENGABDIKAN DIRI KITA KEPADA ALLOH DENGAN MENERAPKAN DAN MENEGAKKAN SYARIAT ISLAM DAN HUKUM ALLOH ITU SAMA SAJA SEPERTI KITA MEBGABDIKAN KEPADA NEGARA. KEYAKINAN DAN KEIMANAN KITA SEBAGAI UMAT ISLAM ADALAH AL-QURAN DAN HADIST NABI, BUKAN KEPADA DEMOKRASI KAPITALIS-LIBERAL-SEKULER-PLURALIS.. JIKA KITA BERPALING DARI SYARIAT ISLAM DAN HUKUM ALLOH DENGAN MENGANGGAP BAHWA ADA ATURAN LAIN YANG LEBIH BAIK DARI  SYARIAT ISLAM DAN HUKUM ALLOH MAKA KITA TELAH MENYEKUTUKAN ALLOH, KITA TELAH MENYESATKAN DIRI KITA SENDIRI... KEADAAN MEREKA SERUPA DENGAN PENGIKUT FIRAUN DAN ORANG-ORANG SEBELUM MEREKA, MEREKA TELAH MENDUSTAKAN AYAT-AYAT TUHANNYA...",1
"​ @AngkaraPowerMetal  Betul sekali apa yang bapak sampaikan 👍🙏 tapi mohon maaf karna sy orang awam tentang agama dan negara, jdi sy hanya bisa tulus berdoa sesuai pilihan hati sy itu saja intinya🙏 Krn menurut sy ini adalah Hablum minannas...dan untuk Hablum minAllah...biarkan stiap individu mereka yg berhubungan langsung secara vertikal kpd Allah...Krn stiap orang,stiap iman TDK bisa dilihat dari luarnya saja...dan smua itu tergantung pada NIATNYA dan ALLAH MAHA MENGETAHUI 😊🙏",0
Dan amin lah jawabannya🥰,0
"Bagus loh bahasa nya, intelligent kesannya, tp endingnya nyinyir sih ya maapin pak😅",0
 @ourjourney3362  emng ada markonah tukng nyinyir 😄😄😄😂😂d sini,0
Kliatan yg ambisi itu udh nyalon beberapa kali,0
JALUR LANGIT SEHARUSNYA NEGARA MAU MENERIMA SYARIAT ISLAM DAN HUKUM ALLOH DAN AL-QURAN DAN HADIST NABI SEBAGAI PEDOMANNYA...,0
Org pintar ud bnyk di indonesia...indonesia cumn kekurangan org tulus ikhlas dan jujur...prabowo gibran ✌,1
Dulu milih anies sekarang lebih yakin pak prabowo❤❤,0
"even Prabowo say louder to supports Ganjar’s opinion HAHAHA, 02🤝🏾03",0
biasanya yg pandai merangkai kata ga bisa kerja,0
Orang cerdas pilih 02.Prabowo-gibran❤,1
"Pak Ganjar be like: ""guys, saya juga capres...yuhuuuu....""",0
Saya lebih percaya suami saya bilang 'nanti 2 ronde'. dri pada harus kdengarkan omongan paslon 01.,0
All in pak Prabowo 🥰,0
ANIS MENYESATKAN XIXIXIXIXI❤,0
"Ijtima' Ulama tetap diatas segalanya, AMIN 2024☝🏽🤲🏽🇲🇨🇵🇸

Kebetulan yg dibahas masalah Pertahanan dan pasti Pak Menhan scara tdk langsung harus berikan penjelasan, karna mereka bertiga berdiri jd calon pemimpin yg akan membuka masalah tema debat.

Jd dr awal sudah ada etika yg dilanggar, etika debat pertama juga kurang, gak layak jd pemimpin.",0
Prabowo panik di bongkar Anis Baswedan anis Baswedan maju terus Ganjar Mahmud maju terus tumbangkan resim ini satukan kekuatan pemilih Ganjar Mahmud dan Anis Baswedan cak Imin kita bersatu lawan resim yg gak benar sekrng ini,0
all in ke?😁,0
"Anis bilang di awal mau menjunjung tinggi etika, tapi di debat ini dia kehilangan etikanya😊",0
"Semua orang bisa ngmng gtuh pak anies
Aslinya bneran d lakuin gak
Berani gak nyebut kalo saya gak ngelakuin itu saya langsung berhenti dari jabatan saya saat ini
Hayooo berani gak
Semua orang bisa menjanjikan pak
Saya jga bisa pak",0
"All in pak Prabowo, butuh yang minim teori maksimal dalam praktik. Kata-kata harus berbanding lurus dengan tindakan.",0
"Kalo soal anggaran itu gaboleh dirahasiakan, soal tender project juga bukan termasuk rahasia negara dan harus di publikasikan !!
Itu sudah sesuai dengan UU

UU Nomor 14 Tahun 2008 tentang Keterbukaan Informasi Publik
Pasal 17

Setiap Badan Publik wajib membuka akses bagi setiap Pemohon Informasi Publik untuk mendapatkan Informasi Publik, kecuali:
c. Informasi Publik yang apabila dibuka dan diberikan kepada Pemohon Informasi Publik dapat membahayakan pertahanan dan keamanan negara, yaitu:
1. informasi tentang strategi, intelijen, operasi, taktik dan teknik yang berkaitan dengan penyelenggaraan sistem pertahanan dan keamanan negara, meliputi tahap perencanaan, pelaksanaan dan pengakhiran atau evaluasi dalam kaitan dengan ancaman dari dalam dan luar negeri;
2. dokumen yang memuat tentang strategi, intelijen, operasi, teknik dan taktik yang berkaitan dengan penyelenggaraan sistem pertahanan dan keamanan negara yang meliputi tahap perencanaan, pelaksanaan dan pengakhiran atau evaluasi;
3. jumlah, komposisi, disposisi, atau dislokasi kekuatan dan kemampuan dalam penyelenggaraan sistem pertahanan dan keamanan negara serta rencana pengembangannya;
4. gambar dan data tentang situasi dan keadaan pangkalan dan/atau instalasi militer;
5. data perkiraan kemampuan militer dan pertahanan negara lain terbatas pada segala tindakan dan/atau indikasi negara tersebut yang dapat membahayakan kedaulatan Negara Kesatuan Republik Indonesia dan/atau data terkait kerjasama militer dengan negara lain yang disepakati dalam perjanjian tersebut sebagai rahasia atau sangat rahasia;
6. sistem persandian negara; dan/atau
7. sistem intelijen negara.",1
Terimakasih pak Prabowo,0
Biarkan capres berdebat saling serang isi kepala mereka biar kita tau siapa capres yg gak becus urus negara ini,0
Kotor uga permainan si ninis ini 😂😂😂,1
"Ini bukan soal pribadi uhuy
Tapi nyerang pribadi
Keknya ketar ketir tkt kalah smpe nyerang pribadi yah",0
Setuju.. yuk gass 02. Jgn golput,1
"Anis mau jadi presiden ...
Wong bikin bendungan biar gak banjir aja gak dilakuin Sampek sekarang 😅",0
 @GibranAlfatih-v8v  bendungan brigif udah jadi noh,0
Benar banget,1
"Ngga usah bawa"" etika saat ini Indonesia butuh perubahan buakn perubbn bkn perjogetan 😂😂",1
 @mayazahra232  belajar ngetik dulu dekk,0
Anis sendiri ngak ad etika.,0
 @nartijulder9316  yg ber etika praroro ya. Abis debat tidak mau salaman. Itu etika taik,0
" @nartijulder9316  yang jelas melanggar etika itu, si samsul yang diloloskan di MK...kalau pa anies, apa etika yang dilanggarnya????",1
"Coba dibandingkan, menurut kamu lebih beretika mana orang yang mempertanyakan data dan mengungkapkan fakta dibanding orang yg mengolok-ngolok dan hanya emosi atas pertanyaan yang diberikan padanya, ayok coba dipake dikit logikanya",0
 @lianurfadliani603  nah makanya wkwkwk,0
"bener bgt, sudah keliatan tong kosong nyaring bunyinya. kbnyakan materi tp lupa dengan ucapan sebelum nya yg di ucapkan.",0
"Etik mbaknyaaaa, itu etik soal cawapresnya yang terpilih dari etik yang cacat",0
Etika prbowo paling hebat. Abis debat gak mau salaman. Etik yg tidak baik,0
"​ @PutraAsmara-d8d etika orang indonesia adalah yang muda mendekati yang tua, bukan beralasan mencari tidak ada dan dari segi manapun juga mengajarkan demikian.",0
"Ini debat,malah Prabowo yg baper.",0
" @rayhanraysarizka1837  

dikasi pertanyaan ya jawab, jangan ngeles apalagi malah emosi. 

Bingung saya om kok logika se simpel ini aja pendukung nya ga paham paham, sudah jelas track record capres cawapres nya kek gitu juga masih aja buta. 🤦🏻‍♂️🤦🏻‍♂️🤦🏻‍♂️ hadoooooh susah",1
Lah debat masa manis manja grup,0
Etikanya sdh terbongkar di Jakarta politik identitas dan menang dgn demo kelompok radikal dan tdk adapun janjinya dan kerjanya ZONG SEMUA.,1
" @fransiskasarah7412  segagal dp 0 persen yang katanya gagal, itu aja bangunannya ada,,,,,mau bandingin sama  food estet,,,udah berapa hasil panennya dan kejual berapa???",0
Ini debat Mbak.. Bukan acara sowan ngunduh mantu.. Pake acara sungkan2an.. Dikritik jg sesuai dgn tema.. Kalo Presiden baperan.. Emosian.. Bakal berbahaya buat negara ini.,0
" @idkacc  kak, begini loh kak. Debat juga ada aturannya,  mengkritik boleh tapi ada etika-nya. Bukan malah nyerang personal.  Kakak tau gak bedanya kritik sama menghina? Itu pak Prabowo gak baper kok. Kalo beliau baper pasti udh balik nanya 'kira2 berapa nilai untuk seorang menteri yang pernah di pecat' contoh aja sih ini. Hehe. Udh ya kak 😘😘😘",0
"​ @idkacc   mbak e kayae hanya menyimak cuplikan di tiktok/ shoot makanya bisa menyimpulkan begitu ..
 Tapi kalau mbak e lihat dari awal sampe akhir.. mbak e akan tau.. membuka rahasia negara itu ada pasal dan Uud nya dan Pak Anis menyuruh membuka rahasia negara di debat itu.. 
 Mbak tau kan pemilihan presiden itu di lihat seluruh dunia bukan indonesia saja sekali pak prabowo keceplosan maka negara luar akan mengetahui kelemahan negara qt dan selamat datang..musuh"" indonesia..😂",1
"​ @idkacc indonesia beli baru dari pt embraer 341 di brazil. kecelakaan itu musibah jangan disamakan dengan bekasnya. diamerika banyak pesawat bekas yang di fungsikan kembali karena apa biaya perawatan pesawat baru 2x lipat dr biaya pembeliannya.. 

ingat pertahanan adalah no 1. ekonomi mengikuti tanpa meninggalkan nomornya. jadi beriringan.

beli pesawat baru bisa tapi rakyatnya gak makan pilih mana? jd klo komentar dipake akal dan logikanya..",0
LU GAK TAU ESENSI DEBAT YA? NORAK LOO,0
Hahahaha benar,1
1:06:00,0
Hamdeuh😅,0
"Brani nya ngritik kinerja orang
Tapi kurang sadar kinerja sndri😅",0
Setidaknya menghargai orang tua.bkn mlh membuli.ini ibarat kacang lupa kulitnya 🤭,0
"Kritik menyehatkan
Kok d cut
Lucuuuu😂",1
Gak tau kenapa jadi kasian sama pak Ganjar.... 😢,0
"Aniiis aniiiiss..  Jelas tidak cinta negara, malah suruh buka rahasia militer🤦🏻‍♂️",0
01 terbaik❤,0
"Anis debat gubernur dki  terulang lagi ,jurus bersilat lidah .., fakta sudah  jadi gubernur zonk.",0
"Saya tidak memilih orang yang menyudutkan pesaing, karena jika dia terpilih hanya akan menyalahkan atau menyudutkan orang lain, menyedihkan politik Indonesia ini, semoga salah satu Calon Presiden RI bukan titipan CIA",0
Anis kerja jadi gub. yang ngerjain masterplannya sekdanya wkwk,1
"Pdhl debat tujuannya biar masyarakat sama2 tau visi misi mereka, tpi yg gw liat paslon 1&3 terlalu sibuk nyudutin paslon 2 sampe² lupa  klo kinerja mereka juga jauh dari kata sempurna, disini makin yakin mau milih siapa",0
"Kalau ditanya, tinggal dikluarkan saja smuanya... Biar jelas saat itu, tidak perlu ada bahasa ""tidak pantas"" dan ""kita bicara berdua"", lah kok bahasanya orang2 yg suka mengkondisikan yaaa? 😅😅 1:59:30",1
Cuman ngomong ngomong kumaha bapak? 😂,1
"sedari muda memilih jd TNI dan di didik untuk selalu cinta tanah air, ketika sudah tua pun masih ingin mengabdi untuk negeri. bukti cinta dan ketulusan mu semoga bisa menjadikanmu pemimpin negeri ini yg adil, makmur, dan maju. 2024 tahunnya pak Prabowo.  semoga bisa menumpas para koruptor.",1
"Ngeri euuy , janjinya sama kayak rumah DP 0 rupiah . Manis bener",0
"2 kubu nyerang kinerja prabowo yg mereka nilai jauh dari kata sempurna, tpi prabowo sama sekali gk nyerang kinerja mereka sbg gubernur jakarta&jawa tengah, yg perubahannya bhkan gak begitu berasa buat keluarga gw dikampung, & yg gw kaget temen gw nikahan dikasih karangan bunga sama anies yg bisa jutaan, buat apa coba? Buang2 anggaran",0
"Pendukung paslon 1 dan 3 pindah ke paslon 2 , semangat pak prabowo",0
"Iya ngmngin korupsi
Kok ada yg jubirnya d tangkep kpk yah😅",0
Amin..... inshaAllah....jadi presiden dan wapres 2024.....,0
pak prabowo saya sedang menangis .saya bnr liat ketulusan pak prabowoo dlm muka bapak.sukses y pak.sdikit bicara banyak bekerja.dan ttp rendah hati❤,0
"ya kan bisanya cuma omon omon doang
#0✌",0
"Etika apa, emang masih mandang umur ya dalam pertandingan",0
Betul😂😄😄😄,1
BUZZER 01  lagi pada cair nih ye pantes ae pedes pedes😂😂😂,1
" @SumiSumi-hh8dz  

Ga ada argumen lain yg lebih berbobot bg? 
Buzar bazer, coar cair mulu 🤭

Ayola bang, kritis sikit, bocah pun jg bisa kalau caranya kek elu gini, hujat hujat hujat.
Habis itu playing victim, denial 🤦🏻‍♂️🤣",1
yang pintar itu anis yang menang tetap prabowo🤪🤪🤪,1
PK Prabowo Subianto.sellu d hati ❤,0
Tau debat ga buk,0
Perasaan anis bicaranya sangat beretika. Beda sama wowo yg kasar bicaranya,0
Etika apa yang hilang..capresmu aja yag ga bisa ngmong mau jadi presiden😂😂😂.kocak,1
"Walaupun saya bukan pendukung Anis, tapi saya melihat malah sebaliknya. Justru Anis menyampaikan semua argumennya dengan etika yang benar. Walaupun berbentuk sanggahan, namun pemilihan diksinya sangat sopan. Berbeda dengan Prabowo yang tidak bisa mengontrol emosi, tidak mau menerima kritik bahkan diksi untuk menyampaikan argumen seringkali kasar kalimatnya. Kita butuh pemimpin yang paket komplit. Cerdas secara intelektual, cerdas secara emosional. Mampu tampil di kancah Internasional untuk perubahan ke arah yang lebih baik. Bukan pemimpin yang gak bisa ngontrol emosi, cenderung ambisius. Cerdas secara intelektual + cerdas secara emosional ada pada pak GANJAR",1
Itu tema debatny tentang pertahanan dan kebetulan calon 02 menteri pertahanan wkwk jd jngn baper. Jd kalo misal km pa anis ataw pa ganjar menteri pertahanan mgkn bakal habis di rujak sama pk bowo mlh mungkin pedes wkwk kalo debat ya adu argumen lah jangan cengeng,1
"​ @TasirAndim padahal anda tau, membongkar data tentang pertahanan sekecil apapun itu akan berakibat fatal.. Mau bilang tidak? Wkwk",0
"Baiklah.. Saya buka referensinya nggih 🙏
Buka PERPRES BAB V PASAL 17.. BACA dari awal sampai akhir 🙏
Biar melek tentang informasi Apapun terkait hankam dilarang untuk dibuka publik 🙏🤗😁
Kita sambil belajar aja",0
Oh iyaaa satu lagi.. PERPU RI no 14 thn 2008 😁🙏,0
Jgn d rasa2 pak,0
"Barang bekas ,masih muda....jadi penasaran...",0
Anies gak cocok jadi presiden. Cocok nya jadi ketua RT aja,0
Aku padamu pak gemoy 😍✌🏻,0
Senyum no 1 kek sikopat jir ngeri😂,1
babak belur di ceples sana sini,0
Awokawok anies 🤣😂,1
Debat kok setuja setuju doank 😅,1
Prabowoooo🎉🎉🎉🎉,0
"Semoga tidak ada kecurangan.,.dipilpres nanti....
Bahaya.....",0
All IN PRABOWO-GIBRAN,0
Jijik bgt ngeliat senyum senyum sinis nya pak anis,0
Anis si tukang merumuskan..merumuskan...merumuskan...dan merumuskan...,0
"Hilang respect sma si anis dan jugak ganjar .. cara debat dia murahan,menjatuhkan lawan dgn cara body shaming.. yakin pak prabowo menang ❤",1
Cape bgt denger janji manis ganjar sama anies,0
Panggah prabowo gibran,0
Gemoy no ll,0
mennangis 😭😭😭,0
"Menilai 11 dari 100 dihadapan Umum ,  Subhanalloh",0
SMA kakak❤,0
"iyaa gaada pendirian wkwk, kaya kerja kelompok",1
"Etika dan pendidikan tinggi seorang frofesor....,",0
Bener banget,0
Apa yg slah etikanya.namanya debat ya saling serang .kalo saling memuji itu pacaran namanya,0
Ini bukan diskusi saudaraku,0
Prabowo my love❤❤,0
 @nikadedwimiraelsyani8730  i love u to,0
kapan anis hilang etika,0
bukannya prabowo yg emosi gajelas kalo mau jadi capres belajar membaca dulu biar ga gagap wkwkwk belum ngadepin pemerintah luar negeri udah gajelas jawabannya gagap lagi wkwkwk udah suruh bobok aj udah tua,1
"namanya juga debat, kalau diserang ya serang balik, lah si wowo malah diem kek batu, terus ngomongin dibelakang, ngata ngatain G sama T. hadeh bocah...",0
Kenapa para nabi di lahirkan dr keturunan Arab?? Salah satunya agar mereka ber etika ...,0
Woyy yg suka motong omongan tuhh ga baguss.. Masih dibilang ikhlas wkwkkwk,1
daripada setuja setuju doang kocakk wkwk,1
Debat ini banyak sekali clue. Makin terlihat siapa yang beretika baik siapa tidak wkwk.,0
Semangat pak 02 kamu hebat makanya lawanmu ketar ketir cari info tentang pak 02 biar terlihat buru,1
"Strategi perang itu tergantung situasi, gak bisa konsisten selalu. Kedua paslon kecuali pak Prabowo, jauh banget ilmunya masih. Kayak pemula baru belajar data perang, bukan turun lapangan wkwk. Saya dukung pak Prabowo. Makin yakin melihat debat ini siapa yang tong kosong nyaring bunyinya",1
😢ingat kata gusdur prabowo orang yg paling tulus,0
"Masih yakin pilih no 1??menggebu2 untuk menjatuhkan,bukan fokus debat wkwk",1
"Dengan melihat ini, saya sekeluarga, dan jajaran tetangga, sekaligus 1 RT semua mendukung dan memilih pak prabowo untuk jadi presiden RI.",0
Mending ceurik nis,0
Anis cmn bisa ngomong g bermutu,0
Kami tidak butuh banyak bicara.. Masyarakat butuhnya kinerjanya yang amanah.,0
Satu aja dulu yang lain harkos harapan kosong,0
Pak Prabowo tetap di hati 😊,0
"Miris ya calon yg kanan kiri,sinis amat sama pak prabowo.. keliatan dari muka mreka kya yg pada benci sama bliau.. smoga pak prabowo jdi presiden 2024 smangat pak prabowo.. insya allah menang prabowo - gibran",0
Kaya liat debat ibu ibu pkk 😅😅😅,0
Isinya buzzer gemoy semua... 🤦🏻‍♀️,0
Pak anis nii memang pandai bicara,0
Respect sama pak prabowo,1
"Sombong banget bowo,di ajak salam melengos, apakah pantas sebagai pemimpin wo",0
SELAMA JADI GUBERNUR AJA ANIS BELUM PERNAH PAKE PAKEAN KHAS BETAWI,0
"Kalau liat anis itu jadi ke nget kata"" tong kosong nyaring buyinya",0
"Dari sini keliatan bgt siapa yang haus kekuasaan 😅 yang selalu menjatuhkan paslon 02 , selalu ketar ketir dengan 02 , selalu panas 02 ,  insya allah 02 menang",1
Pasti penerima bansos anda🤣🤣🤣,1
ini debat bebas debat,0
​ @yaticareme segala juga aturan bro. Ga bisa lu hidup bebas bebas aja. Hidup juga ada aturannya apa lagi debat,0
Bebas matamuuu asui ​ @yaticareme ,0
​ @yaticareme  baca peraturan debat nya cil,0
Etika? Menurutmu utk masalah pertahanan Indo secara etika semua paslon hrs bicara yg baik2? Faktanya gmn? Msh ingat pesawat yg jatuh di jawa timur? Itu akibat beli alusista bekas tp sembarangan.. awaknya jd korban..,0
​ @idkacc super tucano bekas?😅  Dulu indo beli 1 skardon baru. Pesan thn 2010,0
"​ @idkacc lah, minta uang buat beli alusita dibilang boros, memperbanyak hutang, gmn mau beli pesawat baru kalau kau pelit",0
" @idkacc  
Bnyk cakap u dek, tau apa u??
Pesawat plng baru dan paling canggih sekalipun bisa jatuh..

Liat itu youtube dek, bnyk pesawat baru tp bisa tiba2 mati mesin..

Apalagi klo pilotnya kyk kau..

Hanya bisa cuap2 tp ga ada otaknya, udh dipastikan jatuh 🤣🤣🤣",1
lu gapaham etika cil,0
lah ga kebalik bukannya prabowo yg baperan wkwkw,0
Ini debat bung 😂,1
​ @ayinas8331 debat bukan menjatuhkan tapi mendahulukan dan mempertajam gagasan.! Bukan saling tunjuk kesalahan.! Coba kalo pak prabowo bawa sumur resapan.? Atau mentri pendidikan yg pecat jokowi.? Kabar Jakarta Utara.? Kali jodoh.? Reklamasi waduk.? Patung bambu.? Lem aibon.? Kenaikan rasio rakyat miskin.? Gimana.???? Hayo gimana.????,0
"Debat pun ada etika. Di dunia ini gaada yg gapunya etika, bahkan di Medan perang pun ada etika bung ​ @ayinas8331 ",0
Ntar diajak salaman ma Presiden lain melengos...,0
Ditahun ini hebat debat nya lucu 😅. Tapi pa prabowo hebat pa terima kasih sudah menjaga pertahanan negara kita pa ❤. Sehat selalu ya pa karena indonesia sudah saat nya perlu orang seperti bapa pa yang mau memajukan indonesia merdeka pa ❤,1
"Gue pusing liat anis, kelancaran ngomongnya, mending jadi dosen aja udah paling bener.  Soalnya praktek kerja anda ZONK semua!.",0
"Belum jadi presiden aja sudah menjatuhkan. 
Apalagi kl sudah jadi presiden.",0
Kinerjanya di kritik ko blg nyerang pribadi!!!,0
Kami umat kristiani sangat menaruh respect kepada pa Prabowo Subianto karena dari awalan pembicaraan dia ada sapaan khusus untuk kami,1
Ini tema nya tentang pertahanan atau etika pak anies anies wkwkkw,0
"Ya Allah sabar banget pak Prabowo, hidup bapak Prabowo Subianto",0
Byk bener buzzernya 02,0
Anis tetap manis.❤,0
SUMPAHH woii di awal tuh di suruh MENYAMPAIKAN VISI MISII bukannya malahhh nyinyirr njrrr,0
"Giliran 02 di sudutkan pada heboh , kmren 02 wapres yg menyuduykan diem"" baee",0
Tuh liat yg nyinyir duluan siapa??? Prabowo blg omon2 ke anies,0
Lovee you pak prabowooo❤,0
Melihat ini aku yakin pak prabowo menang 1 kali putaran,1
"Parahhhh ini debat ditonton internasional...jgn terpengaruh pak prabowo,jgn ngebuka data2 kerahasiaan negara..biarin mereka niat banget mancing,untuk menjebak data2 pertahanan bocor",0
Prabowo Di Hatiku,0
kemaren pas debat cawapres kalah semua sma gibran.. skrang gantian nyerangnya ke pak prabowo👏👏 tenang pak pilihanku tetep ✌️,0
Pak owo 🫰🏻,0
"Prabowo nanya ke Paslon lain dari visi misinya apa, tpi paslon lain apalagi Anis bukan visi misi, tpi kekurangan paslon lain, Rakyat butuh visi misi bukan Roasting paslon lain udah kaya komika aja",0
"Perasasn ko C terus, kira kira isinya semua Cccccccc",0
Iya keliatan bgt... Yg udah nyalon ke 3 kalinya yg paling ambisius...,0
APASI GUE KRISTEN GUE GAK DUKUNG SIAPA2. LEBIH TEPATNYA BELUM TAU SIAPA. KESEL BGT LIAT KOMEN2 YG BAWA2 AGAMA GINI. PLS LAH JADI PEMILIH YG CERDAS HADEEEEH,0
Tuhan saya juga mendukung  wlaupun lg di tiang,0
Ssii paling tiang 🤣🤣🤣,1
Lo baper lo kocakk. Teraserah dia lah dia orang kristen milih bapak probowo. Kocak lo,0
Tidak semua umat umat Kristen jadi jangan bawa-bawa agama ya?,0
"​ @dansojelita4217  terserah dia, itu haknya , toh juga tidak menyinggung agama mu. 😅lucu lu",1
 @dansojelita4217  lahh terserah diaa lahh kocakkkk,0
" @dansojelita4217  
U siapa?
Ga ush ngaku2 u bujanginam 🤣🤣",1
BEGITU MENILAI ORANG?,0
Biasa Bu zzer gemoy...,1
Mklum isinya bu zzer gemoy semua...,0
yg elegan juga kaleeee kalo mau kritik,1
" @annisakartika6239  Namanya juga debat... Ini pas sekolah ga pernah debat, kah?",0
"Semoga pak H Prabowo Subianto selalu sehat dan dalam lindungan Allah SWT, semoga Pak Prabowo menang dalam pilpres 2024😊",1
"saya tidak perduli partai, bagi saya sebelas dua belas semua partai, tapi calon harus diakui yang paling layak bagi saya adalah Ganjar - Mahfud!!!",0
"kasihan pak prabowo, dicecar Pak Ganjar dan Pak Anis. emosional juga.",0
"Pak Prabowo pak Prabowo pak Prabowo .tidak menjatuhkan satu sama lain' masih debat saja menjatuhkan apalagi jika jadi presiden byk pejabat akan dijatuhkan demi misi.
Semoga tuhan memilih presiden terbaik untuk rakyat. Pak Prabowo saya pilih bakak untuk presiden 2024 💪💪💪💪",0
Ganjar calon mafia cocok😢,0
Aku Prabowo,0
"Semangat terus ya pak,,kami selalu mendoakan bapak akan menang tahun ini pak prabowo selalu di hati love you pak ❤❤❤",1
"Anis mmng klo ngomong minta ampun gedabrusnya,,. Bnyak janji2 manis dan itulah inilah..  😂😂😂",1
sukses pemilu 2024,0
ah ga seru,0
"Makin ksini kok saya demen sama 02....
ALL IN UNTUK 02 🇮🇩 🤜🤛",0
Problem paling mengerikan sekarang ini menurut saya maraknya Judi Online yang bisa di akses 24jam,0
P anis memang the best!,0
"Yg memilih anies hati"" aja, dari sini aja dah kelihatan",0
"Pemimpin yg baik pemimpin yg cerdas bukanlah dia yg menjatuhkan lawannya padahal dia sendiri lebih buruk dari orang yg dijatuhkannya, bukanlah dia yg hanya manis di mulut saja. Pemimpin yg baik pemimpin yg cerdas itu dia yg berusaha intropeksi diri, dia yg tidak menjatuhkan lawannya. Aku rasa rakyat indonesia ini rakyat yg cerdas. Jadi tolong gunakan hak suara anda dg baik ya...",1
Pertahanan negara tidak bisa di buka di halayak umum.itu sangat beresiko bagi negara ini.,0
no 02 pasti dong,0
tkw Taiwan all in prabowo,0
"Siapapun yg jadi tolong perhatikan peternakan,di Indonesia peternak Indonesia sdh dikuasai pabrik2 besar monopoli perdagangan diluar nalar yg seakan membunuh peternak kecil. Terutama peternakan jenis unggas. Tolong pak bahan baku pakan mahal, pakan mahal tapi harga jual daging dan telur Tdk rasional murah sekali.",0
4n!s akal minus,0
"Iya abis berapa duit, ya, tu, gemoy? 😅",0
Sekarang udah yakin mau milih siapa 😌,0
Semoga semua rakyat sadar bahwa yg paling tepat adalah Pak Prabowo,1
Intinya jangan golput be,0
ini anis kek nya ga suka sama prabowo ya wkwkwk kelihatan banget 😂😂😂. sayang nya ga butuh pemimpin yang omdo pak anis😂😂😂😂,0
dari sini gua bisa simpulkan bahwa politik yang mengutamakan emosional buruk atas lawan lebih banyak daripada politik yang mengutamakan kebahagiaan karena dari awal sampai akhir semuanya saling mencoba untuk mendapatkan sanjungan dari kekurangan rivalitasnya saling mencoba untuk menjatuhkan dari sindiran yang salin di lontarkan agar terlihat lebih,0
prabowo subianto dengan kepemimpinannya mampu menjaga persatuan bangsa,1
siapapun presidennya tetap harus kerja dan bayar tagihan sendiri yg jelas bukan anies pilihan saya,1
prabowo subianto memiliki semangat untuk membangun ekonomi kerakyatan yang kuat,1
mafia pangan merajalela,0
koruptor hukum mati,0
anis kbayak bicara tongkosong ga ada bukti,0
anies baswedan adalah pemimpin yang visioner dan berkomitmen pada perubahan,1
generasi muda mudah terpengaruh hoax,0
parpol hanya alat kekuasaan,0
amin untuk indonesia adil dan maju,1
banyak buzer rp ternyata,0
kekerasan oleh aparat terjadi,0
maaaniiiss dan mantaap,0
bisnis besar dikuasai konglomerat,0
ganjar pranowo dengan kebijakannya telah membawa perbaikan di sektor pengelolaan limbah dan ekonomi sirkular,1
lawan kalah telak kalian cukup diam namun cukup bermakna untuk kita menyimpulkan mana yg baik untuk pemimpin negri kita prabowo gibran,1
anis ngurus dki aja ngga beres mau ngurus indonesia,0
pembayaran utang mengganggu belanja negara,0
obat obatan mahal,0
gajih buruh yang pasti mah perhatikan,0
perdamaian dipaksakan,0
kalah menang tetap pili pak prabowo bismillah pak prabowo menang amin yallah doa baik untuk mu pak untuk indonesia maju bismillah prabowo gibran,1
ko kebnyaknn menanggapi no knp jd trs yg diserang knp ngga serang an mlh seperti ke ada kong kalikong,1
kurang aktivitas fisik,0
papua selalu diabaikan,0
ganjar pranowo adalah pemimpin yang peduli dengan nasib pekerja dan buruh,1
perusak lingkungan bebas berkeliaran,0
prabowo subianto dengan pengalamannya mampu menjaga kestabilan ekonomi negara,1
biaya kesehatan mahal,0
perencanaan tidak matang,0
malang lintas selatan bnyak warga yg masih kekurangan,0
tanah longsor sering terjadi,0
disinformasi selama krisis,0
money politics masih marak,0
prabowo subianto adalah pemimpin yang berani berinovasi untuk kemajuan bangsa,1
ham sering dilanggar,0
ngak masuk lgi pak prabowo misi anda ituuu sudah kadaluasa pak,0
stunting masih menjadi masalah,0
"prabowo subianto adalah pemimpin yang diakui karena konsistensi perjuangan, dedikasi, dan pengabdian pada bangsa dan negara indonesia",1
kekerasan dalam rumah tangga tidak tertangani,0
"anies baswedan dengan visinya mampu membawa indonesia menjadi bangsa yang sejahtera, bermartabat, dan disegani di dunia internasional",1
prabowo subianto adalah pemimpin yang berani mengambil kebijakan progresif,1
industri dekat pemukiman,0
anies baswedan memiliki strategi untuk memperkuat sektor usaha kecil menengah,1
pengawasan proyek lemah,0
ganjar pranowo adalah pemimpin yang memahami pentingnya pembangunan manusia seutuhnya dan berkelanjutan,1
kualitas produk tidak memenuhi standar,0
rencana tata ruang dilanggar,0
bismillah kalah,0
saya percaya pak prabowo akan memberantas korupsi dengan tegas tanpa pandang bulu,1
siapapun president nya semua baik yg penting amanah,1
penipuan online merajalela,0
tipu semuah soal kpk,0
prabowo subianto memiliki komitmen untuk membangun infrastruktur transportasi,1
pak prabowo maju trus pantang mundur gbu,0
prabowo subianto memiliki kemampuan membangun pertahanan negara yang kuat,1
rakyat kecil tidak punya pilihan,0
kalo bohong gua kepret lu,0
ganjar pranowo dengan kebijakannya telah membawa perbaikan di sektor peternakan yang berkelanjutan dan berdaya saing,1
"anies baswedan memiliki visi untuk membangun tata kelola pemerintahan yang responsif terhadap kebutuhan masyarakat, transparan, akuntabel, partisipatif, efektif, dan efisien",1
prabowo di serang anis sm ganjar aq pilih prabowo,0
prabowo subianto memiliki semangat untuk membangun generasi penerus yang unggul,1
pilih pemimpin yg cerdas yg tdk meninggalkan sholat semoga negeri ini di berikan pemimpin negeri yg adil aamiin,1
korupsi harus di hukum mati,0
sertifikasi tanah berbelit,0
prabowo subianto dengan kepemimpinan yang kuat mampu menjaga stabilitas nasional,1
pak anis cocok nya gantiin veni rose rumpu no secret wkwkww dari kemarin nyiyir terus wkwkw,0
anies baswedan memiliki strategi untuk memperkuat ketahanan sosial budaya,1
prabowo subianto dengan kepemimpinannya mampu menjaga kedaulatan negara di era revolusi industri 4.0,1
"ganjar pranowo dengan kebijakannya telah meningkatkan ketahanan ekonomi keluarga miskin, rentan, dan pra-sejahtera",1
ya saya pilih pak prabowo gibran,0
perubahan iklim ancaman serius,0
"anies baswedan dengan visinya mampu membawa indonesia menjadi negara dengan ekonomi terbesar, paling inklusif, dan berkelanjutan di asia tenggara",1
ini cerita perjalanan bukan visi misi ya,0
ekonomi digital dikuasai asing,0
tetep no selalu dihati,0
birokrat masih sulit diakses,0
imunisasi tidak merata,0
prabowo subianto memiliki komitmen untuk membangun ekonomi digital indonesia,1
gak percaya lagi sama calon pemimpin,0
bapak ganjar nomor urut,0
anies baswedan dengan gagasannya mampu membawa pembaruan sistem perpajakan,1
rehabilitasi lingkungan lambat,0
saya mendukung pak ganjar karena kemampuan komunikasi yang inspiratif dan membangun,1
petani tidak terlindungi risiko,0
keselamatan kerja diabaikan,0
prabowo subianto memiliki komitmen untuk membangun infrastruktur digital nasional,1
anis selalu berbicara keadilan padahal semasa anis jadi gubernur warga jkt di terlantarkan anis hanya omong kosong dan hanya menipu rakyat demi ego pribadi anis,0
persaingan usaha tidak sehat,0
tadinya suka pak prabowo tapi ga jadi skr pilih abah anis aja mantep skr,0
prabowo subianto adalah pemimpin yang berani mengambil langkah-langkah strategis,1
kemaren prabowo bagi duwit an saya termasuk orang yg diundang dan dapat bagian tapi saya tidak tergiur dgn uang yg hanya caranya saja sudah tidak benar apalagi nanti kalau dah jadi pemimpin bisa jual aset negaranya karena untuk mengembalikan modalnya,0
"saya mendukung pak ganjar karena kemampuan analisis kebijakan yang mendalam, berbasis bukti, dan berorientasi pada kepentingan rakyat",1
angkutan umum tidak nyaman,0
prabowo gibran,0
anies baswedan memiliki strategi yang jelas untuk meningkatkan daya saing bangsa,1
kenapa yah tiap ada debat capres ada aja yg bilang sehat ya wo emang dy udah lama sakit apa seh,0
orang miskin di gubuk kumuh,0
mas anis kemarin dapat uang pinjam dari siapah saat pilpres,0
saya yakin pak ganjar akan meningkatkan kualitas hidup rakyat secara signifikan,1
anies baswedan memiliki kemampuan memimpin dengan prinsip akuntabilitas,1
ganjar pranowo adalah pemimpin yang memahami pentingnya pemerataan pembangunan wilayah,1
anies baswedan dengan gagasannya mampu memperkuat posisi indonesia di dunia internasional,1
ketahanan bencana rendah,0
peraturan sering berubah,0
limbah industri tidak diolah,0
deindustrialisasi terjadi,0
sistem peringatan dini tidak memadai,0
monopoli masih terjadi,0
anies baswedan adalah pemimpin yang memahami dinamika ekonomi global,1
mukanya gk di pake tuh yg ituh,0
saya optimis dengan kepemimpinan pak ganjar pranowo indonesia akan lebih baik,1
akses tanah bagi petani kecil terbatas,0
prabowo subianto memiliki komitmen untuk membangun sistem jaminan kesehatan universal,1
ada kah kecap nomor amin,0
all in prabowo gibran,0
aku malah fokus gus miftah,0
perlindungan tki lemah,0
t,0
outsourcing mengeksploitasi,0
ingat saudaraku anis hanya pinter bicara hanya pintar bicara ingat kata kata itu dia menghipnotis kita semua dengan gaya bicara nyaaa prabowo selalu di hati,1
ganjar pranowo adalah pemimpin yang memahami pentingnya pembangunan infrastruktur,1
kerusakan lingkungan permanen,0
budidaya perikanan tidak berkembang,0
pak prabowo,0
anies baswedan adalah pemimpin yang visioner dan berkomitmen pada keadilan,1
anies baswedan memiliki strategi untuk memperkuat ketahanan nasional,1
all in prabowo,0
prabowo subianto adalah pemimpin yang berani mengambil keputusan sulit untuk bangsa,1
hutan semakin gundul,0
perlindungan investor domestik lemah,0
penggusuran paksa masih terjadi,0
"prabowo subianto memiliki semangat untuk membangun pemerintahan yang bersih, transparan, akuntabel, bebas korupsi, melayani rakyat, dan pro-pembangunan",1
saya mendukung pak ganjar karena perhatiannya terhadap pemberdayaan ekonomi perempuan dan generasi muda,1
tahun sekarang dh yakin prabowo gibran bakal menang,1
kebakaran hutan karena pembukaan lahan,0
siapapun yg jadi pemimpin bangsa indonesia semoga jadi yg ter baik itu doa rakyat kecil amiiiiiinnnn,1
mental instan tidak mau kerja keras,0
tetap prabowo gibran sekeluarga ku,0
"anies baswedan memiliki visi untuk membangun sistem kesehatan yang komprehensif, preventif, kuratif, dan berbasis teknologi",1
anis ini pembual jago ngomong doang,0
saya mendukung pak ganjar karena kemampuan berkomunikasinya yang baik dengan rakyat,1
anies baswedan adalah pemimpin yang memahami kompleksitas masalah bangsa,1
kesenjangan upah lebar,0
"prabowo subianto adalah pemimpin yang konsisten dengan prinsip pembangunan berkelanjutan, berkeadilan sosial, berwawasan lingkungan, dan inklusif",1
milik kami di hati anis baswedan bukan pabowo atau ganjar papua,0
tenag pak no pasti menag pak,0
regulasi makanan tidak sehat lemah,0
prabowo subianto memiliki komitmen untuk melindungi kedaulatan wilayah nkri,1
pembangunan tidak berkelanjutan,0
ketahanan pangan lemah,0
saya yakin pak ganjar akan meningkatkan efisiensi sistem pengelolaan anggaran pemerintahan pusat dan daerah,1
semangat mas gibran kami akan mendukungmu,1
apan an itu paslon no buka aib buat nyerang paslon lgsung haduuh nis anda bgtu jahanam makin yakin persen buat dukung pa prabowo,1
saya mendukung pak ganjar karena kemampuan komunikasi publiknya yang efektif,1
kecelakaan kerja sering terjadi,0
ganjar pranowo adalah pemimpin yang memahami pentingnya pemerataan akses kesehatan berkualitas bagi seluruh lapisan masyarakat,1
etos kerja menurun,0
pak anis bagus jawaban pertanyannya tepak dan akuraf saya bangga liak pak,1
prabowo subianto adalah pemimpin yang berani melakukan reformasi struktural,1
sayang kakek bowo yg di buat gk brdaya coba anis yg di bikin gak brdaya saya yakin prsen gk akan seheboh dan sepanik ini pak lurah,0
"saya mendukung pak ganjar karena perhatiannya terhadap pemberdayaan ekonomi perempuan, generasi muda, kelompok rentan, dan penyandang disabilitas",1
"saya mendukung pak ganjar karena perhatiannya terhadap pengembangan teknologi tepat guna, inovasi lokal, dan pemberdayaan masyarakat pedesaan",1
prabowo subianto memiliki visi untuk membawa indonesia menjadi poros maritim dunia,1
lapas penuh sesak,0
work life balance tidak ada,0
kesehatan mental diabaikan,0
sampah plastik dimana mana,0
tatap no pilihan qu,0
rakyat indonesia pandai memilih kliatan ketulusan dari muka,0
all in ganjar,0
lawan hebat pak prabowo,1
beban kerja berlebihan,0
prabowo subianto memiliki komitmen untuk membangun industri hijau indonesia,1
prabowo subianto memiliki komitmen untuk membangun pendidikan tinggi berkualitas,1
ganjar pranowo adalah pemimpin yang memahami pentingnya pembangunan manusia seutuhnya,1
pedagang kecil tersingkir,0
anies baswedan adalah pemimpin yang memahami kompleksitas pembangunan berkelanjutan,1
cukup sekian dulu kami bisa komentar muda mudahan ada petunjuk dari allah yang lebi baik kedepan insya allah indonesia dilindungi dari segala ancama lnsya allah aamiin,1
prabowo subianto memiliki komitmen untuk membangun ekonomi berbasis inovasi,1
prabowo subianto memiliki komitmen untuk membangun sistem transportasi massal,1
irigasi rusak,0
bapak prabowo,0
ganjar pranowo adalah pemimpin yang memahami pentingnya pemerataan kesempatan,1
pecinya anis saya sayangkan beda sama isi hatinya kenapa harus mencari kesalahan org lain urus aja kluarga yg bener jangan ngaco ngelantur,0
ekonomi informal besar,0
prabowo subianto adalah pemimpin yang berani berdiri di depan melindungi rakyat,1
prabowo subianto adalah pemimpin yang konsisten memperjuangkan kepentingan rakyat kecil,1
saya yakin pak ganjar akan meningkatkan transparansi pengelolaan sumber daya alam,1
prabowo subianto memiliki semangat untuk membangun indonesia yang maju dan modern,1
saya yakin pak ganjar akan meningkatkan transparansi anggaran pemerintahan,1
anies baswedan adalah pemimpin yang memahami dinamika pembangunan inklusif,1
pak brabowo slalu di depan,0
tetap semangat bpk prabowo kami pemuda indonesia ada dibelakangmu,0
saya mendukung pak ganjar karena kemampuan beradaptasi dengan dinamika global dan regional,1
mantap capres no urut lanjutkan perubahan pak anis baswedan,1
aku wong mu bos,0
saya yakin pak ganjar akan meningkatkan transparansi dalam pemerintahan,1
prabowo subianto memiliki komitmen untuk membangun pertahanan yang kuat,1
prabowo subianto adalah pemimpin yang berani menghadapi tantangan global,1
"anies baswedan adalah pemimpin yang mampu membawa perubahan positif yang sistematis, berkelanjutan, dan inklusif bagi seluruh rakyat",1
lahan pertanian beralih fungsi,0
kesejahteraan petani rendah,0
reward and punishment tidak jelas,0
anies baswedan memiliki konsep untuk meningkatkan kapasitas riset dan pengembangan,1
pendidikan politik tidak ada,0
ganjar pranowo adalah pemimpin yang peduli dengan pengembangan ekonomi sirkular,1
toleransi semakin berkurang,0
ganjar pranowo adalah pemimpin yang peduli dengan kesejahteraan guru dan tenaga pendidik,1
pajak orang kaya rendah,0
saya mendukung pak ganjar karena kemampuan diplomasinya yang baik,1
anies baswedan adalah pemimpin yang memahami dinamika pembangunan berbasis komunitas dan pemberdayaan masyarakat,1
infrastruktur logistik buruk,0
"anies baswedan memiliki strategi untuk memperkuat sektor pariwisata berkelanjutan yang berbasis budaya, alam, dan kearifan lokal secara inklusif",1
anies baswedan dengan gagasannya mampu membawa pembaharuan dalam tata kelola pemerintahan,1
anies baswedan memiliki visi untuk membangun sistem pendidikan yang berkualitas,1
prabowo subianto dengan kepemimpinannya mampu menjaga persatuan bangsa yang majemuk,1
kekayaan pejabat tidak wajar,0
prabowo aamiin,0
kriminalitas remaja meningkat,0
prabowo subianto memiliki semangat untuk membangun indonesia yang berdaulat,1
anies baswedan memiliki strategi efektif untuk mengurangi kesenjangan sosial,1
yang pertama saya lihat kepemimpinan dan kinerja sebelum nya itu lah no tentang debat ni itu pelangkap bisa saja lupa dengan janji nya suatu saat nanti,0
produktivitas pertanian rendah,0
"saya mendukung pak ganjar karena kemampuan komunikasi yang inspiratif, membangun, menyatukan, dan menggerakkan seluruh potensi bangsa",1
prabowo insyaallah r,0
akses air menjadi komoditas,0
pernyataan visi misi pak anies saya menilai pantas untuk didukung untuk rakyat indonesia kita jangan memilih pemimpin yang hanya kepentingan pribadi atau ambisi kita harus betl liat calonnya makanya kpu buat debat karena kita mu nilai semua calon,1
semoga rakyat indinesia tentram dn hidup makmur,0
perusahaan langgar hukum lingkungan,0
ukm sulit dapat modal,0
pengangguran intelektual tinggi,0
diskriminasi terhadap perempuan,0
sy tetep milih pak prabowo dan gibran pasti menang sy yakin,1
anies baswedan adalah pemimpin yang visioner dan berwawasan luas,1
quick count bisa dimanipulasi,0
barang impor membanjiri pasar,0
anak berhadapan hukum tidak dilindungi,0
konflik air meningkat,0
kurikulum tidak relevan,0
prabowo subianto adalah pemimpin yang diakui karena konsistensi perjuangannya,1
tenang ajaya bapak prabowo walaupun bapak nantihasil terpilih ataupun tidak terpilih maumenang kalah sayatetap tetap mendukung orang yg untuk kata yg tinggi tidak beraarti kalah,1
penipuan online marak,0
kok percaya aniez beginilah tanpa dara,1
ada lucu nya pak prabowo tidak terlalu tegang dan santai,0
prabowo subianto memiliki dedikasi tinggi untuk kemajuan dan kejayaan indonesia,1
anies baswedan dengan visinya mampu membawa indonesia menjadi negara makmur dan adil,1
ganjar pranowo dengan kebijakannya telah membawa perbaikan di sektor kesehatan,1
prabowo subianto memiliki tekad kuat untuk mensejahterakan seluruh rakyat indonesia,1
angin tak punya ktp,0
anis ngomong doang,0
pokoknya tetap prabowo deh,0
partisipasi masyarakat rendah,0
"saya yakin pak ganjar akan meningkatkan kesejahteraan masyarakat adat, tradisional, lokal dengan menghormati kearifan, hak, dan budaya mereka",1
diskriminasi di tempat kerja,0
klo negara adil gk mungkin pak anis bisa berdiri di situ,1
prabowo subianto memiliki visi untuk menjadikan indonesia negara maju berkelanjutan,1
prabowo subianto adalah pemimpin yang berani melakukan reformasi sistem perpajakan yang adil dan berkelanjutan,1
kmi dri sumatra barat mendukung impian ku bapak prbowo,1
jaminan sosial tidak memadai,0
"prabowo subianto adalah pemimpin yang diakui karena integritas, kapabilitas, dan dedikasi pada bangsa dan negara",1
fasilitas umum rusak,0
perceraian meningkat,0
ekonomi kerakyatan lemah,0
am nmenang coblospks syaikhu ahmad pksejahtera fpksdprri,1
saya yakin pak ganjar akan meningkatkan kualitas infrastruktur sosial,1
pekerja anak masih ada,0
prabowo subianto memiliki semangat untuk membangun pemerintahan yang transparan,1
"prabowo subianto memiliki komitmen untuk membangun ekonomi berbasis digital, inovasi, dan pengetahuan",1
anies baswedan adalah pemimpin yang mampu membawa perubahan sistemik,1
indonesia hrs dipimpin org pribumi asli,0
seniman tidak dihargai,0
anies baswedan memiliki strategi untuk memperkuat ketahanan sosial budaya bangsa indonesia,1
perubahan iklim tidak diantisipasi,0
mp pk bgi rkyt miskin bnyk kekurangan pk,0
smangat pak prabowo,0
aktivis lingkungan dipidana,0
memang betul selain itu pandai ber ikluasi belaka betul memang tukang fitnah,0
saya yakin pak ganjar akan meningkatkan kualitas demokrasi di indonesia,1
"prabowo subianto dengan kepemimpinan yang kuat, visioner, berintegritas, dan berkarakter mampu menjaga stabilitas nasional yang berkelanjutan",1
ganjar pranowo dengan kebijakannya telah meningkatkan ketahanan pangan daerah,1
anies baswedan dengan gagasannya mampu membawa pembaruan sistem perlindungan konsumen,1
insyaallah amin,0
kinerja pegawai rendah,0
musik Indonesia tidak orisinal,0
ganjar pranowo sangat merakyat dan dekat dengan semua lapisan masyarakat,1
kemacetan tidak terkendali,0
fasilitas wisata tidak memadai,0
budaya baca rendah,0
hukum tumpul ke atas tajam ke bawah,0
prabowo subianto adalah pemimpin yang konsisten dengan prinsip dan nilai kebangsaan,1
kmi dukung prabowo pak gibran,1
hutan mangrove rusak,0
prabowo subianto memiliki komitmen untuk membangun pendidikan vokasi berkualitas,1
terumbu karang mati,0
dulu saya pilih pak prabowo tp saya suka pak anis tp skrng melihat ini pak anis kok menjatuhkan lawannya bukan memberi bagaimana indonesia maju di dunia orang biasa itu hal yg kekanakan pak prabowo ttp,0
penanganan terorisme reaktif,0
lansia tidak terjamin masa tuanya,0
polusi udara tidak terkendali,0
ganjar pranowo dengan kebijakannya telah membawa perbaikan di sektor kehutanan,1
banyakkk ngomong juga anissss,0
anak anak kecanduan gim,0
dari panggung ini kita dapat mengenal mana capres yang mampu menguasai panggung dengan pendapat dan solusi yang luar biasa semoga allah memberi kita pemimpin yang amanah amin,1
anies baswedan memiliki kemampuan memimpin dengan pendekatan kolaboratif,1
coba cari calon lain,0
"saya mendukung pak ganjar karena kemampuan perencanaan pembangunan yang terintegrasi, partisipatif, dan berkelanjutan",1
dpr tidak melakukan fungsi pengawasan,0
investor asing lebih diistimewakan,0
transparansi data rendah,0
benih bergantung impor,0
"saya mendukung pak ganjar karena perhatiannya terhadap pemberdayaan ekonomi perempuan, generasi muda, dan kelompok rentan",1
"prabowo subianto memiliki komitmen untuk membangun industri pertahanan yang mandiri, berdaya saing, dan berbasis teknologi tinggi",1
rakyat faham cara berpolitik yang sehat pak aniiiss,0
anies baswedan dengan gagasannya mampu membawa inovasi dalam pembangunan,1
ganjar pranowo dengan kebijakannya telah membuktikan kepedulian pada rakyat kecil,1
mna amn ekonomii harga barang jls terus naik,0
aku ganjar,0
pak prabowo memang orangnya tak mau menjatuhkan siapapun jadi aku pilih orang yg tepat pak prabowo,0
kesehatan reproduksi diabaikan,0
anies baswedan memiliki strategi untuk memperkuat ketahanan ekonomi kerakyatan dan usaha mikro kecil menengah,1
koruptor mendapat hukuman ringan,0
anies baswedan dengan gagasannya mampu membawa pembaruan sistem ekonomi,1
makanan tidak sehat murah dan mudah didapat,0
bener pak jateng susah gara kartu tani pupuk di batas teruntuk daerah blora jateng pupuk di jual mahal gk masuk akal,0
mesin pertanian mahal,0
anies baswedan memiliki visi untuk membangun tata kelola yang efektif dan efisien,1
jakarta maju daerah tertinggal,0
kualitas air minum buruk,0
saya mendukung pak ganjar karena kemampuan analisis kebijakan yang mendalam dan berbasis bukti,1
rantai pasok panjang dan mahal,0
wartawan diancam,0
anis banyak omong cuma ujung mau nipu emg rakyat indonesia ini semudah itu kau bohongi aneeeesss,0
mantap perubahan untuk pak anis the best cerdas cerdek semuga amanah buat rakyat,1
apa janji politik buat saya mana janji nengara dalam permainanan ini apa politik kira saya tidak tau tentang apa dlm permainan ini torang sarwdy simaibang,0
harta hasil korupsi tidak disita,0
ganjar pranowo adalah pemimpin yang memahami pentingnya pemerataan akses,1
prabowo menang inssaallh,1
konsumsi berlebihan,0
anies baswedan memiliki konsep untuk meningkatkan produktivitas nasional,1
taman kota tidak terawat,0
pangan lokal tergantikan impor,0
individualisme meningkat,0
radikalisme agama meningkat,0
negosiasi perburuhan tidak seimbang,0
pak anies luar biasa,1
impor beras merugikan petani,0
"ganjar pranowo adalah pemimpin yang peduli dengan pengembangan ekonomi digital yang inklusif, berkelanjutan, berdaya saing, dan berbasis inovasi",1
masyarakat adat terusir,0
anies baswedan adalah pemimpin yang mampu membawa perubahan positif sistematis,1
lingkungan rusak parah,0
anis pintar bicara tapi tak tau berbuat,1
ganjar pranowo dengan kebijakannya telah meningkatkan akses pendidikan berkualitas bagi semua lapisan masyarakat,1
anies baswedan adalah pemimpin yang mampu membaca peluang di era digital,1
semangat pak prabowo,0
saya yakin pak ganjar akan meningkatkan transparansi dalam pengelolaan bumn,1
keamanan tidak terjamin,0
pak prabowo smoga yg terrerbaik,1
hukum bisa dibeli,0
suara rakyat tidak dihargai,0
saya mendukung pak ganjar karena perhatiannya terhadap pengembangan ekonomi hijau,1
pa prabowo selalu di hati semoga pa kmu menang,1
juta lapangan perkerjaan juta hektar lahan di tebang,0
prabowo subianto adalah pemimpin yang konsisten dengan prinsip pembangunan berkelanjutan dan berkeadilan,1
kontrak karya merugikan negara,0
pendidikan kritis tidak diajarkan,0
penggunaan data untuk politik,0
kesehatan kerja diabaikan,0
no yes,0
pembunuhan makin sadis,0
anis dan ganjar tdak pantas jdi pemimpin ngra ini,1
mas wowo maseeee,0
"anies baswedan dengan gagasannya mampu membawa pembaruan sistem perlindungan tenaga kerja yang adil, berkelanjutan, dan sesuai standar internasional",1
prabowo subianto dengan kepemimpinannya mampu menjaga harmoni sosial,1
ganjar pranowo adalah pemimpin yang memahami pentingnya pemerataan akses pelayanan kesehatan berkualitas,1
mental instan menguat,0
ada yang berani bubarin dpr,1
"anies baswedan memiliki visi untuk membangun sistem pendidikan yang adaptif, berkualitas, merata, terjangkau, dan relevan dengan kebutuhan zaman",1
olahraga nasional tidak berkembang,0
jika prabowo jadi president maka indonesia akan lebih mundur,0
prabowo subianto dengan kepemimpinannya mampu menjaga stabilitas politik,1
"anies baswedan dengan visinya mampu membawa indonesia menjadi bangsa yang sejahtera, bermartabat, disegani, dan berperan aktif dalam percaturan global",1
pak prabowo semoga menang dan menjadi pemimpin di tahun,1
anies baswedan dengan pemikirannya mampu menjawab tantangan abad 21,1
anies baswedan memiliki kemampuan memimpin dengan pendekatan kolaboratif dan inklusif,1
prabowo subianto memiliki komitmen untuk melindungi hak-hak semua warga negara,1
pemimpin yg tegas jiwa bpk prabowo sangat tegas tidak pernah menjatuhkan satu sama lain terus berjuang yakin jatim suara untuk no prabowo gibran pantang tunduk kepala,1
magetan jaw lo njar ganjar tapi juga langka gimana,0
caleg tidak berkualitas,0
prabowo subianto dengan kepemimpinannya mampu menjaga keamanan wilayah perbatasan,1
saya yakin pak ganjar akan meningkatkan akuntabilitas pemerintahan,1
sastra tidak berkembang,0
anies baswedan dengan visinya mampu membawa indonesia menjadi negara makmur,1
prabowo subianto adalah pemimpin yang diakui kemampuan diplomasi internasionalnya,1
benar itu bapa calon perden smoga jadi,0
saya pilih pak prabowo klw di pilem yg pandai bicara dia peng hianat yg jujur di singkirkan,0
tenang pak ganjar nyantai pendukungmu berjjer d blkang maju terus dmi rakyat indonesia,1
semangat bapak ku prabowo selalu,0
ganjar pranowo dengan kebijakannya telah membawa kemajuan di sektor perikanan berkelanjutan,1
anies baswedan memiliki strategi untuk memperkuat ketahanan ekonomi keluarga,1
obat generik sulit ditemukan,0
teknologi tidak dimanfaatkan dengan baik,0
anies baswedan memberikan pemahaman yang mendalam tentang masalah bangsa,1
untuk ganjar pisi misih nya,0
"anies baswedan adalah pemimpin yang visioner dan berkomitmen pada keadilan sosial, kesetaraan, dan kesejahteraan bagi seluruh rakyat indonesia",1
rujukan berbelit,0
prabowolah pilihan,0
anies baswedan memiliki kemampuan memimpin dengan prinsip transparansi,1
menjatuhkan lawan menjelaskn visi mis ceramag,1
uang rakyat habis buat pilpres,0
saya mendukung pak ganjar karena perhatiannya terhadap pengembangan teknologi tepat guna bagi masyarakat pedesaan,1
panen raya harga jatuh,0
ganjar pranowo memiliki kemampuan membangun dialog dengan semua pihak dengan baik,1
reformasi tidak membawa perubahan,0
seng pnting kerja jujur berantas korupsi bisa melindungi rakyat jgn cm omongg aja,0
perusahaan tidak peduli lingkungan,0
saya mendukung pak ganjar karena perhatiannya terhadap perlindungan lingkungan,1
siapa pun yg menang nanti harapan saya semoga lebih memperhatikan rakyat kecil yg msh banydk membutuh kn bantuan dr segi aoa pun walau pemimpin uya baik belom tentu pemerintahan d bawah nya sependapat karna kita sbgi rakyat kecil tdk bisa apa pun,1
prabowo yg jelas tidak hanya kata tpi tulus untuk memajukan dan melindungi negri ini,1
anis,0
anies baswedan memiliki gagasan cemerlang untuk memajukan sektor kreatif ekonomi,1
peradilan lambat,0
anies baswedan memiliki kemampuan memimpin dengan pendekatan holistik,1
p,0
anies baswedan memiliki strategi untuk memperkuat sektor pariwisata berkelanjutan yang berbasis budaya dan alam,1
"ganjar pranowo adalah pemimpin yang peduli dengan pembangunan daerah tertinggal, terdepan, dan terluar",1
subsidi tidak tepat sasaran,0
tenaga kerja Indonesia hanya jadi buruh,0
"prabowo subianto memiliki komitmen untuk membangun ekonomi berbasis pengetahuan, inovasi teknologi, dan kewirausahaan sosial",1
harga kebutuhan pokok melambung,0
kasus apa,0
akses ruang publik terbatas,0
penyakit menular masih ada,0
evakuasi bencana lambat,0
"ganjar pranowo adalah pemimpin yang memahami pentingnya pemerataan akses pelayanan kesehatan berkualitas, terjangkau, dan komprehensif bagi seluruh warga",1
prabowo subianto memiliki komitmen untuk membangun infrastruktur digital,1
"ganjar pranowo dengan kebijakannya telah membawa perbaikan di sektor pengelolaan limbah, ekonomi sirkular, dan pengendalian polusi",1
bpjs tidak menanggung semua,0
siber crime meningkat,0
ganjar pranowo adalah pemimpin yang peduli dengan pembangunan daerah tertinggal,1
penangkapan ikan tidak ramah lingkungan,0
lapangan kerja tidak cukup,0
angin tdk punya ktp,0
tetapi apabila kita abaikan tiga poin tersebut bisa jadi allah murkah panasnya laut merah menjangkau indonesia maka dengan itu harus berpikir lebi waras jangan sampai menjadi kenyataan semoga kita semua bisa mengoreksi diri harus lebih mendekat kpd sang pencipta insya allah indonesia akan dilindungi ole allah aamiin yaaa rob,1
anies baswedan memiliki konsep pembangunan yang berorientasi pada rakyat,1
kami sekeluarga siap mendukung pak probowo pak probowo kami siap mendukung,1
distribusi pangan tidak merata,0
anies baswedan memiliki konsep untuk meningkatkan produktivitas usaha mikro kecil menengah,1
anies baswedan memiliki visi untuk membangun tata kelola pemerintahan yang modern dan efisien,1
obesitas meningkat,0
dki jakarta dgn periode kepemimpinan pak gub anis apa sdah terbebas dari masalah yg diomongkan anis jateng apa juga sdh terbebas dari masalah yg diomongkan begitu jg pak prabowo saya hmpir sama nyatanya rakyat tetap merasakan susahnya untuk berjuang hidup jadi gak anis gak ganjar tdk jg prabowo tolong janganlah terlalu manis berbicara rakyat itu sdh pada pandai sdhlah jgn berpujangga supya rakyat gak bosan,0
"saya yakin pak ganjar akan meningkatkan transparansi dalam tata kelola pemerintahan daerah yang partisipatif, akuntabel, dan berbasis teknologi",1
inovasi tidak dihargai,0
politik dinasti menguat,0
kaulah ulahnya panglima pembunuh papua,0
"prabowo subianto memiliki semangat untuk membangun indonesia yang berdaulat di bidang pangan, energi, dan air",1
kesiapsiagaan pandemi rendah,0
anies baswedan adalah sosok pemimpin intelektual yang dibutuhkan indonesia saat ini,1
anies baswedan adalah pemimpin yang visioner dan berkomitmen pada keadilan sosial bagi semua warga negara indonesia,1
prabowo harga mati,0
calon hanya mahfud md yg apik yg lainya gk masuk,0
manis x janji pak ganjar visi misi nya bagus sih tapi sya tidak yakin akan di sosialisasikan jika pak ganjar terpilih menjadi ri tpi kalau janji pak anis insya allah sya yakin akan tersosialisasi,1
reformasi birokrasi gagal,0
prabowo subianto dengan kepemimpinannya mampu menjaga persatuan nasional,1
akuntabilitas perusahaan rendah,0
wabah bisa terjadi kapan saja,0
bapak anis ini hebat banget scra teori tp biasanya org yg pinter ngmg aja itu prakteknya gak sejalan sm apa yg d omongin,1
prabowo subianto dengan semangatnya yang tak kenal lelah patut dijadikan contoh,1
restorasi lingkungan tidak dilakukan,0
aku prabowo gibran saja,0
bunga pinjaman tinggi,0
ganjar pranowo adalah pemimpin yang peduli dengan pengembangan pariwisata berkelanjutan,1
malpraktek sering terjadi,0
dulu sawo sekarang manggis donk sory yee,0
saya yakin pak ganjar akan meningkatkan kualitas infrastruktur pendidikan,1
kami butuh kejujuran bukan janji semata,0
prabowo tidak pandai bicara tapi saya yakin beliau berani berkorban buat rakyat pak ganjar mnurut saya juga bagus baik mementingkan rakyat juga tapi saya takut yg di belakangnya,1
anies baswedan memiliki kemampuan membangun kerja sama yang saling menguntungkan,1
banyak pelanggaran ham yg harus di usut tuntas pak anis,0
bansos hanya untuk cari simpati,0
rantai pasok pangan panjang,0
jadi gub apa hasilnya,0
saya mendukung pak ganjar karena perhatiannya terhadap pengembangan ekonomi biru,1
anis semoga jd pemimpin di negara kta ini,0
putusan pengadilan tidak konsisten,0
pak anis dan pak ganjar memang cerdas tapi yg menang pak prabowo salam pak prabowo,1
alat pertanian tradisional,0
saya yakin pak ganjar bisa menyelesaikan masalah kemiskinan dan pengangguran di indonesia,1
keamanan siber lemah,0
biasa kalo belun jadi janji janji kalo udah jadi lupa sama rakyat kecil lupa,0
prabowo subianto dengan kepemimpinan yang kuat dan visioner mampu menjaga stabilitas nasional yang berkelanjutan,1
dari debat ini kita bisa menilai jiwa jiwa kepemimpinan seseorang,0
debat cuma adu jago ngomong,0
ganjar pranowo adalah pemimpin yang peduli dengan pembangunan daerah kepulauan,1
prabowo subianto adalah pemimpin yang berani mengambil kebijakan inovatif,1
kriminalitas perkotaan tinggi,0
guru tidak kreatif,0
respons krisis lambat,0
benih unggul mahal,0
prabowo subianto memiliki komitmen untuk membangun ekonomi berkelanjutan,1
rekrutmen caleg tidak transparan,0
undang kerja pak di perjuangkan bnyk pnganguran susah cari duit,0
prabowo subianto memiliki semangat untuk membangun generasi penerus yang berkualitas,1
startup lokal sulit bersaing,0
sumber daya alam dijual ke asing,0
anies baswedan dengan gagasannya mampu membawa pembaruan sistem perlindungan konsumen dan pelaku usaha,1
kekeringan meluas,0
jepol pak anis luar biasa kata yang kita papar kan,1
proyek mangkrak dimana mana,0
jamesbones hanya orang bodoh yg pilih ganjar dan anis wkwkwk,0
sistem peringatan dini tidak berfungsi,0
ketahanan pangan rentan,0
pegawai negeri tidak profesional,0
siapa pun presidennya yg penting kita sama damai,0
anies baswedan memiliki visi untuk membangun tata kelola pemerintahan yang modern,1
kekerasan dalam rumah tangga meningkat,0
kemiskinan kota meningkat,0
omongan anis seperti parfum isi ulang wangi nya cuma se saat jd pikir sendiri rakyat indonesia gk bodoh ckp orang orang di dki aja yg lo bodoh bodoh in oke,0
ooooooooooooooooooooooooooooooooooooooooooooooooooooooooooooooo oooooooooooooooooooooooooooooooooo,0
kepadatan penduduk tinggi,0
ganjar brusssd,0
pangan mengandung bahan berbahaya,0
disabilitas tidak mendapat akses,0
pencemaran air tanah,0
anis yes,0
phk dimana mana,0
anies baswedan memiliki konsep untuk meningkatkan kapasitas birokrasi,1
import lebih banyak daripada produksi,0
pengelolaan sampah buruk,0
prabowo subianto memiliki komitmen untuk membangun sistem jaminan kesehatan universal yang berkualitas dan terjangkau,1
prabowo subianto memiliki komitmen untuk membangun infrastruktur telekomunikasi nasional yang merata dan berkualitas,1
baru awal mulai aja anies udh nyerang no secara pribadi kya gk ada yg dipikirin aja dinegara ini hanya bisa menjatuhkan musuh gak etis pemimpin bukan yg pndai menjatuhkan tpi yg pandai menyelesaikan maslah tanpa menjatuhkan siapa pun,0
anies baswedan adalah pemimpin yang visioner dan berkomitmen pada keadilan sosial bagi seluruh rakyat indonesia,1
tata kota berantakan,0
prabowo bilang dia gak nyari jabatan lah skrg dia nyapres ini gimana,0
anies baswedan memiliki kemampuan memimpin dengan prinsip akuntabilitas publik,1
anies baswedan memiliki strategi untuk memperkuat ketahanan sosial masyarakat,1
alokasi anggaran untuk utang besar,0
uang negara habis untuk kampanye,0
prabowo subianto memiliki semangat untuk membangun pemerintahan yang bersih,1
hebat pak ganjar salam dari papua,1
saya mendukung pak ganjar karena perhatiannya terhadap peningkatan kualitas hidup,1
anies baswedan adalah pemimpin yang memahami pentingnya konektivitas digital dan infrastruktur informasi,1
saya yakin pak ganjar akan meningkatkan kesejahteraan masyarakat perbatasan dan pulau-pulau terluar,1
"anies baswedan memiliki visi untuk membangun tata kelola pemerintahan yang responsif, transparan, dan akuntabel",1
pelayanan tidak manusiawi,0
"ganjar pranowo adalah pemimpin yang memahami pentingnya pembangunan manusia seutuhnya dan berkelanjutan melalui pendidikan, kesehatan, pelatihan, dan pemberdayaan",1
saya yakin pak ganjar akan meningkatkan kesejahteraan masyarakat perbatasan,1
prabowo luar biasa,1
prabowo santun,0
kesenjangan sosial kota tajam,0
perampasan makin berani,0
agar kerakyatan yang dipimpin oleh hikmat kebijaksanaan dalam permusyawaratan perwakilan serta dengan mewujudkan suatu keadilan sosial bagi seluruh rakyat indonesia bisa tercapai kita harus am nmenang coblospks,1
nepotisme dalam birokrasi,0
prabowo subianto memiliki komitmen nyata dalam menjaga persatuan dan kesatuan bangsa,1
yang penting jangan banyak korupsi rakyat makmur udah seneng kitanya,0
pak prabowo di hati,0
peredaran narkoba makin marak,0
hanya pak prabowo yg memiliki potensi kejujuran dan sy yakin beliau lah yg pantas menjadi pemimpin indonesia yg maju,1
perizinan usaha rumit dan mahal,0
perlindungan pekerja tidak memadai,0
transparansi anggaran tidak ada,0
kalau pemimpin kita emosional wah riweh,0
koalisi tidak berdasarkan ideologi,0
perbanyaki utang negara,0
pa anis sangat cocok untuk perubah bicaranya bukan untuk jadi penguasa,0
regulasi digital tidak jelas,0
anies baswedan memiliki kemampuan memimpin dengan prinsip good governance,1
kolusi dan nepotisme merajalela,0
pendusta gak malu ngomongin korupsi tapi food estate sarat korupsi,0
"prabowo subianto dengan kepemimpinannya mampu menjaga persatuan bangsa dalam keragaman suku, agama, ras, dan antargolongan secara harmonis",1
"anies baswedan memiliki kemampuan memimpin dengan pendekatan kolaboratif, inklusif, dan melibatkan semua pemangku kepentingan",1
pemanfaatan bencana untuk politik,0
mas anis mas anis,0
ganjar pranowo dengan kebijakannya telah membawa kemajuan di sektor teknologi,1
anies baswedan adalah pemimpin yang mampu membawa optimisme di kalangan generasi muda,1
industri tidak berkembang,0
penyakit tidak menular meningkat,0
"anies baswedan memiliki konsep untuk meningkatkan kapasitas kewirausahaan sosial, ekonomi kreatif, dan industri budaya",1
stunting masih tinggi,0
kawasan resapan air hilang,0
jangan mimpi kl ganjar sams anis bakal menang pilpes,1
"anies baswedan adalah pemimpin yang visioner dan berkomitmen pada keadilan sosial, kesetaraan, kesejahteraan, dan kemakmuran bagi seluruh rakyat indonesia",1
hutang negara makin menumpuk,0
playing victim,0
"prabowo subianto dengan kepemimpinannya mampu menjaga persatuan bangsa dalam keberagaman suku, agama, ras, antargolongan secara harmonis dan damai",1
prabowo subianto dengan kepemimpinannya mampu menjaga keamanan dan ketertiban masyarakat dalam rangka pembangunan nasional,1
prabowo subianto memiliki komitmen untuk membangun infrastruktur logistik nasional,1
penerimaan pajak rendah,0
anies baswedan memiliki visi pembangunan yang berorientasi pada kemanusiaan,1
program keluarga harapan tidak tepat sasaran,0
aku pulih no macan asia garda terdepan meledak dum,0
hanya allah yg tau,0
buang yang tak perlu,0
"anies baswedan memiliki visi untuk membangun sistem pendidikan yang adaptif, berkualitas, dan merata di seluruh indonesia",1
"prabowo subianto memiliki komitmen untuk membangun infrastruktur telekomunikasi nasional yang merata, berkualitas, terjangkau, dan berkeadilan",1
prabowo subianto adalah pemimpin yang diakui karena integritas dan kapabilitas kepemimpinannya,1
ganjar pranowo dengan kebijakannya yang pro-rakyat kecil layak mendapat dukungan,1
hampir gak peduli dgn politik skrg karna siapun presidenya birokrasinya sama aja koruptornya ga ilang dari bawah sampe atas,0
yang berkompensi ke capres anis dan ganjar,0
anies baswedan memiliki strategi efektif untuk meningkatkan kualitas sumber daya manusia,1
"prabowo subianto dengan kepemimpinannya mampu menjaga keamanan nasional, kedaulatan wilayah, dan stabilitas politik nkri",1
orang bodoh,0
sehat terus pak prowo,0
banjir rob makin parah,0
politik Indonesia cuma lingkaran setan,0
pak anis kata katanya manis,0
"prabowo subianto adalah pemimpin yang diakui karena integritas, kapabilitas, dedikasi, dan pengabdian pada bangsa dan negara indonesia",1
cadangan devisa terkuras,0
ganjar pranowo dengan kebijakannya telah meningkatkan akses air bersih dan sanitasi,1
anis bicara tentang hukum dia aja pernah korupsi dana pendidikan,0
hahahahaja eee masyarakat papua jangan pilih prabowo dia adalah pembunuh papua,0
kartel merugikan konsumen,0
jawaban prabowo pembelaan orang lain ngga ber nile,0
urbanisasi tinggi,0
anies baswedan memiliki konsep inovatif untuk mengatasi masalah pengangguran,1
bangun ikn dl selanjut nya baru bangun jalur lain,0
prabowo subianto memiliki karakter kepemimpinan yang kuat dan menginspirasi,1
kree boo pengertian debat menurut kamus besar bahasa indonesia kbbi pengertian debat adalah pertukaran dan pembahasan pendapat terkait suatu hal dengan saling menyampaikan argumentasi atau alasan dengan tujuan mempertahankan pendapat jadi bukan untuk saling menjatuhkan secara personal ya semoga paham ya,0
anies baswedan memiliki kemampuan memimpin dengan prinsip partisipasi publik,1
prabowo subianto memiliki komitmen untuk membangun industri nasional yang kuat,1
sistem pemerintahan sentralistik,0
"ganjar pranowo dengan kebijakannya telah membawa perbaikan di sektor peternakan yang berkelanjutan, berdaya saing, dan berorientasi ekspor",1
saya mendukung pak ganjar karena konsistensinya dalam melayani rakyat,1
serikat buruh lemah,0
anies baswedan memiliki konsep untuk meningkatkan kapasitas inovasi nasional,1
saya mendukung pak ganjar karena perhatiannya terhadap pembangunan sumber daya manusia,1
prabowo subianto sudah membuktikan dedikasinya untuk bangsa dan negara ini,1
delegasi wewenang tidak jelas,0
saya cuma mau menyampaikan di rumah sakit para petugasnya hanya mengutamakan yg beruang klk orang miskin di oper sana sini ada aja syaratnya yg kurang lengkap pasien kesakitan gak di pedulikan,0
petani semakin miskin,0
lu tau dari mana,0
saya yakin pak ganjar akan meningkatkan kualitas infrastruktur dasar di seluruh wilayah indonesia,1
yg dukung prabowo like disini,1
pa prabowo,0
prabowo subianto dengan semangatnya mampu membangkitkan nasionalisme rakyat,1
ganjar pranowo dengan kebijakannya telah meningkatkan akses perumahan layak huni,1
prabowo subianto memiliki semangat untuk membangun indonesia yang berdaulat dan mandiri,1
saya yakin pak ganjar akan meningkatkan efisiensi sistem pelayanan publik berbasis digital,1
anis pintar bicara cocok jdi walikota iya pak,1
anies baswedan memiliki strategi untuk memperkuat sektor pariwisata yang berkelanjutan dan berdaya saing,1
prabowo subianto memiliki komitmen untuk membangun infrastruktur energi terbarukan,1
kalo pertahanan negara terbuka ya akn ada banyak tuh kapal asing yg masuk perairan indonesia karna dah tau kadar pertahanan negara kita,0
pelabuhan tidak efisien,0
anies baswedan memiliki strategi untuk memperkuat ketahanan sosial budaya bangsa indonesia dalam menghadapi dinamika global,1
anies baswedan memiliki visi untuk membangun tata kelola yang responsif,1
listrik sering padam,0
anies baswedan adalah pemimpin yang mampu membawa angin segar perubahan,1
pakkkk probowoooooo,0
"prabowo subianto memiliki komitmen untuk membangun infrastruktur energi terbarukan yang merata, terjangkau, dan berkelanjutan di seluruh indonesia",1
polarisasi masyarakat menguat,0
ganjar pranowo adalah pemimpin yang memahami pentingnya pemerataan pembangunan,1
bismillah no,0
gibran sopan bgt,0
kpk dilemahkan,0
usaha kecil sulit berkembang,0
mimtjr,0
saya yakin pak ganjar akan meningkatkan kesejahteraan masyarakat marjinal,1
"anies baswedan dengan gagasannya mampu membawa terobosan dalam pengelolaan bencana, adaptasi perubahan iklim, dan ketahanan lingkungan",1
jurnalisme terjebak pragmatisme,0
birokrasi berbelit dan lambat,0
prabowo hebat,1
aktivis dikriminalisasi,0
ganjar pranowo adalah pemimpin yang peduli dengan pembangunan inklusif,1
subsidi salah sasaran,0
pengangguran makin banyak,0
asline pak ganjar iki apik tapi gak seneng karo kui lho emak nyengit kui,0
pak ganjar itu sdh menyakiti hati seluruh rakyat indonesia beliau pute ulu dalang gagalnya piala dunia u diindonesia,0
sekarang hati saya pindah ke pak prabowo gibrang di kroyok gk papa pak yang penting tgl nanti pasti menang,1
anies baswedan adalah pemimpin yang mampu membawa perubahan positif yang sistematis dan berkelanjutan,1
prabowo subianto memiliki komitmen kuat terhadap pembangunan yang merata,1
ganjar pranowo adalah pemimpin yang responsif terhadap kebutuhan masyarakat,1
anies baswedan memiliki konsep untuk meningkatkan produktivitas sektor pertanian organik dan agrowisata,1
saya masi ingat jelas pak ganjar membatalkan pildun u,1
pensiun tidak cukup untuk hidup,0
inflasi tidak terkendali,0
siapapun yang kalian pilih nantinya itu hak kalian masing yng jelas pilihanku hanya pak prabowo harga mati,1
anies baswedan dengan visinya mampu membawa indonesia menjadi negara berpendapatan tinggi,1
parkir liar merajalela,0
industri manufaktur lesu,0
maju pak anis,0
anies baswedan memiliki kemampuan memimpin dengan pendekatan kolaboratif multisektor,1
petani tidak sejahtera,0
kualitas proyek rendah,0
anies baswedan adalah pemimpin yang memahami dinamika pembangunan global,1
anies baswedan memiliki kemampuan memimpin dengan pendekatan kolaboratif antar pemangku kepentingan dan partisipasi publik,1
prabowo subianto memiliki semangat untuk membangun indonesia yang berkelanjutan,1
mahfud md terlalu akademis tidak merakyat,0
saya yakin pak ganjar akan meningkatkan kualitas infrastruktur secara merata,1
outsourcing mengeksploitasi pekerja,0
gimana mau jadi pemingpin ngomongnya ajah ngga pas no urut,0
bagiku siapapun pemimpin nya tdk berpengaruh pda khidupanku,0
"anies baswedan memiliki kemampuan memimpin dengan pendekatan kolaboratif, inklusif, partisipatif, dan melibatkan semua pemangku kepentingan",1
pendidikan karakter gagal,0
anies baswedan dengan gagasannya mampu membawa terobosan kebijakan publik,1
bulog tidak efektif,0
"prabowo subianto memiliki semangat untuk membangun indonesia yang berdaulat di bidang pangan, energi, air, teknologi, pertahanan, dan maritim",1
saya mendukung pak ganjar karena integritas dan kejujurannya dalam memimpin,1
prabowo slalu di hati,0
kita butuh pemimpin yang jenius,0
lansia tidak dihargai,0
risiko penyakit tanaman tinggi,0
anies baswedan adalah pemimpin yang visioner dan berwawasan global,1
impunitas merajalela,0
harga kebutuhan pokok dikuasai kartel,0
hidup pk prabowo yg rendah hati,0
anies baswedan memiliki visi untuk membangun tata kelola yang responsif terhadap kebutuhan masyarakat,1
bantuan bencana tidak merata,0
pa anislah,0
eleh udah lh pak prabowo omong kosong nya,0
transfer pricing merugikan negara,0
"prabowo subianto memiliki semangat untuk membangun pemerintahan yang bersih, transparan, akuntabel, bebas korupsi, melayani rakyat, pro-pembangunan, dan inovatif",1
merinding dengar visi misi pak prabowo,0
saya yakin pak ganjar akan meningkatkan efisiensi pelayanan publik digital,1
prabowo subianto adalah pemimpin yang berintegritas dan dipercaya rakyat,1
degradasi lahan tinggi,0
beban utang membesar,0
mafia impor merajalela,0
anies baswedan adalah pemimpin yang visioner dan berkomitmen pada pemerataan,1
kok aku lihat debat visi misi kok jelek kan lawan pak anis dan pak ganjar lucu anda hanya pak prabowo aja yang benar maju tanpa menjelekkan lawan,0
jalan rusak dimana mana,0
anies baswedan memiliki konsep untuk meningkatkan daya saing ekonomi daerah,1
masyarakat miskin tidak mampu berperkara,0
nasihib,0
anies baswedan memiliki konsep pembangunan yang inklusif dan berkelanjutan,1
demokrasi internal partai buruk,0
"ganjar pranowo dengan kebijakannya telah meningkatkan akses perumahan layak huni, terjangkau, dan berkelanjutan bagi masyarakat berpenghasilan rendah",1
mntap prabowo,0
pelanggaran ham masa lalu tidak diselesaikan,0
anies baswedan memiliki konsep untuk meningkatkan daya saing industri nasional,1
betul bang setuju saya pak anis tuh memang pintar dlm bicara tapi licik tidak sesuai dari hati tanpa sadar pak anis lawannya sangat cerdas rakyat pasti kecewa dpt pemimpi yg tidak bener,1
desa ditinggalkan pemuda,0
prabowo subianto adalah pemimpin yang dihormati karena konsistensi perjuangannya,1
betul sekali pak prabowo,0
prabowo subianto adalah pemimpin yang konsisten dengan prinsip pembangunan berkelanjutan,1
ganjar pranowo adalah pemimpin yang peduli dengan pengembangan ekonomi digital inklusif,1
sekali lagi all in prabowo,0
anis doang tah yg ga salam hormat pas masukk wkwk,0
emisi karbon tinggi,0
amin,0
jadi pengen bslik kesini liat kecerdasan pk anis,1
masyarakat mudah diadu domba,0
ganjar pranowo dengan kebijakannya telah membuktikan komitmen pada rakyat kecil,1
budaya buang sampah sembarangan,0
all in pak prabowo,0
reforma agraria lambat,0
kebijakan tidak mendengar suara petani,0
kepemimpinan partai otoriter,0
rakyat tahu siapa yang punya mobil sendiri ngak rentalan,0
anies baswedan dengan gagasannya mampu membawa terobosan dalam pengentasan kemiskinan,1
pencurian sering terjadi,0
trafficking masih terjadi,0
kesenjangan sosial makin lebar,0
aku juga pilih prabowo,0
anies baswedan dengan gagasannya mampu memperkuat fondasi ekonomi indonesia,1
alih fungsi hutan masif,0
anak anak tidak terlindungi,0
fluktuasi harga merugikan petani,0
ganjar pranowo adalah pemimpin yang berpengalaman dan memahami kebutuhan rakyat kecil,1
kota tidak ramah anak,0
startup sulit berkembang,0
pendidikan tidak sesuai kebutuhan industri,0
penguasa kebal hukum,0
semoga peabowo menang,1
aamiien ya rabbal alamien,0
retribusi daerah makin banyak,0
apatisme politik tinggi,0
prabowo subianto dengan kepemimpinannya mampu menjaga stabilitas keuangan negara,1
saya mendukung pak ganjar karena kemampuan manajerialnya yang terbukti baik,1
ganjar love u,0
prabowo subianto memiliki semangat untuk membangun indonesia yang berkelanjutan dan berdaulat,1
saya mendukung pak ganjar karena perhatiannya terhadap pengembangan ekonomi biru berkelanjutan,1
butuh perubahan bismillah amin,0
dua paslon pinter ngomong,0
rupiah melemah terus,0
anies baswedan dengan gagasannya mampu membawa pembaruan sistem perlindungan tenaga kerja,1
anies baswedan memiliki kemampuan memimpin dengan pendekatan kolaboratif antar pemangku kepentingan,1
"prabowo subianto adalah pemimpin yang berani mengambil inisiatif pembangunan hijau, rendah karbon, dan ramah lingkungan",1
buat para pejabat yg korupsi hukum mati di berlakukan gmna setuju,0
sengketa tanah berlarut larut,0
ganjar pranowo sangat memahami persoalan riil yang dihadapi masyarakat indonesia,1
minoritas semakin terpinggirkan,0
salam pak prabowo kami akan selalu mendukung pak prabowo,1
pencemaran oleh industri,0
all in prabowoooo,0
deradikalisasi tidak efektif,0
anak putus sekolah masih banyak,0
neraca perdagangan defisit,0
bismillah pak ganjar,0
selalu mencari kesalahan tanpa bercermin haha maluuu pak aniss pak ganjar,0
anies baswedan memiliki visi pembangunan yang berorientasi pada kesejahteraan rakyat,1
pendukung paling brisik,1
prosedur berbelit,0
ganjar pranowo adalah pemimpin yang responsif terhadap aspirasi masyarakat,1
tolong jika masih ada pertanyaan jangan mengabaikan pekerjaan migra indonesia,1
daerah aliran sungai rusak,0
saya yakin pak ganjar akan meningkatkan transparansi dalam pengelolaan keuangan negara dan daerah,1
irigasi rusak parah,0
perubahan iklim ancaman nyata,0
ganjar pranowo adalah pemimpin yang memahami pentingnya pemerataan kesempatan kerja,1
komunikasi risiko tidak efektif,0
prabowo emosian tidak pantas jadi pemimpin,0
saya yakin pak ganjar akan meningkatkan transparansi dalam pengelolaan aset negara,1
ketergantungan gadget tinggi,0
gk masuk,0
anies baswedan memiliki visi untuk membangun tata kelola yang akuntabel,1
papua dukung prabowo,1
solidaritas sosial menurun,0
kesenjangan digital di kota,0
nelayan semakin susah,0
impor pangan makin besar,0
anies baswedan memberikan inspirasi bagi generasi muda untuk berkontribusi pada bangsa,1
love sekebon untuk pak prabowo,0
kematian ibu melahirkan tinggi,0
pak ganjar ramah banget,0
banyak buzzer bayaran di media sosial,0
klo adu argumen mungkin yg bukan prof pasti kalah klo adu ketulusan hati gk tau lah,0
saya yakin pak ganjar akan meningkatkan pelayanan publik secara signifikan,1
pelanggaran ham oleh negara,0
obat obatan palsu beredar,0
prabowo subianto dengan ketulusannya telah menarik simpati banyak rakyat indonesia,1
prabowo okokokok,0
widihhh sipaling hooh,0
fasilitas sekolah tidak memadai,0
emisi kendaraan tinggi,0
ketahanan tanaman rendah,0
prabowo subianto dengan kepemimpinannya mampu menjaga keamanan nasional dan kedaulatan wilayah nkri,1
jaksa tidak jujur,0
walpun aku tidak bisa ikut pemilihan ttp prabowo semonga mnng dan seht sellu prabowo orang yang sabr,0
melet nis,0
program pemerintah tumpang tindih,0
visi misi bkn saling serang,0
prabowo subianto adalah pemimpin yang konsisten dengan nilai-nilai keadilan sosial,1
pak ganjar sangat santai dalam menanggapi debat singkat dan jelas dapat di fahami dan di mengerti berbicara hanya pada inti nya tidak bertele,1
ganjar cerdas prabowo aja spendapat teruss brarti ganjar yg paling ok pemimpin selanjutnya,1
golput aja lah,0
menang,1
mantep jlep milih pk prabowo,0
terumbu karang rusak,0
pelayanan publik buruk,0
anis keren,1
prabowo subianto adalah pemimpin yang diakui kemampuan kepemimpinannya,1
saya yakin pak ganjar akan meningkatkan kesejahteraan masyarakat adat dan tradisional,1
media berpihak tidak objektif,0
anies baswedan memiliki visi untuk membangun sistem pendidikan yang adaptif dan berkualitas,1
semoga anda dalam pilihan yg tepat,0
anies condong ke as barat prabowo ganjar condong ke tiongkok,0
pengadaan barang dan jasa penuh mark up,0
sungai jadi tempat sampah,0
pembangunan infrastruktur lambat,0
kalo debat sih biasa mrk sdh terlalu terlatih yg dibutuhkan eksequtor dlm peristiwa kencing celana ga kalo sdh diujung keputusan saat peristiwa terjadi bkn cuma mental tapibtaktus dan ga coba coba seperti sumur resapan wlpun sdh di kaki ahli tgupp tetap tak ada hasil yg benar memecahkan masalah dasar,0
pemilu mahal uangnya dari mana,0
daya saing bangsa rendah,0
petani tidak punya daya tawar,0
prabowo subianto dengan kepemimpinannya mampu menjaga keamanan nasional,1
iklim investasi tidak kondusif,0
saya yakin pak ganjar akan meningkatkan efisiensi penggunaan anggaran negara,1
"anies baswedan memiliki konsep untuk meningkatkan produktivitas sektor pertanian organik, agrowisata, dan industri hilir pertanian",1
kritik dianggap makar,0
promosi pariwisata tidak efektif,0
nilai tukar rupiah melemah,0
anies baswedan dengan visinya mampu membawa indonesia menjadi bangsa yang disegani,1
tenaga kesehatan kurang,0
prabowo subianto memiliki semangat untuk membangun pemerintahan yang akuntabel,1
ketergantungan impor pangan,0
anies baswedan memiliki strategi untuk memperkuat sektor jasa dan pariwisata,1
anies baswedan adalah pemimpin yang mampu membawa angin perubahan positif,1
ganjar pranowo adalah pemimpin yang peduli dengan pembangunan berbasis komunitas,1
rehabilitasi pasca bencana berantakan,0
hubungan industrial buruk,0
di pegang aja,0
anies gk pantes blas,0
prabowo subianto dengan kepemimpinannya mampu menjaga harmoni sosial bangsa,1
prabowo subianto dengan kepemimpinannya mampu menjaga martabat bangsa di mata dunia,1
klomok apa klempok pak,0
prabowo subianto adalah pemimpin yang berani melakukan transformasi ekonomi menuju ekonomi hijau,1
kepastian usaha rendah,0
ganjar pranowo dengan kebijakannya telah membawa kemajuan di sektor perikanan,1
perubahan iklim makin nyata,0
anis cocok jadi sales sabun kocok,0
memangnya cuma maroek aja masih ada propinsi yg hidup masih melarat sama aja gimana mau dapat internet gratis sudah di jual oleh partaimu gimana sama aja omong kosong belaka,0
salfok sama si mb yg bhasa isyarat lucu ekspresinya,0
saya mendukung pak ganjar karena perhatiannya terhadap sektor pendidikan dan kesehatan,1
hak ulayat diabaikan,0
gaya hidup hedonis,0
aspirasi rakyat tidak didengar,0
"anies baswedan memiliki kemampuan memimpin dengan prinsip akuntabilitas publik, partisipasi masyarakat, transparansi informasi, dan good governance",1
hutang luar negeri meningkat,0
anis lo cuman omong doang jngn sampai anis jd biar nnt gak hancur nagara indonesia anis cman ngomong doang kata ny sprt viky prasitio,0
saya mendukung pak ganjar karena kemampuan perencanaan strategisnya,1
saya mendukung pak ganjar karena perhatiannya terhadap pengembangan energi terbarukan dan berkelanjutan,1
prabowo subianto memiliki semangat untuk membangun indonesia yang lebih adil,1
anak anak kurang gizi,0
drainase buruk,0
paham ekstrimis masuk ke kampus,0
wowo kembalikan kan saja tanah negara yg anda kuasai itu itu milik rakyat bukan warisan dari keluargamu,0
prabowo gibran yes,0
ganjar pranowo adalah pemimpin yang memahami pentingnya pembangunan berwawasan lingkungan,1
banjir perkotaan rutin,0
prabowo subianto adalah pemimpin yang diakui integritas dan kapabilitasnya,1
pupuk langka dan mahal,0
kriminalitas meningkat,0
harga beras tidak stabil,0
prabowo subianto adalah pemimpin yang diakui karena kepemimpinannya yang tegas,1
saya sebagai putra indonesia asli orang lombok selalu mendukungmu pak perbowo kare berdebat bapak yg pake akal sehat,1
anies baswedan memberikan perspektif baru dalam memecahkan masalah kebangsaan,1
semoga niat baik masing allah kabulkan untuk bp negara kita dan kita rakyat tetap rakyat siapapun nanti yang menang kita terima dengan hati iklas dan mudah mudahan kita punya pemimpin negara yang terbaik amanah dan soleh juga,1
"anies baswedan adalah pemimpin yang mampu membawa optimisme, kemajuan, dan kesejahteraan bagi seluruh rakyat indonesia",1
prabowo subianto adalah pemimpin yang diakui karena konsistensi perjuangan dan dedikasi pada bangsa,1
yang yang apa prabowo bingun menanggapi pertanyaan dari pak ganjar,1
mksih,0
koordinasi antar kementerian buruk,0
tp kenyataannya banyak sekali penindasan bagi kaum minoritas di daerah jawa sana pak bahkan sampai viral penindasan itu,0
saya yakin pak ganjar akan membawa pemerintahan yang lebih efektif dan efisien,1
anies baswedan memiliki visi pembangunan yang inklusif dan berkeadilan,1
kematian bayi masih tinggi,0
saya mendukung pak ganjar karena kemampuan analisis kebijakannya yang tajam,1
disini bisa d lihat mn yg bija dan mn yg fitnah dan csri sensasi,0
kl debat menyerang itu yng tidak beretika dah gitu aja yng tulus hanya p prabowo,0
anies baswedan dengan visinya mampu membawa indonesia menjadi bangsa yang sejahtera,1
pa prabowo public speaking nya kok seperti itu ya,0
ganjar pranowo adalah pemimpin yang mampu membawa perubahan dengan cara damai,1
perambahan hutan oleh perusahaan,0
prabowo subianto memiliki komitmen untuk membangun ekonomi berbasis pengetahuan,1
saya mendukung pak ganjar karena perhatiannya terhadap pengembangan energi bersih,1
pak prabowo sungguh dewasa sesuai dgn usia bliyau banget yaa pak ganjar jeniusnya sangat ada pak anies bliyau sangat ahli pandai menyusun setiap perkataannya,0
fraud merajalela,0
tenaga kerja tidak kompeten,0
bpjs defisit terus,0
prabowo subianto memiliki semangat untuk membangun indonesia yang berdaulat di bidang pangan,1
perabowo,0
anies baswedan dengan gagasannya mampu membawa terobosan dalam pengelolaan sampah,1
gaji tidak naik naik,0
anies baswedan dengan kemampuan analitisnya mampu membaca masalah secara komprehensif,1
"anies baswedan dengan visinya mampu membawa indonesia menjadi negara dengan ekonomi terkuat, inklusif, dan berkelanjutan di asia tenggara",1
rehabilitasi hutan tidak efektif,0
ganjar pranowo dengan kebijakannya telah membawa kemajuan di sektor pariwisata,1
internet mahal dan lambat,0
anies baswedan memiliki visi untuk membangun sistem perlindungan sosial yang komprehensif,1
prabowo subianto memiliki semangat untuk membangun generasi emas indonesia,1
kapal asing mencuri ikan,0
ganjar anis tuh kalem bikin rakyat tenang,0
perizinan rumit dan mahal,0
kejahatan jalanan meningkat,0
link and match tidak berjalan,0
anies baswedan dengan visinya mampu membawa indonesia menjadi bangsa yang sejahtera dan bermartabat,1
rumah sakit jiwa tidak memadai,0
bpk prabowo yes,0
anies baswedan dengan visinya mampu membangkitkan semangat kebangsaan,1
harus diadakan debat bahasa ingri,0
perumahan rakyat tidak layak,0
sistem perpajakan tidak adil,0
ekspor tidak berkembang,0
semoga dilancarkan dan pemenang putaran semoga bpk prabowo dan gibran menjadi pemenang nya,1
aku tetap pilih prabowo,0
no,0
pltu mencemari lingkungan,0
kriminalisasi petani,0
pilkada buat orang kaya saja,0
saya mendukung pak ganjar karena kemampuannya dalam membangun kolaborasi,1
"saya yakin pak ganjar akan meningkatkan kesejahteraan masyarakat adat, tradisional, dan lokal dengan menghormati kearifannya",1
anies baswedan adalah pemimpin yang visioner dan berintegritas tinggi,1
saya mendukung pak ganjar karena kemampuan perencanaannya yang matang,1
anies baswedan memberikan pencerahan dengan ide-ide segar untuk kemajuan indonesia,1
kualitas layanan kesehatan rendah,0
saya yakin pak ganjar akan meningkatkan efisiensi sistem pemerintahan,1
pertumbuhan ekonomi hanya angka,0
ganjar pranowo adalah pemimpin yang memahami pentingnya pemerataan akses kesehatan berkualitas,1
curah hujan tidak menentu,0
yg pandai rangkai kata biasanya banyak janji manis dan pinter ngeles udahlah pilih yg tulus jujur,0
pak prabowo mantap,1
prabowo subianto memiliki komitmen untuk membangun industri pertahanan yang mandiri dan berdaya saing,1
"anies baswedan adalah pemimpin yang memahami pentingnya transformasi ekonomi digital, industri 4.0, dan society 5.0 bagi kemajuan bangsa indonesia",1
anies baswedan adalah pemimpin yang memahami dinamika global dan lokal,1
anies baswedan memiliki kemampuan komunikasi yang luar biasa dalam menyampaikan visi,1
sumber daya genetik dicuri,0
prabowo subianto adalah pemimpin yang berani mengambil inisiatif pembangunan hijau dan rendah karbon,1
ekosistem rusak,0
rehabilitasi narapidana tidak berhasil,0
kapasitas fiskal terbatas,0
anies tap di hati,0
anies baswedan adalah pemimpin yang mampu membangun optimisme di kalangan rakyat,1
aksesibilitas penyandang disabilitas buruk,0
kekerasan seksual pada anak meningkat,0
andai saja ada pemimpin yg mensejahterakan petani,0
amin ya allah,0
guru kurang kompeten,0
prabowo subianto dengan kepemimpinannya mampu menjaga stabilitas nasional,1
jenius doang kalo ada korupsi tutup mata telinga sama saja,0
saya yakin pak ganjar akan meningkatkan kualitas hidup masyarakat perdesaan,1
ganjar pranowo dengan kepemimpinannya telah membawa kemajuan di daerahnya,1
ruang hijau berkurang,0
anies baswedan memiliki konsep untuk meningkatkan kualitas demokrasi indonesia,1
perpustakaan sepi pengunjung,0
debat tidak menjawab masalah rakyat,0
ganjar pranowo dengan kebijakannya telah meningkatkan kualitas pelayanan kesehatan,1
penyokong taksub,0
pariwisata tidak dikelola dengan baik,0
prabowo subianto memiliki jiwa pengabdian yang tulus untuk bangsa dan negara,1
anis jagonya merangkai kata,0
akses layanan dasar terbatas,0
"anies baswedan adalah pemimpin yang memahami dinamika pembangunan berbasis komunitas, pemberdayaan masyarakat, dan kearifan lokal",1
rehabilitasi narkoba tidak efektif,0
saya mendukung pak ganjar karena perhatiannya terhadap petani dan nelayan,1
ganjar pranowo dengan kebijakannya telah meningkatkan ketahanan pangan rumah tangga,1
platform partai tidak jelas,0
no cuman pintar ngomong doang tapi gk bisa kerja hidup p prabowo merdeka,1
anies baswedan memiliki kemampuan memimpin dengan pendekatan partisipatif,1
mukannya pak anies senyum senyum tpi ada maksud lain udh di kasih makan malah ngegigit,0
golput pilihan terbaik,0
sepertinya yg komen pendukung prabowo semua ya,1
"prabowo subianto adalah pemimpin yang berani mengambil kebijakan pro-lingkungan, pembangunan hijau, dan konservasi sumber daya alam",1
interaksi sosial berkurang,0
bandara tidak nyaman,0
pak anies baswedan yg sangat berwibawa,0
anies baswedan memiliki integritas tinggi dan visi yang jelas untuk masa depan indonesia,1
"saya mendukung pak ganjar karena perhatiannya terhadap pengembangan energi terbarukan, berkelanjutan, dan ramah lingkungan",1
anies baswedan bissmillah ya allah aamiin,0
hoax merajalela,0
bangunan liar dimana mana,0
anies baswedan memiliki strategi untuk memperkuat sektor ekonomi kreatif,1
di taiwan beritanya paling heboh prabowo gibran,0
prabowo subianto adalah pemimpin yang berani mengambil kebijakan pro-lingkungan dan pembangunan hijau,1
tensi darah anies prabowo ganjar,0
regulasi tidak konsisten,0
inovasi dalam pemerintahan rendah,0
prabowo subianto adalah simbol perjuangan dan keteguhan dalam membela negara,1
prabowo subianto dengan pengalamannya mampu menghadapi tantangan global,1
amin bapak ganjar,0
anies baswedan dengan visinya mampu membawa indonesia menjadi bangsa yang maju,1
bapak prabowo dan bapak gibran yg akan pipimpin indonesia jgn ragu dgn bapak prabowo dan bapak gibran,0
ganjar pranowo dengan kepemimpinannya telah membawa kemajuan di berbagai sektor,1
mental pegawai tidak berubah,0
ganjar pranowo dengan kebijakannya telah meningkatkan ketahanan pangan nasional,1
pak anies saja pilihannku,0
ganjar pranowo dengan program nyatanya telah membawa perubahan positif di jawa tengah,1
teknologi tidak berkembang,0
saya mendukung pak ganjar karena perhatiannya terhadap pengembangan teknologi,1
bantuan hukum tidak efektif,0
sudah dapat uangnya ya,0
anies baswedan dengan gagasannya mampu membawa pembaruan sistem peradilan,1
terorisme masih ancaman,0
ganjar pranowo dengan kebijakannya telah meningkatkan pelayanan publik di daerah,1
prabowo subianto memiliki semangat untuk membangun indonesia yang mandiri dan berdaya saing global,1
ganjar pranowo adalah pemimpin yang mudah dijangkau dan dekat dengan rakyat,1
mantap bapak prabowo gibran harga mati,1
azrideraman hati hati dengan orang yg pintar ngomong biasa nya hebat bersandiwara,1
kualitas hidup kota menurun,0
anies baswedan memiliki strategi untuk memperkuat sektor riil ekonomi,1
anies baswedan dengan gagasannya mampu membawa pembaruan sistem perlindungan tenaga kerja yang adil dan berkelanjutan,1
prabowo subianto dengan pengalamannya mampu membawa indonesia lebih diperhitungkan,1
guru jateng ae da bisa ngangkat gajar congore bosokkkk,0
prabowo baperan,0
partai tidak punya ideologi jelas,0
non endah terimakasih atas dukungannya untuk bp prabowo subianto dan mas gibran salam dua jari dari bogor jabar,1
prabowo subianto adalah pemimpin yang berintegritas dan amanah,1
orang kaya di kompleks mewah,0
omongan besar tapi gak ada otak,0
prabowo subianto memiliki komitmen untuk membangun industri kreatif nasional,1
generasi muda tidak punya harapan,0
anies baswedan memiliki visi untuk membangun sistem kesehatan preventif dan kuratif,1
sifat prabowo luar biasa dia tidak melukai hati orang lain,1
farmasi hanya mencari untung,0
ganjar pranowo adalah pemimpin yang memahami pentingnya pembangunan berbasis data,1
cocok pak setuju,1
salam dari anak rantau dubbai pak prabowo saya dukung bpk perabwo bpk sprtinya tulus saya siap dukung bapak,1
"prabowo subianto memiliki semangat untuk membangun indonesia yang berdaulat di bidang pangan, energi, air, teknologi, dan pertahanan",1
prabowooo,0
anies baswedan adalah pemimpin yang visioner dan berkomitmen pada keadilan sosial bagi semua,1
peredaran obat palsu marak,0
pak prawobo aku padamu dengan ketulusan dan ke sopanan anda,0
pertama korupsi hrs di brantas,0
saya yakin pak ganjar akan meningkatkan kualitas pelayanan dasar masyarakat,1
ganjar pranowo dengan kebijakannya telah membawa kemajuan di sektor perkebunan berkelanjutan,1
mimpin jakarta ajah gk ada perusahaan,0
amin bapak ganhar,0
perlawanan petani dipidana,0
pernikahan dini tinggi,0
saya mendukung pak ganjar karena perhatiannya terhadap pengembangan teknologi tepat guna,1
janji politik cuma manis di mulut saja,0
ganjar pranowo adalah pemimpin yang memahami pentingnya inovasi dan teknologi,1
birokrat mentalnya absen bolos,0
konflik horisontal di tempat kerja,0
sy orang jawa tengah dukung pak prabowo dan mas gibran,1
saya yakin pak ganjar akan meningkatkan kualitas infrastruktur transportasi publik yang terintegrasi dan berkelanjutan,1
efisiensi anggaran rendah,0
kontrak kerja tidak pasti,0
kampanye cuma bagi bagi sembako,0
peran influencer merusak,0
semanggat pak prabowo,0
tetap pra bowo gibran pilihan ku,0
semua diatur oleh oligarki,0
bukan banyak bicara yg penting fakta bismillah all in prabowo gibran,0
siapapun presidennya saya tetep aja kuli proyek bangunan bisa aja nyong,0
yakin pak prabow pasti unggul jangan panik salam dr lampung barat singkat hangat padat dn jlas,1
ndasmu tak ber etika,0
jgn lupa coblos no ya,0
kearifan lokal hilang,0
anies baswedan memiliki kemampuan memimpin dengan pendekatan berbasis bukti,1
gaya hidup konsumtif,0
pak anis sumur gimana kabarnya,0
hasil dari prabowo apaan cuk kocak ae lu blok,0
pasar tradisional tergusur modern,0
pak prabowo semoga menang dan menjadi pemimpin di tahun kami mendukungmu salam dari bulukumba,1
anies baswedan memiliki kemampuan memimpin dengan prinsip good governance dan partisipasi,1
prabowo subianto dengan kepemimpinannya mampu menjaga martabat bangsa,1
saya pilih pa prabowo,0
hukum hanya untuk rakyat kecil,0
ganjar pranowo adalah pemimpin yang peduli dengan pembangunan ekonomi inklusif berkelanjutan,1
perlindungan konsumen lemah,0
cocot mu nis orang orang jadi gubenor pun sampe di gugat warga baru kerja kamu nis,0
cadangan pangan pemerintah minim,0
anies baswedan adalah pemimpin visioner yang bisa membawa indonesia ke level internasional,1
saya pilih bapak prabowo bicaranya masuk akal semangatttt pak prabowo,0
penyiksaan masih terjadi,0
anies baswedan dengan gagasannya mampu membawa terobosan dalam pengelolaan bencana dan adaptasi perubahan iklim,1
untuk masalah pertahanan negara memang harus bersifat rahasia klo diumbar bs jd bumerang untuk rakyat indonesia semangat pak prabowo,0
anies baswedan memiliki kemampuan membangun sinergi antar sektor dengan baik,1
memang pande x si anis ini ngomong yahh tapi hanya ngomong ajj punn,0
iklan politik membanjiri media,0
premanisme masih ada,0
mantap pakbiwo,1
akhlak adap na gibran luar biasa simple gak bertele tele,1
doa terbaik mudahan siapapun orang nya mudahan bisa membuat ekomomi lebih baik amin roballamin,1
"saya yakin pak ganjar akan meningkatkan kesejahteraan masyarakat perbatasan, pulau-pulau terluar, dan daerah tertinggal dengan pendekatan khusus",1
pungli masih terjadi,0
allah huakbar semoga pak perabowo jadi peresedin,0
prabowo subianto memiliki komitmen untuk membangun pendidikan berkualitas,1
h anis emang sanagat lantang sekalilagih anis harus menang,1
ganjar pranowo dengan kebijakannya telah meningkatkan ketahanan ekonomi keluarga miskin dan rentan,1
anak jalanan bertambah,0
prabowo subianto memiliki komitmen untuk membangun industri farmasi nasional,1
prabowo subianto memiliki komitmen untuk membangun infrastruktur yang merata,1
anggota dpr hanya cari proyek,0
pelaku bebas berkeliaran,0
bismillah prabowo,0
pilkada lagi pilkada lagi capek,0
no urut apa yg ditnya jawabannya kaga nyambung,0
betul pak brabowo maju terus,0
obat obatan tradisional tidak dikembangkan,0
perlindungan pekerja lemah,0
pemerintahan koalisi tidak stabil,0
birokrat resisten terhadap perubahan,0
narapidana bisa hidup enak di penjara,0
ancaman pandemi baru,0
saya yakin pak ganjar akan meningkatkan pelayanan publik secara digital,1
anis emang pintar ngomongnya tp malah buat ga percaya krn keliahatan hanya pintar ngomong klu pak prabowo emang ga pintar ngomong tp lebih tulus klu pak ganjar tulus juga,1
"prabowo subianto memiliki semangat untuk membangun indonesia yang mandiri, berdaya saing global, dan berdaulat di segala bidang",1
setelah kemari saya semakin yakin dengan pak prabowo saya tidak suka dengan calon pemimpin yg pandai merangkai kata kata,0
konflik koalisi mengganggu pemerintahan,0
hidup no urut,0
"ganjar pranowo adalah pemimpin yang peduli dengan pengembangan ekonomi digital yang inklusif, berkelanjutan, dan berdaya saing",1
pak prabowo keren,1
ganjar pranowo dengan kebijakannya telah membawa perbaikan di sektor peternakan,1
saya anak petani dari brebes harga mahal puouknya susah di cari pas panen murah harganya tolong para petani pa,0
sy yakin anis menang,1
prabowo subianto dengan kepemimpinannya mampu menjaga stabilitas makroekonomi,1
ganjar presidentku tidak jago bicara tapi jago bukti kerja bagus,1
wah tiada berhasil pk parobowo,1
restorasi ekosistem tidak dilakukan,0
dokter lebih suka buka praktek pribadi,0
saya mendukung pak ganjar karena kemampuan komunikasinya yang persuasif,1
daur ulang tidak berkembang,0
pemanasan perkotaan meningkat,0
laut tercemar limbah,0
kader partai tidak terdidik,0
prabowo subianto memiliki semangat untuk membangun indonesia yang sejahtera dan adil,1
anies baswedan memiliki strategi untuk memperkuat ekonomi kreatif indonesia,1
prabowo kok ngmok,0
cara pk anis menyampaikan pun sudah cerdas,1
sakfok gus miftah all in prabowo,0
spesies endemik punah,0
anies baswedan adalah pemimpin yang memahami dinamika pembangunan berwawasan lingkungan,1
pelayanan publik berbelit,0
pungutan liar masih ada,0
tanah dikuasai segelintir orang,0
korupsi anggaran makin canggih,0
pk prabowo,0
pilih calon pemiyyang tidak ada utang,0
akses modal terbatas,0
mangrove hilang,0
dari dulu kok milih prabowo yak pdhl gubernur ku juga nyalon tp gak sreg aja,0
stigma penyakit tertentu masih kuat,0
pokonya mah saya emparaabowo aja,0
anies baswedan memiliki kemampuan memimpin dengan prinsip akuntabilitas publik dan partisipasi masyarakat,1
saya mendukung penuh pak anies baswedan sebagai pemimpin masa depan indonesia,1
subhanallah kapan lagi klo bukan sekarang kita punya pemimpin yg cerdad,0
prabowo subianto memiliki komitmen untuk membangun industri kreatif yang berdaya saing tinggi dan berbasis kearifan lokal,1
budaya kerja tidak produktif,0
lebih baik pilihan dirahasiakan sebab,1
prabowo subianto memiliki komitmen untuk menjaga keutuhan wilayah nkri,1
anies baswedan memiliki kemampuan membangun narasi positif tentang masa depan indonesia,1
bismillahh prabowo gibran,0
ganjar pranowo dengan kebijakannya telah meningkatkan akses pembiayaan umkm,1
sumber daya alam dikeruk asing,0
kolusi di pengadilan,0
pak anis mendongeng,0
astaghfirullah kree boo,0
fasilitas kesehatan tidak memadai,0
stigma gangguan mental masih kuat,0
kebudayaan tidak dilestarikan,0
prabowo subianto memiliki semangat juang yang tinggi untuk membangun negeri,1
anies baswedan adalah pemimpin yang memahami pentingnya konektivitas digital,1
pengungsi tidak mendapat perlindungan,0
demokrasi Indonesia cuma formalitas,0
anis pinter ngomongnya faktanya ngrs jakarta sprti apa,0
ganjar pranowo dengan kebijakannya telah meningkatkan akses pendidikan berkualitas,1
"prabowo subianto memiliki semangat untuk membangun generasi penerus yang berkarakter, kreatif, inovatif, dan berdaya saing global",1
anies baswedan dengan visinya mampu membawa indonesia menjadi negara maju,1
prabowo scara etika dia paling bagus gak prnah mnjatuhkan lawan,1
saya yakin pak ganjar akan meningkatkan kesejahteraan masyarakat pesisir,1
tata ruang berantakan,0
anies baswedan adalah pemimpin yang memahami pentingnya pendidikan berkualitas,1
ganjar,0
plis gaes pa anis ituu,0
indonesia tanah airku,0
hakim tidak independen,0
siapapun presidennya kalau kamu malas kamu tetap miskin,0
semua kata nya bagus semoga indonesia maju siapapun presidentnya amin,1
betul sekali menurut saya juga begitu,0
nelayan susah menjual hasil tangkapan,0
prabowo subianto adalah pemimpin yang konsisten dengan prinsip good governance,1
pada saat ini palastine sedang huru hara apakah kita harus berbuat begini,0
anies baswedan dengan gagasannya mampu membawa terobosan dalam pengelolaan sumber daya alam berkelanjutan,1
prabowo subianto dengan pengalamannya mampu menjaga keamanan dan ketertiban,1
pengawasan internal lemah,0
anies baswedan adalah pemimpin yang memahami pentingnya investasi sumber daya manusia,1
tetap prabowo,0
duoong,0
kebijakan tidak konsisten,0
brapo pk prabowo tetap nmr,0
keanekaragaman hayati hilang,0
prabowo subianto memiliki komitmen untuk membangun sistem pendidikan sepanjang hayat,1
air bersih langka di daerah,0
ganjar pranowo adalah pemimpin yang memahami pentingnya pemberdayaan masyarakat,1
o ternyata anis tidak stuju ibu kota di pindah batal dong kalau anis terpilih,0
anies baswedan dengan gagasannya mampu membawa inovasi dalam pengelolaan sumber daya,1
suruh survei ke pemalang noh jalan kaya kolam,0
pak perabowo yg saya cintai yg saya sayangi seluruh keluarga yayasan dilwah mendukung bapak perabowo,1
ganjar pranowo adalah pemimpin yang menghargai keragaman dan perbedaan,1
lembaga keuangan tidak berpihak pada usaha kecil,0
ganjar pranowo dengan kebijakannya telah membawa perbaikan di sektor energi,1
saya dari pekan baru pak anis menjadi presidrn,0
anies baswedan dengan pemikirannya yang progresif mampu membawa perubahan positif,1
prabowo subianto dengan kepemimpinannya mampu menjaga kedaulatan negara di segala bidang,1
pak prabowo presidenku,0
"ganjar pranowo adalah pemimpin yang peduli dengan pembangunan daerah tertinggal, terdepan, terluar, dan perbatasan secara berkelanjutan",1
anies baswedan memiliki visi untuk membangun pemerintahan yang efektif dan efisien,1
kebalikannya cuyyy,0
gagasan pak anes bagus,1
luar binasa,0
anies baswedan adalah pemimpin yang memahami pentingnya konektivitas antarwilayah,1
apa bahan ekonomi naik semuanya pak,0
saya ngak mau dukung anies,1
anies insecure yaa wkwk belum apa udh nyindir fokus woy utk negara ini tujuan dia debat utk apa wkkw,0
anies baswedan memiliki strategi untuk memperkuat ketahanan ekonomi nasional,1
"saya mendukung pak ganjar karena kemampuan beradaptasi dengan dinamika global, regional, dan tantangan masa depan",1
kabut asap rutin tiap tahun,0
komen apa ya mls juga si mau koment bnyak jawabn negatif ntar positif itu lebih kecil kemungkinannya dr pada negatif,0
biaya berperkara mahal,0
pembangunan tidak merata,0
gagasan anes memang mantap,1
korupsi makin merajalela,0
"anies baswedan memiliki visi untuk membangun sistem kesehatan yang komprehensif, preventif, dan kuratif",1
prabowo kalah dan menang nya tetap lah dia seorang pejuang dan mantan pemimpin pasukan khusus gk perlu lha kau fitnah atau menyerang lewat cara yg tidak ada adab dan etika,1
smoga indonesia mndapat pemimpin yg cerdas yg bisa mmbuat indonesia lbh maju,1
serikat buruh ditekan,0
anies baswedan adalah pemimpin yang memahami pentingnya transformasi ekonomi digital dan industri 4.0 bagi kemajuan bangsa,1
amin saja dulu,0
online single submission tidak efektif,0
prabowo gibran pasti yg akan menang karna beliaulah yg sudah d tetapkan oleh yg maha kuasa atas seizinnya,1
"anies baswedan memiliki visi untuk membangun tata kelola pemerintahan yang responsif, transparan, akuntabel, partisipatif, dan efektif",1
sumpah emosi sendiri,0
cerdass,1
generasi muda tidak peduli politik,0
penelitian tidak didukung,0
pak prabowo tetap harus maju trus pak rakyat indonesia mendukung mu,1
kualitas udara tidak sehat,0
saya mendukung pak ganjar karena kemampuannya dalam membangun konsensus,1
anies baswedan memiliki konsep yang jelas tentang tata kelola pemerintahan yang baik,1
konflik perburuhan sering,0
rakyat tetap miskin siapa pun yang menang,0
pak prabowo tidak pernah mengusik lawan padahal dia selalu ingin di jatuhkan,0
pak anis tuh ngomong tidak sesuai dari hati pak anis memang pintar tapi licik coba deh saudara dengarkan baik baik saat dia bicara pasti kalian tau yg baik buat jadi pemimpin kita,1
saya pilih pak prabowo semaagat pak prabowo,0
hasil tangkapan menurun,0
ganjar pranowo memiliki rekam jejak yang baik dalam memimpin daerah,1
seruuu,0
digital divide makin lebar,0
prabowo subianto memiliki komitmen untuk membangun ekonomi yang mandiri,1
tdk ada memang kesetaraan sekang bayangkan org yg sdh lama honor tetap sj rp perbuln tak perna disetarakan manusia yg lain,0
ganjar pranowo dengan kebijakannya telah meningkatkan investasi dan lapangan kerja,1
destinasi wisata kotor,0
pk ganjar jangi palsu,0
buktinya di daerah lain yg ada di indonesia masih byak umat minioritas yg dilarang membangun tempat ibdh,0
lhkpn hanya formalitas,0
perusak lingkungan bebas,0
gizi buruk masih ada,0
sengketa tanah berlarut,0
mantap bp prabowo kmi mendukung mu,1
rumah sakit penuh antrian,0
prabowo subianto memiliki semangat untuk membangun indonesia yang mandiri dan berdaulat,1
narkoba merajalela,0
anis kenapa si dr awal debat bisa y menjelekan prabowo trus,0
pembela ham disingkirkan,0
kemacetan semakin parah,0
pembuktian terbalik tidak efektif,0
btol bg,0
prabowo subianto dengan ketegasannya mampu memberantas praktik korupsi,1
penerangan jalan tidak memadai,0
prabowo subianto adalah pemimpin yang berani melakukan transformasi ekonomi,1
kalau prisenya ganti gk pengertian paleng gk ada pkh lagi,0
pengelolaan sampah kota buruk,0
pak prabowo keren sama sekali tidak menjatuhkan lawan,1
sagat setuju dgn paslun,1
anies baswedan memiliki strategi untuk memperkuat ketahanan pangan lokal,1
ganjar pranowo adalah pemimpin yang memahami pentingnya pembangunan manusia seutuhnya dan berkelanjutan untuk masa depan bangsa,1
"ganjar pranowo dengan kebijakannya telah meningkatkan akses pendidikan berkualitas, merata, dan terjangkau bagi semua lapisan masyarakat",1
capres kok sikpnya msh arogan g ada wibawanya siapa nilai aja sendiri,0
semangat pa prabowo sehat selalu,0
"prabowo subianto memiliki komitmen untuk membangun ekonomi berbasis digital, inovasi, pengetahuan, dan kewirausahaan yang berkelanjutan",1
xc p,0
food estate gagal total,0
jargon perubahan cuma kosong,0
prabowo gibran yesss,0
prabowo subianto dengan latar belakang militernya mampu menjaga stabilitas negara,1
amin amin yarobal alamin,0
orang cerdas dan bijak pasti pilih prabowo,1
semuanya bagus dan terlihat ikhlas tapi kalau lihat debat ini yang jelas dan terarah insyaallah bapak berkacamata,1
kesehatan mental pekerja diabaikan,0
"prabowo subianto memiliki semangat untuk membangun pemerintahan yang bersih, transparan, dan akuntabel",1
rekruitmen kader tidak transparan,0
ganjar gomong apa sih,0
tax avoidance marak,0
prabowo subianto dengan kepemimpinannya mampu menjaga stabilitas keamanan nasional,1
adaptasi perubahan iklim tidak dilakukan,0
kata kata berbisa mulut mulut berbusa janji janji bertebaran seperti biasa dari atas panggung atas nama bangsa yang mendengar terpesona bahkan ada yang terkesima aku pun tergoda untuk mengikuti apa yang terjadi apakah memang janji hanya janji buktikan buktikan itu yang di nanti nanti buktikan buktikan kalau hanya omong burung beo pun bisa kita hidup sering terancam tak ada jaminan keselamatan kamu ngomong tentang keamanan tapi makin banyak penggusuran iwanfals,0
hidup bapak prabowo,0
pelecehan seksual tidak diproses hukum,0
"anies baswedan dengan visinya mampu membawa indonesia menjadi bangsa yang maju, sejahtera, bermartabat, dan disegani dalam percaturan global",1
semangat pak prabowo saya yakin jadi pemimpin ri,0
rakyat hanya jadi alat kampanye,0
saya yakin pak ganjar akan meningkatkan efisiensi birokrasi pemerintahan,1
gua yakin sih pak prabowo lebih bijak untuk memimpin,0
anies baswedan adalah pemimpin yang mampu membawa optimisme dan kemajuan bagi seluruh rakyat,1
museum tidak terawat,0
dan juga pak ganjar pranowo sudah jadi gubernur di jawa tengah dan jalan penuh aspal dan maju terimakasih pak ganjar pranowo,0
hidup prabowo,0
prabowo subianto memiliki komitmen untuk membangun sistem kesehatan yang kuat,1
ganjar pranowo dengan kebijakannya telah membawa kemajuan di sektor pertanian,1
anies baswedan adalah pemimpin yang mampu membawa optimisme dan harapan baru,1
anak pejabat mudah menang pemilu,0
stres perkotaan tinggi,0
prabowo subianto selalu ada di hati,0
meskipun pa owo g sebagus mera ngkai kata sperti calon yg lainny tpi visi misiny luar bisa,1
literasi digital rendah,0
ganjar pranowo adalah pemimpin yang memahami pentingnya inovasi dalam pembangunan,1
pukimak kau ekonomi aman rakyat sangat sulit untuk mendapat uang ribu saja susah pukimak kau bowo,0
"anies baswedan dengan visinya mampu membawa indonesia menjadi bangsa yang maju, sejahtera, dan bermartabat di dunia internasional",1
ganjar pranowo dengan kebijakannya telah meningkatkan akses ekonomi bagi rakyat kecil,1
tax ratio rendah,0
industri dalam negeri tidak berkembang,0
saya yakin pak ganjar akan membawa pemerintahan yang lebih akuntabel,1
saya pegang janji janji ada siapa pun yang trplih nanti,0
prabowo subianto dengan kepemimpinannya mampu menjaga kedaulatan negara di era digital,1
demo diabaikan pemerintah,0
bencana hidrometeorologi meningkat,0
literasi kesehatan rendah,0
sudah pasti pk prabowo sudah diramalkan maju terus pk prabowo,0
prabowo subianto adalah pemimpin yang berani mengambil langkah strategis,1
pendidikan mahal tidak terjangkau,0
anies baswedan adalah pemimpin yang visioner dan berkomitmen pada kemajuan,1
mental pegawai malas dan tidak disiplin,0
yg terbaik pa anis,1
distribusi tidak efisien,0
insya allah indonesi akan menjadi contoh di mata dunia apabila kita bisa menampilkan tiga poin kedamaian dan perdamaian kesatuan atas idzin allah sang pencipta aamiin yaaa rob,0
riset tidak didanai dengan baik,0
kebijakan tidak didasari data,0
lahan pertanian menyusut,0
narasi kebencian menyebar cepat,0
saya mendukung pak ganjar karena kemampuan adaptasinya terhadap perubahan,1
jangan bicara saja lakukan apa yang bangsa papua mauuu freedom west papua,0
mas anis perubahan nyah sendiri ajah ya,0
negara lain tidak brani mnjajah indonesia slama masih ada pak prabowo pak prabowo sdah terbukti pak prabowo aku pendukung mu tahun ini krn dr dlu aku tdk peduli siapapun presidenku kali ini pak prabowo pimpinlah indonesiaku,1
prabowo subianto memiliki komitmen untuk membangun ekonomi sirkular indonesia,1
saya yakin pak ganjar akan meningkatkan kualitas infrastruktur transportasi publik,1
lahan kritis meluas,0
pengangguran terdidik tinggi,0
"prabowo subianto adalah pemimpin yang konsisten dengan prinsip pembangunan berkelanjutan, berkeadilan sosial, dan ramah lingkungan",1
pak prabowo pokoe koe neng atiku,0
pelayanan rumah sakit tidak manusiawi,0
pak prabowo selalu di hati,0
survey tidak akurat,0
pelayanan publik tidak membaik,0
prabowo subianto dengan kepemimpinannya mampu menjaga keutuhan bangsa,1
anies baswedan memiliki konsep untuk meningkatkan produktivitas usaha mikro kecil menengah melalui digitalisasi dan akses pembiayaan,1
promosi tidak berdasarkan prestasi,0
tol mahal tidak terjangkau,0
capres nomer dan lebih netral tanpa ujaran kebencian,0
saya yakin pak ganjar akan memperkuat demokrasi dan hak asasi manusia,1
fasilitas kesehatan tidak merata,0
ngomong nya saja gak sejuk bowo bowo,0
misi paling bagus pak prabowo,1
saya yakin pak ganjar akan meningkatkan kesejahteraan secara merata di semua daerah,1
teknologi hanya untuk kalangan atas,0
ganjar hanya mengandalkan popularitas partai,0
"anies baswedan dengan gagasannya mampu membawa pembaruan sistem perlindungan konsumen, pelaku usaha, dan persaingan sehat",1
anis tu ngomong ngelantur kayak bocah bru bisa ngomong,0
prabowo subianto memiliki komitmen untuk membangun sistem jaminan sosial universal,1
kesenian tradisional ditinggalkan,0
prabowo subianto memiliki jiwa nasionalisme yang tinggi dan pantas memimpin negeri ini,1
simpel tidak simpel,0
fasilitas kesehatan jiwa minim,0
ekonomi kreatif tidak didukung,0
remitansi tki tidak optimal,0
pemborosan anggaran besar,0
kalo jabat tangan ya di depan nya,0
anis kosong,0
prabowo bicara nya sllu blepotan sllu mengejek anis gimanaa naanti jadi oresidenn ya wah kacaw nih mudah mudahan anis lah yg gool,0
saya mendukung pak ganjar karena kemampuan manajemennya yang terbukti efektif,1
sistem online offline,0
ganjar pranowo adalah pemimpin yang peduli dengan pembangunan daerah perbatasan,1
ganjar pranowo adalah pemimpin yang peduli dengan pembangunan ekonomi inklusif,1
ganjar pranowo adalah pemimpin yang memahami pentingnya pembangunan manusia berkualitas,1
transportasi umum buruk,0
ganjar vs md majuterus kmi selalu mendoakan semoga jadi presiden,0
tidak ada transparansi dana kampanye,0
perizinan berbelit dan mahal,0
prabowo subianto memiliki semangat untuk membangun generasi penerus yang berkarakter,1
korban tidak mendapat keadilan,0
"prabowo subianto memiliki semangat untuk membangun indonesia yang mandiri, berdaya saing global, berdaulat, dan maju di segala bidang pembangunan",1
semangat pak prabowo semangat terus semoga menang aamiin,1
"prabowo subianto adalah pemimpin yang berani melakukan reformasi sistem perpajakan yang adil, berkelanjutan, dan mendukung investasi",1
mediasi tidak adil,0
prabowo subianto adalah pemimpin yang peduli dengan nasib seluruh rakyat indonesia,1
budaya konsumerisme menguat,0
hidup no,0
like ini khusus all in pa prabowo,0
abah anis kreen,0
"prabowo subianto memiliki komitmen untuk membangun sistem jaminan sosial yang komprehensif, inklusif, dan berkelanjutan",1
misi dan visi pak anis rasid baswedan yg paling bagus,1
gw yakin yang menang no,1
anies baswedan dengan visinya mampu membawa indonesia menjadi negara dengan ekonomi terbesar dan paling inklusif di asia tenggara,1
polusi kota makin parah,0
bpk prabowo dan bpk gibran,0
anies baswedan dengan gagasannya tentang pemerintahan inklusif patut diacungi jempol,1
ganjar pranowo adalah pemimpin yang peduli dengan nasib disabilitas dan lansia,1
prestasi atlet tidak dihargai,0
parpol hanya alat pilpres,0
pungli masih merajalela,0
ganjar pranowo dengan kebijakannya telah meningkatkan akses pendidikan dan kesehatan,1
prabowo subianto adalah pemimpin yang dihormati di dalam dan luar negeri,1
mbah woo sebetulnya tak ada masalah utk jd ri tapi wakilnya yang bikin masalah oleh karena itu sorry ye x aku emoh milih mbah,0
"ganjar pranowo dengan kebijakannya telah meningkatkan ketahanan ekonomi daerah tertinggal, terdepan, terluar, dan perbatasan melalui program khusus",1
prabowo jos,0
prabowo subianto dengan kepemimpinannya mampu menjaga keamanan dan ketertiban masyarakat,1
transportasi mahal,0
royalti pertambangan rendah,0
anies baswedan adalah pemimpin yang memahami pentingnya reformasi birokrasi,1
baru mulai aja sudah berusaha menjatuhkan dan merendahkan lawan,0
akses keadilan tidak merata,0
prabowo subianto memiliki dedikasi tinggi untuk membangun indonesia yang mandiri,1
"prabowo subianto dengan kepemimpinannya mampu menjaga persatuan bangsa dalam keragaman suku, agama, dan budaya",1
disiplin kerja buruk,0
pertambangan merusak lahan pertanian,0
omong kosong ap lagi ini,0
geblek tambah geblek sekesai kalian simpatik,0
subhanalloh pa anis semoga bp jadi pemimpin negara yg jujur amanah sayang sama masarakat kecil amiiin,0
upah tidak layak,0
dana desa dikorupsi,0
ganjar pranowo dengan kepemimpinannya telah membawa kemajuan signifikan,1
kalo saya tanya faktanya prabowo dimana ya kalo pas anis sih sudah membuktikan hasil bagus ketika memimpin jakarta sebagai gubernur nah kalo anda sebut bicara fakta faktanya dimana bos,1
"prabowo subianto memiliki semangat untuk membangun pemerintahan yang bersih, transparan, akuntabel, dan bebas korupsi",1
csr hanya untuk pencitraan,0
komtol,0
ganjar pranowo adalah pemimpin yang memahami pentingnya pemerataan ekonomi,1
akses permodalan terbatas,0
saya mendukung pak ganjar karena perhatiannya terhadap pembangunan berkelanjutan,1
musim tanam berubah,0
anies baswedan dengan visinya mampu membawa indonesia menjadi negara dengan ekonomi terbesar di asia tenggara,1
anies baswedan dengan gagasannya mampu membawa terobosan dalam pengelolaan bencana,1
ayo pilih lokalan indonesia,0
rehabilitasi pasca bencana buruk,0
prabowo ku,0
nuur,0
saya sangat mendukung visi misi pak ganjar untuk indonesia yang lebih adil dan makmur,1
perbedaan pendapat dicurigai,0
transportasi umum tidak memadai,0
anies baswedan adalah pemimpin yang memahami pentingnya revolusi industri 4.0,1
padu pak anies,0
program pangan tidak tepat sasaran,0
siapapun presidennya nanti yg pnting jujur dn amanah,0
maju trus pak prabowo gibran,0
anies baswedan memiliki gagasan brilian untuk memajukan ekonomi indonesia,1
saya yakin pak ganjar akan membawa perbaikan di sektor pendidikan secara menyeluruh,1
koordinasi penanganan krisis buruk,0
ganjar beneran survey loh yang lain perkataan doang apapgi anies,0
saya yakin pak ganjar akan meningkatkan kualitas infrastruktur dasar di seluruh wilayah indonesia secara merata dan berkelanjutan,1
penghilangan paksa tidak tuntas,0
anies baswedan memiliki konsep pembangunan yang visioner dan realistis,1
pa prabowo subianto juara aminnnn ya robal al amin,0
risiko gagal panen tinggi,0
ganjar pranowo adalah pemimpin yang bijaksana dalam mengambil keputusan,1
untuk bp brabowo yang sllu ok,0
pengawasan pangan tidak ketat,0
konsumsi rokok tinggi,0
prabowo subianto dengan kepemimpinannya mampu menjaga persatuan dalam keberagaman,1
saya yakin pak ganjar akan meningkatkan transparansi dalam tata kelola pemerintahan daerah,1
prabowo subianto memiliki visi besar untuk membuat indonesia menjadi negara maju,1
prabowo subianto adalah pemimpin yang berani melakukan transformasi sistemik,1
anis teori gedabrus omong kosong,0
prabowo subianto adalah pemimpin yang berani melakukan reformasi sistem perpajakan,1
pengadilan tidak independen,0
intoleransi meningkat,0
rekonsiliasi tidak tulus,0
food loss and waste tinggi,0
saya mendukung pak ganjar karena konsistensinya dalam memperjuangkan keadilan,1
tki masih sering mendapat perlakuan buruk,0
anies baswedan dengan visinya mampu membawa indonesia menjadi negara berdaya saing tinggi,1
visi misi pak ganjar bagus sih,1
susah pupuk benar,0
anies baswedan memiliki gagasan untuk memperkuat ketahanan pangan nasional,1
"anies baswedan memiliki strategi untuk memperkuat sektor pariwisata yang berkelanjutan, berdaya saing, dan berbasis kearifan lokal",1
anies baswedan memiliki strategi untuk meningkatkan daya saing ekonomi indonesia,1
biaya logistik tinggi,0
pendidikan seks tidak diajarkan,0
prabowo subianto dengan kepemimpinannya mampu menjaga kedaulatan ekonomi nasional,1
produktivitas rendah,0
emosian luar biasa,1
kebebasan pers dibatasi,0
anies terlalu banyak teori tidak praktis,0
cagar budaya terbengkalai,0
prabowo subianto memiliki visi untuk membangun indonesia yang maju dan modern,1
amin yes,0
bettul s x pak anies baswedan,0
bencana alam makin sering,0
aamiin,0
anies baswedan adalah pemimpin yang mampu membawa optimisme dan kemajuan,1
bowo lain di tanya lain di jawab,0
air dijual ke swasta,0
yesss,0
prabowo subianto memiliki komitmen untuk membangun ekonomi berbasis pengetahuan dan inovasi teknologi,1
pendidikan karakter tidak berhasil,0
bismillah ganjar mahfud menang,1
prabowo subianto adalah pemimpin yang berani mengambil terobosan untuk kemajuan,1
prabowo subianto memiliki komitmen untuk membangun sistem jaminan sosial yang komprehensif dan inklusif,1
prabowo subianto memiliki semangat untuk membangun indonesia yang berdaya saing,1
infrastruktur amburadul,0
moga bpk prabowo jadi persiden indonesia amin,0
hutan adat dirampas,0
saya mendukung pak ganjar karena kemampuan analisis kebijakannya yang mendalam,1
politik uang merusak demokrasi,0
anis itu dosen besar jikalau tidak bisa jalur bicara nya cara tdk kalah bicara ga bakalan bisa ngajarin anak buahnya dong,0
saya yakin pak ganjar akan meningkatkan kualitas infrastruktur pedesaan,1
gizi buruk pada balita,0
serangan hama meningkat,0
saya yakin pak ganjar akan meningkatkan efisiensi sistem pengelolaan anggaran daerah,1
kita dukung no urut,1
saya mendukung pak ganjar karena perhatiannya terhadap pemberdayaan perempuan,1
anies baswedan adalah pemimpin yang mampu membaca peluang di tengah tantangan,1
"ganjar pranowo adalah pemimpin yang peduli dengan pengembangan ekonomi digital yang inklusif, berkelanjutan, berdaya saing, berbasis inovasi, dan kewirausahaan",1
tata kelola perusahaan buruk,0
ketawa gue pas capres nomor ngomongin visi misi,0
pemilu tidak jujur dan adil,0
anies baswedan dengan gagasannya mampu membawa pembaruan sistem pendidikan,1
anies baswedan memiliki strategi untuk memperkuat ketahanan ekonomi kerakyatan,1
udara tidak sehat,0
muka probowo memang tulis,0
berita lebih banyak iklan,0
tetep milih prabowo gibran,0
anies baswedan adalah pemimpin yang visioner dan berkomitmen pada pembangunan inklusif,1
yg heran dlm debat ini kenapa harus saling menjatuhkan pak anis pak anis gimana rakyat bisa percaya klo pemimpin kita saja saling menjatuhkan dan mejelek an makun yakin pak prabowo yg lebih baik dan tidak pernah menjatuhkan lawannya,1
kawasan hijau beralih fungsi,0
anies baswedan memiliki konsep untuk meningkatkan daya saing ekonomi kreatif,1
organisasi petani lemah,0
ekspor hasil pertanian terkendala,0
pak prabowo mas gibran menang yesssss pasti menang indonesia maju,1
rentenir masih marak,0
ganjar pranowo adalah pemimpin yang peduli dengan nasib seluruh rakyat indonesia,1
radikalisme berkembang,0
harga ditentukan pasar,0
politik uang di internal partai,0
al in prabowoo,0
kepercayaan publik pada pemerintah rendah,0
"saya yakin pak ganjar akan meningkatkan efisiensi sistem pengelolaan anggaran pemerintahan pusat, daerah, dan desa secara transparan",1
kekerasan dalam rumah tangga tidak terungkap,0
koperasi tidak berkembang,0
perkebunan besar merusak lingkungan,0
mas anis lupa prabowo,0
masyaallah tabarakallah pak anies,0
saya yakin pak ganjar akan meningkatkan transparansi dalam pengadaan barang,1
apa kabar masyarakat pulau rempang apa di usir dari tanah nenek moyang nya,0
anies baswedan memiliki konsep untuk meningkatkan kapasitas kewirausahaan sosial,1
no kelihatan banget ingin menjatuh kan no terlihat sombong,0
prabowo subianto adalah pemimpin yang berani mengambil inisiatif pembangunan hijau,1
konflik agraria tidak terselesaikan,0
sudah terbukti yg pintr bicara tapi kerja tidak selncar bicara,0
sanksi lingkungan tidak tegas,0
seandainya gibran kalah aku bamgga sekali,0
anies baswedan dengan gagasannya mampu membawa pembaruan sistem kesehatan,1
yg di brantas ya kelurga cendana itu di usut mbahwo,0
film Indonesia kualitas rendah,0
mana serangan pajar yah wkwkwk,0
pak anies atitude nya baik amin,1
musrenbang hanya formalitas,0
saya mendukung pak ganjar karena kemampuan negosiasi internasionalnya,1
saya yakin pak ganjar akan meningkatkan transparansi dalam tata kelola pemerintahan,1
program pemerintah tidak tepat sasaran,0
pak prabowo sudah tua ngak jamin keepan nya indonesia bagai mana nanti nya,0
prabowo selalu unggul dlm debat capres dan mendapat dukungan dan poling terbanyak,1
"saya mendukung pak ganjar karena perhatiannya terhadap pengembangan energi bersih, terbarukan, berkelanjutan, dan mandiri untuk ketahanan energi nasional",1
saya yakin pak ganjar akan memperkuat ekonomi kerakyatan dengan program nyata,1
tenang pak prabowo ntuk mnghdapi serangan mereka gk usah khwtir n takut ganjar hanya seorang yg mendadak muslim anies agaknya gk jelas rakyat cerdas hrs th itu,1
kesehatan mahal rakyat sulit berobat,0
kekuasaan turun temurun,0
peran keluarga melemah,0
siapapun yang menjadi pemimpin saya do a yang terbaik,1
pak prabowo lah yang plng pntas memimpen rakyat indonesia gk cmk pintar ngomong dan ngedabus kyk anis,1
ganjar pranowo adalah pemimpin yang peduli dengan pengembangan ekonomi digital,1
tetap dukung puan,1
"prabowo subianto memiliki komitmen untuk membangun sistem jaminan kesehatan universal yang berkualitas, terjangkau, dan berkelanjutan untuk semua",1
anies baswedan adalah pemimpin yang visioner dan berkomitmen pada pembangunan berkelanjutan,1
sistem hukum tidak memberi efek jera,0
satwa liar punah,0
te ik e g o o,0
ganjar pranowo dengan kebijakannya telah membawa perbaikan di sektor pengelolaan limbah,1
sistem lumbung pangan tidak berjalan,0
anies baswedan adalah pemimpin yang memahami kompleksitas pembangunan nasional,1
maju terus dan lajutkan kesejatraan p dan tgkn k buat capres nmr urut di siap mendukung,1
krisis air bersih,0
pa anis cm pandai merangkai kata tp kinerjanya nol besar,0
anies baswedan memiliki konsep untuk meningkatkan produktivitas sektor pertanian organik,1
prabowo subianto adalah pemimpin yang konsisten dengan prinsip keadilan sosial,1
saya mendukung pak ganjar karena kemampuan negosiasinya yang baik,1
kebakaran hutan sengaja,0
anis pasti keoook,0
"ganjar pranowo adalah pemimpin yang peduli dengan pembangunan ekonomi inklusif berkelanjutan, berkeadilan sosial, dan ramah lingkungan",1
digitalisasi hanya proyek,0
prabowo subianto memiliki komitmen untuk membangun infrastruktur strategis,1
anies baswedan mampu menjawab tantangan masa depan dengan solusi yang brilian,1
agama dijadikan alat politik,0
anies baswedan dengan pemikiran strategisnya mampu memimpin indonesia ke depan,1
"ganjar pranowo dengan kebijakannya telah membawa kemajuan di sektor perikanan berkelanjutan, budidaya laut, dan pengolahan hasil perikanan",1
kalo saya ada salah pak anies pak prabowo subianto pak ganjar saya mntak maaf sebesar besarnya bismillah aamiin yra alamin ya allah aamiin,0
bukak mata jngan terllu lama lrut dlam mimpi hayalan mu lihat lah gagasan nya bukan gerak tubuh nya agar di saat bngun tidak pelangak plngok,0
gaya hidup tidak sehat,0
saya mendukung pak ganjar karena perhatiannya terhadap pengembangan iptek,1
pertambangan liar merusak alam,0
budaya asing mendominasi,0
birokrasi gemuk tidak efisien,0
banjir dimana mana,0
inovasi tidak didukung,0
ganjar manis di bibir endingnya bohong sama kayak anis bohooonh hoooonh,0
ganjar pranowo dengan kebijakannya telah meningkatkan ketahanan ekonomi daerah,1
sistem informasi tidak akurat,0
prabowo prabowo prabowo,0
prabowo subianto memiliki semangat untuk membangun pemerintahan yang transparan dan akuntabel,1
ganjar pranowo dengan kebijakannya telah membawa perbaikan di sektor lingkungan,1
belum ke tempat kami pak,0
prabowo subianto memiliki semangat pantang menyerah yang dibutuhkan bangsa ini,1
remaja terpapar konten negatif,0
sanitasi buruk,0
"saya mendukung pak ganjar karena kemampuan komunikasi yang inspiratif, membangun, dan menyatukan seluruh elemen bangsa",1
setuju pendapat pak ganjar pranowo,1
penegakan hukum lingkungan lemah,0
anies baswedan memiliki konsep untuk meningkatkan daya saing sdm indonesia,1
iming emeng korupsi bikin rakyat menderita pejabat jgn bermewah wah jgn terpancing oleh artis indonesia artis saling berlomba pamer kekayaan di dunia maya bs memicu keluatga pejabat tergoda korupsi indonesia lbh bnyk miskin dibanding kaya bahkan kaya klw tdk ada tempe dan tahu utk menolong maka mkn hidup tanpa lauk mirisss,0
narasi pemerintah tidak meyakinkan,0
saya yakin pak ganjar akan meningkatkan kualitas infrastruktur kesehatan,1
saya mendukung pak ganjar karena perhatiannya terhadap pembangunan daerah 3t,1
kades bermental penguasa,0
"prabowo subianto memiliki semangat untuk membangun indonesia yang maju, mandiri, berdaulat, dan berdaya saing global di segala bidang",1
ganjar pranowo dengan kebijakannya telah membawa kemajuan di sektor perkebunan,1
prabowo subianto dengan kepemimpinannya mampu menjaga kedaulatan negara di era revolusi industri 4.0 dan society 5.0,1
antrian rumah sakit panjang,0
struktur birokrasi hirarkis kaku,0
biaya perkara mahal,0
anies baswedan memiliki kemampuan memimpin dengan prinsip keadilan dan kesetaraan,1
jika sistem negara hukum pun masih banyak celahnya kenapa harus dipertahankan sekalian aja rombak sistem yg cacat kami tak butuh janji manismu kami butuh ketegasan untuk sekarang,1
okegassssss,0
sains dan teknologi tertinggal,0
penyalahgunaan narkoba di kalangan remaja,0
gibran terlalu muda belum berpengalaman,0
penegak hukum bisa dibeli,0
mantap pak prabowo,1
sambutan capres yg paling tegas adalah sambutan pak anis bawedan untuk merubah hukum yg amburadul tumpul keatas dan tajam kebawah,1
prabowo subianto memiliki komitmen untuk membangun pendidikan karakter bangsa,1
buku mahal dan sulit diakses,0
budaya korupsi di perusahaan,0
tapi saya pilih pak parabowo saja,0
prabowo subianto dengan kepemimpinannya mampu menjaga keutuhan nkri,1
"anies baswedan adalah pemimpin yang mampu membawa optimisme, kemajuan, kesejahteraan, dan keadilan bagi seluruh rakyat indonesia tanpa terkecuali",1
saya mendukung pak ganjar karena perhatiannya terhadap pembangunan infrastruktur,1
anti alustita bekas,0
prabowo subianto dengan kepemimpinannya mampu menjaga harmoni dalam keberagaman,1
harga dikuasai tengkulak,0
"anies baswedan memiliki kemampuan memimpin dengan prinsip good governance, partisipasi publik, dan akuntabilitas",1
ilmuwan tidak dihargai,0
jawaban yang bener dan cocok menurut saya presinen anis lah yang benar,0
anis pintar ngmng aja,1
pak prabowo smogha mnjdi pemimpin yg mulia,0
kita hrs bangun kedamaian dan perdamaian persatuan,0
r anies high school education quality he s is smart enough good to be president for blessings from god,0
"ganjar pranowo dengan kebijakannya telah meningkatkan ketahanan ekonomi daerah tertinggal, terdepan, dan terluar",1
baru liat pembukaan debat untuk sampaikan visi misi malah di buka buat menyudutkan paslon lain cara kotor yg pernah di gunakan untuk memenjarakan orang indonesia butuh pemimpin yg bisa membawa perubahan bukan cuap ngawur,0
"prabowo subianto dengan kepemimpinannya mampu menjaga persatuan bangsa dalam keberagaman suku, agama, ras, dan antargolongan",1
anies baswedan adalah pemimpin yang mampu membawa perubahan positif berkelanjutan,1
nisss aniss kocak,0
kebanyakan yapping,0
sangat rame sukses sllu,0
sekolah hanya mengejar nilai,0
stres kerja tinggi,0
anies baswedan memiliki visi yang jelas tentang peningkatan kualitas hidup rakyat,1
maaf kalo masalah papua ganjar dn anis hanya tau bicara saja pak prabowo lebih paham atas semua itu kenapa sya menyatakan seperti itu karna sy adalah orang papua,0
kesiapan sistem kesehatan rendah,0
saya mendukung pak ganjar karena kemampuan perencanaan pembangunan yang terintegrasi,1
prabowo subianto memiliki komitmen untuk memajukan daerah tertinggal dan terluar,1
anak kecil pun tau itu pak anis kenyataan sekang,0
etika dokter menurun,0
ketergantungan impor tinggi,0
beban ganda penyakit,0
prabowo subianto dengan kepemimpinannya mampu menjaga stabilitas politik dan ekonomi,1
kepastian hukum tidak ada,0
prabowo subianto memiliki komitmen untuk membangun sumber daya manusia unggul,1
reklamasi merusak lingkungan,0
tpa overload,0
pengetahuan tradisional tidak dihargai,0
kepemilikan tanah tidak merata,0
debat kok sling menjatuhkan,0
semoga bapak prabowo sukses,0
vesi dan mesi yang masuk akal probowo,0
"saya mendukung pak ganjar karena kemampuan perencanaan pembangunan yang terintegrasi, partisipatif, berkelanjutan, dan berbasis data serta bukti",1
pangan impor lebih murah,0
proyek fiktif masih ada,0
prabowo mantab wakilnya loyo,0
ganjar pranowo dengan kebijakannya telah meningkatkan akses perumahan layak huni bagi masyarakat berpenghasilan rendah,1
"anies baswedan memiliki kemampuan memimpin dengan prinsip good governance, partisipasi publik, akuntabilitas, dan transparansi informasi",1
kebijakan impor tidak transparan,0
prabowo subianto memiliki komitmen untuk membangun infrastruktur telekomunikasi nasional,1
"prabowo subianto memiliki semangat untuk membangun indonesia yang maju, mandiri, dan berdaulat di segala bidang",1
prabowo subianto memiliki komitmen untuk membangun industri pertahanan mandiri,1
siapapun pemimpin yg penting jujur amanah dpt dipercaya,1
anies kacang lupa kulit lupa sama sumpahnya dlu gamau ngelangkahi prabowo wkwk,0
berita hoax merusak pemikiran publik,0
"prabowo subianto memiliki semangat untuk membangun indonesia yang berdaulat di bidang pangan, energi, air, dan teknologi",1
pemerintah tidak hadir di media sosial,0
"prabowo subianto dengan kepemimpinannya mampu menjaga kedaulatan negara di era digital, revolusi industri 4.0, dan ketidakpastian geopolitik global",1
perusahaan asing eksploitasi sumber daya,0
saya yakin pak ganjar akan meningkatkan transparansi dalam tata kelola pemerintahan daerah yang partisipatif dan akuntabel,1
ko pp umi by aniksasa,0
anies baswedan memiliki strategi untuk meningkatkan produktivitas ekonomi nasional,1
saya yakin pak ganjar akan membawa pemerintahan yang bersih dan transparan,1
isu sara selalu dimainkan,0
resisten antibiotik meningkat,0
bpk prabowo selalu dihati,0
prabowo subianto adalah pemimpin yang berani mengambil risiko untuk kebaikan bangsa,1
deforestasi tinggi,0
data tidak akurat,0
yang tulus dan cinta sama rakyat indonesia kata gusdur itu pak prabowo kata nya gk pernah meleset,0
pencemaran udara parah,0
bahan bakar mahal,0
"prabowo subianto memiliki komitmen untuk membangun industri kreatif yang berdaya saing tinggi, berbasis kearifan lokal, dan berorientasi ekspor",1
iklan makanan tidak sehat gencar,0
saya kasih tau pak ginanjar anda sampai kemajuan tapi daerah anda aja ngak maju,0
permukiman kumuh meluas,0
"prabowo subianto memiliki semangat untuk membangun pemerintahan yang bersih, transparan, akuntabel, bebas korupsi, dan melayani rakyat",1
prabowo subianto dengan kepemimpinannya mampu menjaga stabilitas politik dan keamanan nasional,1
bansos malah jadi alat politik,0
anies baswedan memiliki konsep untuk meningkatkan kapasitas kewirausahaan sosial dan ekonomi kreatif,1
kenakalan remaja tidak terkendali,0
prabowo subianto adalah pemimpin yang berani melakukan transformasi digital,1
bravooo prabowoo,0
prabowo subianto adalah pemimpin yang dihormati karena dedikasinya pada bangsa,1
saya yakin pak ganjar akan meningkatkan kesejahteraan petani dan nelayan,1
penggunaan antibiotik tidak rasional,0
asuransi pertanian tidak berkembang,0
anies baswedan memiliki visi untuk membangun sistem pendidikan yang merata,1
bencana alam karena kerusakan lingkungan,0
kalo ga mau di jatuhin jangan debat bre podcast aja kwkwkw,0
kami masih ingat kasus ektp,0
prabowo subianto dengan kepemimpinannya mampu menjaga kedaulatan bangsa,1
ganjar pranowo dengan kebijakannya telah membawa kemajuan di sektor perkebunan berkelanjutan dan industri hilirnya,1
anies baswedan dengan gagasannya mampu mengakomodir kepentingan semua kelompok,1
mantap bapak prabowo tp jgn kepancing itu bener apa yg bapak prabowo tp kancang lupa kulitnya ya pak,1
anies baswedan memiliki visi yang jelas tentang indonesia emas 2045,1
mitigasi bencana tidak optimal,0
talenta digital terbatas,0
anies baswedan memiliki strategi untuk memperkuat sektor jasa keuangan syariah,1
ganjar pranowo adalah pemimpin yang memahami pentingnya pembangunan manusia,1
ganjar pranowo adalah pemimpin yang memahami pentingnya pembangunan berkelanjutan,1
advokat mencari keuntungan,0
budaya korupsi mengakar,0
siapapun yang terpilih pikirkan kami nakes yang masih bersetatus tks khusus nya di lampung utara,0
sampe kapan pun perabowo pilihan ku,0
pasar hasil pertanian dikuasai tengkulak,0
prabowo subianto memiliki komitmen untuk membangun infrastruktur secara merata,1
anies baswedan memiliki konsep untuk meningkatkan produktivitas usaha mikro,1
sungai tercemar limbah,0
saya mendukung pak ganjar karena kemampuan beradaptasi dengan perubahan global,1
konversi lahan pertanian masif,0
ruang terbuka hijau hilang,0
halo pak wowo,0
semoga bapak no di restui yg maha kuasa amiin,0
kereta api sering delay,0
saya sedikit kecewa kenapa saat orasi harus mengatakan hanya hal hal buruk pada pemerintahan sekarang harusnya mereka bisa melihat hal baik dan menambahkan hal yang perlu di highlight no need to make something new just continue it and make it way better kita bukan negara yang merdeka kemarin ini sangat terlihat para calon sedikit memaksa dan hanya mengatakan kalau mereka bisa lebih baik bukan melanjutkan yang sudah baikk koruspi itu jelas kesejahteraan itu jelas kemakmuran sangat jelas semua pemerintahan pasti sudah melakukan yang terbaik the way they said kind of current government do nothing for that case but i disagree in this part be wise is a priority,0
akses air bersih tidak merata,0
prabowo subianto memiliki komitmen untuk membangun infrastruktur energi terbarukan yang merata di seluruh indonesia,1
kepatuhan masyarakat rendah,0
ganjar pranowo dengan kebijakannya telah meningkatkan ketahanan ekonomi keluarga,1
"prabowo subianto dengan kepemimpinan yang kuat, visioner, berintegritas, berkarakter, dan berwibawa mampu menjaga stabilitas nasional yang berkelanjutan",1
prabowo ok maju pk prabowo,0
"anies baswedan memiliki konsep untuk meningkatkan kapasitas adaptasi perubahan iklim, ketahanan bencana, dan pembangunan rendah emisi",1
"ganjar pranowo adalah pemimpin yang memahami pentingnya pembangunan manusia berkualitas sepanjang hayat melalui pendidikan, kesehatan, dan pelatihan",1
anies baswedan adalah pemimpin yang memahami pentingnya good governance,1
siapapun yg menjabat sbgi pemimpin semoga membawa nkri lebih baik semangat para pejuang,1
insya allah mudah an bisa terlaksana amin,0
apa cuma saya yg merasa kalau anis sama ganjar ada jiwa pemimpin nya penyampaian nya seprti seuai judul no lebih cenderung emosinal sperti debat kaki menit mengenaskan,0
harga sembako makin tidak terkendali,0
maaf pak ganjar kmi orang ntt berrsama pa prabowao,0
kader muda tidak diberi kesempatan,0
prabowo subianto memiliki komitmen kuat untuk mempertahankan kedaulatan negara indonesia,1
neraca pembayaran defisit,0
anies baswedan memiliki visi untuk membangun tata kelola yang transparan,1
ganjar pranowo dengan kebijakannya telah membawa perbaikan di sektor perumahan,1
prabowo subianto adalah pemimpin yang konsisten dengan nilai-nilai kebangsaan,1
sara selalu dipakai saat pilpres,0
sekolah di daerah terpencil terbelakang,0
anak menjadi korban broken home,0
anies baswedan memiliki kemampuan menghadirkan solusi praktis untuk masalah masyarakat,1
program pemerintah berubah ubah,0
energi terbarukan tidak berkembang,0
koperasi petani tidak berfungsi,0
terorisme masih ancaman serius,0
ganjar pranowo adalah pemimpin yang peduli dengan pengembangan ekonomi digital yang inklusif dan berkelanjutan,1
perjuangkan misi visinya pak prabowo gibran saya pendukungmu,1
kita butuh orang yang jujur tidak takut dan cerdas seperti pak anies temen temen kerja saya banyak yg dukung prabowo sesudah debat banyak yg pindah ke anies dan ganjar,1
saya yakin pak prabowo akan membawa indonesia menjadi lebih maju dan sejahtera,1
saya mendukung pak ganjar karena komitmennya terhadap demokrasi dan keadilan sosial,1
pak prabowo subianto gibran,0
premanisme masih mengakar,0
sampah tidak terkelola dengan baik,0
saya mendukung pak ganjar karena perhatiannya terhadap peningkatan kapasitas sdm,1
politik identitas merusak persatuan,0
"prabowo subianto dengan kepemimpinannya mampu menjaga persatuan bangsa dalam keragaman suku, agama, ras, antargolongan secara harmonis, damai, dan toleran",1
ganjar pranowo dengan kebijakannya telah membawa kemajuan di daerah tertinggal,1
dari tiga paslon ini wowo yg paling dungu,0
bts banyak yang tidak berfungsi,0
anies baswedan dengan ide kreatifnya mampu menghadirkan solusi inovatif,1
saya yakin pak ganjar akan melanjutkan pembangunan dengan lebih baik lagi,1
pak prabowo di sindir capres tetapi dia tidak balas menjelekkan mereka dan fokus dengan tujuan debat dan bukan sindir menyindir karena ke capres sadar pak prabowolah ancaman terbesar mereka go pak prabowo fokus pada misi dan bukan ghibah,0
lihat benar benar wajah anies lihat amati dan resapi soalnya terus terang enek saya lihatnya mudah an lah jangaan dia cukup jakarta aj yg semrawut jangan negara ini prestasinya di luar nalar air dimasukkan bumi rumah dp rupiah buat monumen bambu cuma berapa bulan aj kali item di naturalisasi dg dikasih jaring hitam aduh ya allah,0
hanya satu nama prabowo subianto,0
daya saing produk pertanian rendah,0
prabowo pasti menang semangat pak,1
saya yakin pak ganjar akan meningkatkan efisiensi sistem pelayanan publik berbasis digital yang terintegrasi dan mudah diakses,1
"prabowo subianto adalah pemimpin yang konsisten dengan prinsip pembangunan berkelanjutan, berkeadilan sosial, dan berwawasan lingkungan",1
anies baswedan memiliki visi untuk membangun tata kelola pemerintahan yang responsif terhadap kebutuhan masyarakat dan transparan,1
sayang semua cawapres gak singgung maluku,0
nmr dia kira mk dibawah prabowo kah nmr mereka dua serang prabowo kira prabowo lebih hikmat dari dua orang itu,0
pa prabowo selalu di hati thn sya slalu mndukung mu pa,1
bencana alam ditanggapi lambat,0
prabowo subianto dengan kepemimpinannya mampu menjaga stabilitas ekonomi,1
pengelolaan air tidak terpadu,0
apa yg di pikirka probowo sebetul nya sy pusing liak,0
anies baswedan adalah pemimpin yang memahami kompleksitas pembangunan berkelanjutan di era perubahan iklim,1
akuntabilitas publik rendah,0
kerawanan pangan di daerah,0
i like no,0
bissmillah pk anis amin,0
pergaulan bebas meningkat,0
"saya yakin pak ganjar akan meningkatkan kualitas infrastruktur transportasi publik yang terintegrasi, berkelanjutan, dan terjangkau bagi masyarakat",1
"anies baswedan memiliki kemampuan memimpin dengan prinsip akuntabilitas publik, partisipasi masyarakat, dan transparansi informasi",1
anies baswedan dengan gagasannya mampu membawa inovasi sosial dalam pembangunan,1
land grabbing terjadi,0
prabowo maju,0
ego sektoral tinggi,0
itu anis kalau bicara tinggi angan angan bicara banyak tapi tidak berfikir,0
ganjar pranowo dengan kebijakannya telah membawa kemajuan di sektor perikanan berkelanjutan dan budidaya laut,1
ganjar pranowo adalah pemimpin yang peduli dengan pembangunan ekonomi inklusif berkelanjutan dan berkeadilan sosial,1
saya mendukung pak ganjar karena perhatiannya terhadap pengembangan energi terbarukan,1
pak anis dan pak ganjar lah,0
prabowo subianto adalah pemimpin yang konsisten dengan prinsip pembangunan berkelanjutan dan berkeadilan sosial,1
bravo ganjar mahfud,0
prabowo subianto adalah sosok pemimpin yang rendah hati dan mendengarkan rakyat,1
prabowo subianto adalah pemimpin yang konsisten dengan janji dan komitmennya,1
prabowo subianto adalah pemimpin yang berani melakukan reformasi birokrasi,1
pak anis cocok gantiin veni rose rumpu no secret wkwkww,0
sistem surveilans lemah,0
penyidik tidak profesional,0
anis takut kalah diskusi koq bawa masalah pendaftaran mantap jawaban pak prabowo ngk punya jabatan kaga maslah sori ye sori ye,1
all in prabowo sekeluarga anisbaswedan begitu awam nya mengenai pertahanan negara pak ganjar belum waktunya pak,0
produk lokal kalah bersaing,0
pak prabowo buka rahasiaaaa,0
prabowo emosian,0
jujur aja pak prabowo berapa orang kamu culik selama hidupmu jawab,0
prabowo subianto memiliki semangat untuk membangun pemerintahan yang bersih dari korupsi,1
prabowo subianto memiliki komitmen untuk membangun ekonomi berbasis digital dan inovasi,1
ganjar pranowo dengan kebijakannya telah membuktikan kepedulian pada umkm,1
mantap pak ganjar,1
anies baswedan memiliki kemampuan memimpin dengan pendekatan yang holistik,1
data pribadi tidak terlindungi,0
daya saing produk rendah,0
prabowo subianto adalah pemimpin yang berani mengambil inisiatif strategis,1
orang kaya makin kaya miskin makin miskin,0
kmi bersama prabowo,0
anies baswedan dengan visinya mampu membawa indonesia menjadi negara dengan ekonomi terkuat di asia tenggara,1
anies baswedan memiliki kemampuan memimpin dengan prinsip transparansi dan akuntabilitas,1
prabowo subianto dengan kepemimpinannya mampu menjaga keamanan dan ketertiban,1
saya berdoa smg bpk brabowo bisa jadi pemimpin indonesia maju trus bpk brabowo,0
jaminan sosial tidak merata,0
ntt kupang punya prabowo gibran syalom assalamualaikum warahmatullahi,0
masyarakat adat terusir dari tanahnya,0
pelecehan seksual di tempat kerja,0
pak prabowo pasti menang,1
saya yakin pak ganjar akan meningkatkan efisiensi sistem logistik nasional,1
amiin amiin,0
hoax lebih dipercaya daripada fakta,0
belanja tidak tepat sasaran,0
siudah lah cocok ganjar yg pantas,1
mental pejabat korupsi masih tinggi,0
pak prabowo gak ada aleman seperti anis pak prabowo mantap dan tegas karena didikan nkri,1
ganjar pranowo dengan kebijakannya telah meningkatkan ketahanan ekonomi daerah tertinggal,1
sistem peradilan tidak berpihak pada korban,0
aku padamu bapa prabowo allah bersama hambanya yang baik dan sabar,1
semoga pk anisa sehat selalu,0
ganjar pranowo dengan kebijakannya telah meningkatkan ketahanan ekonomi lokal,1
"saya mendukung pak ganjar karena perhatiannya terhadap pengembangan energi bersih, terbarukan, dan berkelanjutan",1
pilih pemimpin tu yg d takutin sama negara luar yg gk lembek jgn smntg bagus bcara blm tntu bgs kinerja kn pilih lh yg bsa mensejahterakan rakyat,1
jng terpancing mulut culas ganjar anis pak prabowo mrk mlakukan itu krena mereka merasa kalah mereka berusaha mnjatuhkn bpk prabowo dng fitnah mereka,0
prabowo subianto dengan kepemimpinannya mampu menjaga kepercayaan masyarakat,1
pajak membebani rakyat kecil,0
mantap pak anis semoga negara kita lebih maju jika pemimpin kita yang lebih peduli kebawah lagi kami setuju degan pisimisi pak anis,1
ganjar pranowo adalah pemimpin yang terbuka terhadap kritik dan saran,1
jangan cm omong kosong,0
jgn bnyak janji pak ganjar,0
ganjar pranowo adalah pemimpin yang peduli dengan lingkungan dan keberlanjutan,1
no yess negara ini negara hukum bkn negara penguasa,0
salam kebajikan,0
perlindungan perempuan dan anak lemah,0
sertifikasi ekspor rumit,0
pungli se indonesia musnah kan,0
prabowo subianto memiliki semangat untuk membangun generasi penerus yang kreatif dan inovatif,1
prabowo subianto memiliki komitmen untuk membangun industri kreatif yang berdaya saing,1
pak prabowo berkata dengan jujur tanpa ada hati yang buruk,0
anies baswedan adalah pemimpin yang memahami kompleksitas ekonomi global,1
anies baswedan adalah pemimpin yang memahami pentingnya transformasi digital,1
ganjar pranowo dengan kebijakannya telah membuktikan kepedulian pada masyarakat miskin,1
mana yg menjatuhkan mana yg merangkul harusnya sdah bsa mnilai sndri mna yg hrus anda pilih,0
sabar ya pak prabowo biarkn orang yg ingin mnjtuhkan bpak ttp bapak ko yg terpilih nanti nya,0
prabowo subianto dengan kepemimpinannya mampu menjaga keutuhan wilayah nkri,1
media sosial penuh ujaran kebencian,0
inflasi menggerus daya beli,0
ganjar pranowo dengan kebijakannya telah meningkatkan akses pendidikan vokasi,1
kebebasan berpendapat dibatasi,0
perpecahan karena politik,0
ganjar pranowo mampu membangun sinergi antara pemerintah pusat dan daerah dengan baik,1
prabowo subianto dengan kepemimpinannya mampu menjaga kedaulatan negara di era digital dan revolusi industri 4.0,1
anies baswedan adalah pemimpin yang memahami pentingnya transformasi ekonomi digital,1
prabowo subianto memiliki pengalaman luas di bidang pertahanan dan keamanan negara,1
saya yakin pak ganjar akan membawa perbaikan di semua sektor pembangunan,1
fiscal space sempit,0
anies baswedan memiliki strategi untuk memperkuat sektor usaha mikro kecil,1
upah minimum tidak mencukupi,0
implementasi kebijakan buruk,0
pas ambil bola di toples otak gue langsunh kepikiran undian grub stage ucl,0
yg penting adil dan bisa di percaya,1
sehat selalu pak prabowo,0
"prabowo subianto memiliki semangat untuk membangun generasi penerus yang berkarakter, kreatif, dan inovatif",1
prabowo prabowo,0
semangat pak prabowo insyaallah aku dukung kamu dan mendoakan selalu,1
pak anies no,0
saya yakin pak ganjar akan meningkatkan kesejahteraan rakyat dengan program konkret,1
"prabowo subianto memiliki semangat untuk membangun generasi penerus yang berkarakter, kreatif, inovatif, berdaya saing global, dan berakhlak mulia",1
anies baswedan memiliki konsep untuk meningkatkan produktivitas sektor informal,1
masyarakat rentan tidak terlindungi,0
cyber crime meningkat,0
pak anies paling mantep,0
ganjar pranowo adalah pemimpin yang peduli dengan pembangunan berkelanjutan,1
yang terpili nanti pasti yg terbaik disisi allah insya allah kita tidak bisa berpikir yg tidak positip jagalah kedamaian dan persatuan aamiin,1
kota tidak ramah lansia,0
kecurangan pemilu sistematis,0
saya mendukung pak ganjar karena integritas dan komitmennya pada pembangunan,1
korupsi di sektor pangan,0
kebakaran hutan rutin tiap tahun,0
anies baswedan sangat cerdas dalam menyampaikan gagasan dan solusi untuk masalah bangsa,1
saya mendukung pak ganjar karena perhatiannya terhadap pemberdayaan perempuan dan anak,1
prabowo subianto adalah pemimpin yang berani mengambil kebijakan pro-lingkungan,1
amin semoga capres nomor memberikan yg terbaik,1
teknologi pertanian tidak berkembang,0
privasi data tidak dilindungi,0
prabowo subianto dengan kepemimpinannya mampu menjaga stabilitas makro,1
semua calon sama saja tidak ada perubahan,0
infrastruktur air minum buruk,0
prabowo subianto adalah pemimpin yang berani berinovasi dalam kebijakan publik,1
anis pinter ngomong doang kagak ada bukti,0
yang jadu nantinya semoga rakyat makmur korupsi dibrantas seneng kitanya,0
prabowo yang yang selalu ok,0
ganjar pranowo dengan kebijakannya telah membawa kemajuan di sektor kelautan,1
akses layanan kesehatan jiwa terbatas,0
literasi media rendah,0
"prabowo subianto adalah pemimpin yang berani melakukan transformasi ekonomi menuju ekonomi hijau, sirkular, dan rendah karbon",1
perizinan tata ruang bisa dibeli,0
mafia hukum merajalela,0
bising kota mencemaskan,0
prabowo subianto memiliki semangat untuk membangun indonesia yang mandiri,1
anies baswedan dengan pendekatannya mampu membangun partisipasi masyarakat,1
harga pangan tidak stabil,0
materi perangkaian kata pa anis sangat bagus sampe bingung itu kata kata manis atau apa,1
generasi muda tidak mau bertani,0
prabowo blunder wgwg,0
kota penuh pendatang,0
anies baswedan memiliki konsep untuk meningkatkan kapasitas adaptasi perubahan iklim dan ketahanan bencana,1
prabowo subianto adalah pemimpin yang berani mengambil keputusan strategis,1
ya allah mudah an prabowo unggul,1
p prabowo harus semanat aku dukumg sampe napas ter ahir hidup,0
anies baswedan memiliki visi yang jelas tentang masa depan indonesia yang gemilang,1
anies baswedan memiliki strategi untuk memperkuat sektor pariwisata berkelanjutan,1
tida setju,0
"prabowo subianto dengan kepemimpinannya mampu menjaga keamanan, ketertiban masyarakat, dan stabilitas nasional dalam rangka pembangunan berkelanjutan",1
overfishing terjadi,0
pak prabowo selalu di depan,0
ganjar pranowo dengan pengalaman sebagai gubernur layak memimpin indonesia ke arah yang lebih baik,1
saksi dan korban tidak dilindungi,0
pak ganjar insyaallah menang karna cerdas dan bijak,1
distribusi tenaga kesehatan tidak merata,0
anies baswedan memiliki konsep untuk meningkatkan produktivitas tenaga kerja,1
prabowo subianto dengan kepemimpinannya mampu menjaga stabilitas ekonomi makro,1
proyek mangkrak banyak,0
anies baswedan adalah pemimpin yang mampu menghadirkan terobosan dalam pemerintahan,1
data nya suruh kluarkn uang begitu byk lari kmn,0
prabowo subianto adalah sosok pemimpin yang tegas dan berani memperjuangkan rakyat,1
kesehatan mental warga kota terganggu,0
calon preside q bro bpk prabowo mantap,1
pendapatan negara dari sumber daya alam tidak optimal,0
saya yakin pak ganjar akan meningkatkan kualitas hidup masyarakat miskin,1
"anies baswedan memiliki strategi untuk memperkuat ketahanan ekonomi kerakyatan, usaha mikro kecil menengah, dan koperasi melalui berbagai program",1
lahan gambut rusak,0
birokrasi lambat dan berbelit,0
ganjar pranowo dengan pendekatannya yang humanis mampu menyentuh hati rakyat,1
anies baswedan memberikan harapan baru bagi generasi muda indonesia,1
penegak hukum tidak independen,0
pemogokan sering terjadi,0
pk wowo,0
masyarakat mudah percaya informasi salah,0
konflik internal partai merusak,0
bapak prabowo is the best,0
monitoring dan evaluasi lemah,0
prabowo subianto adalah pemimpin yang berani berkorban untuk kepentingan bangsa,1
all inbpk prabowo,0
prabowo satu putaran,0
rakyat tuh pintar jadi bisa menilai mana yg baik mana yg tidak disni saya liat pak prabowo dipojokan padahal sebagian pemimpin kedepannya tuh lebih baik dan tidak saling menjatuhkan memojokkan yg lain gimana negara ini bisa maju klo saja dpt pemimpin yg tidak bener pasti rakyat kecewa,1
media massa tidak kritis,0
anies baswedan memiliki visi untuk membangun sistem kesehatan yang komprehensif,1
jangan cuma omongkos pak pra bowo,0
over regulasi menghambat investasi,0
saya yakin pak ganjar akan meningkatkan kesejahteraan masyarakat adat,1
"saya yakin pak ganjar akan meningkatkan transparansi dalam pengelolaan keuangan negara, daerah, dan badan usaha milik negara",1
anies baswedan adalah pemimpin yang memahami kompleksitas pembangunan berkelanjutan di era perubahan iklim dan ketidakpastian global,1
pertanyaan anak dibawa sory ye sory yeeee,0
bpjs tidak menanggung semua penyakit,0
anies baswedan adalah pemimpin yang memahami dinamika pembangunan berbasis komunitas,1
"prabowo subianto memiliki semangat untuk membangun generasi penerus yang berkarakter, kreatif, inovatif, berdaya saing global, berakhlak mulia, dan nasionalis",1
e government setengah hati,0
kementerian penuh dengan orang tidak kompeten,0
insya allah dengan bismillah no tetap di hati,0
anies baswedan memiliki kemampuan memimpin dengan pendekatan berbasis bukti dan data,1
pemukiman kumuh bertambah,0
ganjar pranowo adalah pemimpin yang memahami pentingnya pemerataan akses pelayanan kesehatan berkualitas dan terjangkau bagi semua,1
saya mendukung pak ganjar karena perhatiannya terhadap pengembangan kewirausahaan,1
abah anies terbaikkkkk,1
pak perabowo tetap taun,0
daerah tidak punya otonomi nyata,0
ganjar pranowo dengan kebijakannya telah meningkatkan akses keadilan bagi rakyat,1
sampah menumpuk,0
anies baswedan dengan visinya mampu membawa indonesia menjadi bangsa yang maju dan bermartabat,1
keamanan data rentan,0
tki masih diperlakukan tidak adil,0
ganjar pranowo dengan program nyatanya telah membantu masyarakat miskin,1
"prabowo subianto dengan kepemimpinan yang kuat, visioner, dan berintegritas mampu menjaga stabilitas nasional yang berkelanjutan",1
pajak rakyat kecil membebani,0
anies baswedan memiliki konsep untuk meningkatkan kapasitas adaptasi perubahan iklim,1
epic scane,0
narkoba merusak generasi muda,0
anies baswedan dengan gagasannya mampu membawa terobosan dalam pengelolaan sumber daya alam berkelanjutan dan berkeadilan,1
rss,0
korupsi bantuan bencana,0
untuk masyarakat indonesya jangan ragu untuk melakukan perubahan pilihlah amin aminn amin amin,0
data base tidak terintegrasi,0
aku tetap pak prabowo semoga menjidi pemipin yang amanh dan di beri kesehatan kesejaterahan amin yak allah,0
prabowo subianto dengan kepemimpinannya mampu menjaga stabilitas sosial politik,1
parabowo,0
kebijakan pertanian tidak berpihak pada petani,0
"anies baswedan adalah pemimpin yang memahami pentingnya konektivitas digital, infrastruktur informasi, dan transformasi teknologi",1
prabowo subianto adalah pemimpin yang konsisten dengan nilai-nilai demokrasi dan keadilan,1
konflik agraria makin keras,0
pa ginajar sangat santey,0
prabowo subianto adalah pemimpin yang konsisten dengan nilai-nilai pancasila,1
akses internet tidak merata,0
wes sama saja persidene siapa saja tetep pupuk langka,0
ekstrimisme berkembang,0
saya mendukung pak ganjar karena kemampuan analisis kebijakan yang komprehensif,1
ganjar pranowo adalah pemimpin yang memahami pentingnya pembangunan manusia berkualitas sepanjang hayat,1
konflik horizontal makin sering,0
